rank,feature,prefix,kind,transform,imputation,na_fraction,accuracy,f1,recall,precision
1,AL_6,AL,numeric,raw,mean,0.8649,0.913,0.95,1.0,0.9048
2,AL_6,AL,numeric,sig4figs,mean,0.8649,0.913,0.95,1.0,0.9048
3,AL_21,AL,numeric,raw,mean,0.5045,0.913,0.95,1.0,0.9048
4,AL_21,AL,numeric,raw,median,0.5045,0.913,0.95,1.0,0.9048
5,AL_21,AL,numeric,sig4figs,mean,0.5045,0.913,0.95,1.0,0.9048
6,AL_21,AL,numeric,sig4figs,median,0.5045,0.913,0.95,1.0,0.9048
7,AL_215,AL,numeric,raw,mean,0.5045,0.913,0.95,1.0,0.9048
8,AL_215,AL,numeric,raw,median,0.5045,0.913,0.95,1.0,0.9048
9,AL_215,AL,numeric,sig4figs,mean,0.5045,0.913,0.95,1.0,0.9048
10,AL_215,AL,numeric,sig4figs,median,0.5045,0.913,0.95,1.0,0.9048
11,AL_16,AL,numeric,raw,mean,0.5045,0.8696,0.9268,1.0,0.8636
12,AL_16,AL,numeric,raw,median,0.5045,0.8696,0.9268,1.0,0.8636
13,AL_16,AL,numeric,sig4figs,mean,0.5045,0.8696,0.9268,1.0,0.8636
14,AL_16,AL,numeric,sig4figs,median,0.5045,0.8696,0.9268,1.0,0.8636
15,AL_23,AL,numeric,significand,mean,0.5045,0.8696,0.9268,1.0,0.8636
16,AL_23,AL,numeric,significand,median,0.5045,0.8696,0.9268,1.0,0.8636
17,AL_32,AL,numeric,significand,mean,0.8649,0.8696,0.9268,1.0,0.8636
18,AL_52,AL,numeric,raw,mean,0.2973,0.8696,0.9268,1.0,0.8636
19,AL_52,AL,numeric,raw,median,0.2973,0.8696,0.9268,1.0,0.8636
20,AL_52,AL,numeric,sig4figs,mean,0.2973,0.8696,0.9268,1.0,0.8636
21,AL_52,AL,numeric,sig4figs,median,0.2973,0.8696,0.9268,1.0,0.8636
22,AL_139,AL,numeric,significand,mean,0.1982,0.8696,0.9268,1.0,0.8636
23,AL_139,AL,numeric,significand,median,0.1982,0.8696,0.9268,1.0,0.8636
24,AL_145,AL,numeric,significand,mean,0.1982,0.8696,0.9268,1.0,0.8636
25,AL_145,AL,numeric,significand,median,0.1982,0.8696,0.9268,1.0,0.8636
26,AL_166,AL,numeric,raw,mean,0.1982,0.8696,0.9268,1.0,0.8636
27,AL_166,AL,numeric,raw,median,0.1982,0.8696,0.9268,1.0,0.8636
28,AL_166,AL,numeric,significand,mean,0.1982,0.8696,0.9268,1.0,0.8636
29,AL_166,AL,numeric,significand,median,0.1982,0.8696,0.9268,1.0,0.8636
30,AL_166,AL,numeric,sig4figs,mean,0.1982,0.8696,0.9268,1.0,0.8636
31,AL_166,AL,numeric,sig4figs,median,0.1982,0.8696,0.9268,1.0,0.8636
32,AL_211,AL,numeric,raw,mean,0.3694,0.8696,0.9268,1.0,0.8636
33,AL_211,AL,numeric,raw,median,0.3694,0.8696,0.9268,1.0,0.8636
34,AL_211,AL,numeric,sig4figs,mean,0.3694,0.8696,0.9268,1.0,0.8636
35,AL_211,AL,numeric,sig4figs,median,0.3694,0.8696,0.9268,1.0,0.8636
36,AL_237,AL,numeric,raw,mean,0.3694,0.8696,0.9268,1.0,0.8636
37,AL_237,AL,numeric,raw,median,0.3694,0.8696,0.9268,1.0,0.8636
38,AL_237,AL,numeric,sig4figs,mean,0.3694,0.8696,0.9268,1.0,0.8636
39,AL_237,AL,numeric,sig4figs,median,0.3694,0.8696,0.9268,1.0,0.8636
40,AL_32,AL,numeric,raw,mean,0.8649,0.8696,0.9231,0.9474,0.9
41,AL_32,AL,numeric,sig4figs,mean,0.8649,0.8696,0.9231,0.9474,0.9
42,AL_34,AL,numeric,significand,mean,0.8649,0.8696,0.9231,0.9474,0.9
43,AL_36,AL,numeric,significand,mean,0.8649,0.8696,0.9231,0.9474,0.9
44,AL_46,AL,numeric,significand,mean,0.2973,0.8696,0.9231,0.9474,0.9
45,AL_46,AL,numeric,significand,median,0.2973,0.8696,0.9231,0.9474,0.9
46,AL_163,AL,numeric,raw,mean,0.1982,0.8696,0.9231,0.9474,0.9
47,AL_163,AL,numeric,raw,median,0.1982,0.8696,0.9231,0.9474,0.9
48,AL_163,AL,numeric,sig4figs,mean,0.1982,0.8696,0.9231,0.9474,0.9
49,AL_163,AL,numeric,sig4figs,median,0.1982,0.8696,0.9231,0.9474,0.9
50,AL_175,AL,numeric,raw,mean,0.1982,0.8696,0.9231,0.9474,0.9
51,AL_175,AL,numeric,raw,median,0.1982,0.8696,0.9231,0.9474,0.9
52,AL_175,AL,numeric,sig4figs,mean,0.1982,0.8696,0.9231,0.9474,0.9
53,AL_175,AL,numeric,sig4figs,median,0.1982,0.8696,0.9231,0.9474,0.9
54,AL_239,AL,numeric,significand,mean,0.3694,0.8696,0.9231,0.9474,0.9
55,AL_239,AL,numeric,significand,median,0.3694,0.8696,0.9231,0.9474,0.9
56,AA_2,AA,categorical,categorical,none,0.0,0.8696,0.9231,0.9474,0.9
57,AL_1,AL,numeric,raw,median,0.8649,0.8261,0.9048,1.0,0.8261
58,AL_1,AL,numeric,significand,mean,0.8649,0.8261,0.9048,1.0,0.8261
59,AL_1,AL,numeric,significand,median,0.8649,0.8261,0.9048,1.0,0.8261
60,AL_1,AL,numeric,sig4figs,median,0.8649,0.8261,0.9048,1.0,0.8261
61,AL_2,AL,numeric,raw,mean,0.8649,0.8261,0.9048,1.0,0.8261
62,AL_2,AL,numeric,raw,median,0.8649,0.8261,0.9048,1.0,0.8261
63,AL_2,AL,numeric,significand,median,0.8649,0.8261,0.9048,1.0,0.8261
64,AL_2,AL,numeric,sig4figs,mean,0.8649,0.8261,0.9048,1.0,0.8261
65,AL_2,AL,numeric,sig4figs,median,0.8649,0.8261,0.9048,1.0,0.8261
66,AL_3,AL,numeric,raw,mean,0.8649,0.8261,0.9048,1.0,0.8261
67,AL_3,AL,numeric,raw,median,0.8649,0.8261,0.9048,1.0,0.8261
68,AL_3,AL,numeric,significand,median,0.8649,0.8261,0.9048,1.0,0.8261
69,AL_3,AL,numeric,sig4figs,mean,0.8649,0.8261,0.9048,1.0,0.8261
70,AL_3,AL,numeric,sig4figs,median,0.8649,0.8261,0.9048,1.0,0.8261
71,AL_4,AL,numeric,raw,median,0.8649,0.8261,0.9048,1.0,0.8261
72,AL_4,AL,numeric,significand,mean,0.8649,0.8261,0.9048,1.0,0.8261
73,AL_4,AL,numeric,significand,median,0.8649,0.8261,0.9048,1.0,0.8261
74,AL_4,AL,numeric,sig4figs,median,0.8649,0.8261,0.9048,1.0,0.8261
75,AL_5,AL,numeric,raw,median,0.8649,0.8261,0.9048,1.0,0.8261
76,AL_5,AL,numeric,significand,median,0.8649,0.8261,0.9048,1.0,0.8261
77,AL_5,AL,numeric,sig4figs,median,0.8649,0.8261,0.9048,1.0,0.8261
78,AL_6,AL,numeric,raw,median,0.8649,0.8261,0.9048,1.0,0.8261
79,AL_6,AL,numeric,significand,median,0.8649,0.8261,0.9048,1.0,0.8261
80,AL_6,AL,numeric,sig4figs,median,0.8649,0.8261,0.9048,1.0,0.8261
81,AL_8,AL,numeric,raw,mean,0.1532,0.8261,0.9048,1.0,0.8261
82,AL_8,AL,numeric,raw,median,0.1532,0.8261,0.9048,1.0,0.8261
83,AL_8,AL,numeric,sig4figs,mean,0.1532,0.8261,0.9048,1.0,0.8261
84,AL_8,AL,numeric,sig4figs,median,0.1532,0.8261,0.9048,1.0,0.8261
85,AL_11,AL,numeric,significand,mean,0.1532,0.8261,0.9048,1.0,0.8261
86,AL_11,AL,numeric,significand,median,0.1532,0.8261,0.9048,1.0,0.8261
87,AL_17,AL,numeric,raw,median,0.5045,0.8261,0.9048,1.0,0.8261
88,AL_17,AL,numeric,sig4figs,median,0.5045,0.8261,0.9048,1.0,0.8261
89,AL_21,AL,numeric,significand,mean,0.5045,0.8261,0.9048,1.0,0.8261
90,AL_21,AL,numeric,significand,median,0.5045,0.8261,0.9048,1.0,0.8261
91,AL_24,AL,numeric,raw,mean,0.5045,0.8261,0.9048,1.0,0.8261
92,AL_24,AL,numeric,raw,median,0.5045,0.8261,0.9048,1.0,0.8261
93,AL_24,AL,numeric,significand,mean,0.5045,0.8261,0.9048,1.0,0.8261
94,AL_24,AL,numeric,significand,median,0.5045,0.8261,0.9048,1.0,0.8261
95,AL_24,AL,numeric,sig4figs,mean,0.5045,0.8261,0.9048,1.0,0.8261
96,AL_24,AL,numeric,sig4figs,median,0.5045,0.8261,0.9048,1.0,0.8261
97,AL_27,AL,numeric,raw,median,0.8649,0.8261,0.9048,1.0,0.8261
98,AL_27,AL,numeric,significand,mean,0.8649,0.8261,0.9048,1.0,0.8261
99,AL_27,AL,numeric,significand,median,0.8649,0.8261,0.9048,1.0,0.8261
100,AL_27,AL,numeric,sig4figs,median,0.8649,0.8261,0.9048,1.0,0.8261
101,AL_28,AL,numeric,raw,median,0.8649,0.8261,0.9048,1.0,0.8261
102,AL_28,AL,numeric,significand,mean,0.8649,0.8261,0.9048,1.0,0.8261
103,AL_28,AL,numeric,significand,median,0.8649,0.8261,0.9048,1.0,0.8261
104,AL_28,AL,numeric,sig4figs,median,0.8649,0.8261,0.9048,1.0,0.8261
105,AL_29,AL,numeric,raw,mean,0.8649,0.8261,0.9048,1.0,0.8261
106,AL_29,AL,numeric,raw,median,0.8649,0.8261,0.9048,1.0,0.8261
107,AL_29,AL,numeric,significand,mean,0.8649,0.8261,0.9048,1.0,0.8261
108,AL_29,AL,numeric,significand,median,0.8649,0.8261,0.9048,1.0,0.8261
109,AL_29,AL,numeric,sig4figs,mean,0.8649,0.8261,0.9048,1.0,0.8261
110,AL_29,AL,numeric,sig4figs,median,0.8649,0.8261,0.9048,1.0,0.8261
111,AL_30,AL,numeric,raw,median,0.8649,0.8261,0.9048,1.0,0.8261
112,AL_30,AL,numeric,significand,mean,0.8649,0.8261,0.9048,1.0,0.8261
113,AL_30,AL,numeric,significand,median,0.8649,0.8261,0.9048,1.0,0.8261
114,AL_30,AL,numeric,sig4figs,median,0.8649,0.8261,0.9048,1.0,0.8261
115,AL_31,AL,numeric,raw,median,0.8649,0.8261,0.9048,1.0,0.8261
116,AL_31,AL,numeric,significand,median,0.8649,0.8261,0.9048,1.0,0.8261
117,AL_31,AL,numeric,sig4figs,median,0.8649,0.8261,0.9048,1.0,0.8261
118,AL_32,AL,numeric,raw,median,0.8649,0.8261,0.9048,1.0,0.8261
119,AL_32,AL,numeric,significand,median,0.8649,0.8261,0.9048,1.0,0.8261
120,AL_32,AL,numeric,sig4figs,median,0.8649,0.8261,0.9048,1.0,0.8261
121,AL_33,AL,numeric,raw,mean,0.8649,0.8261,0.9048,1.0,0.8261
122,AL_33,AL,numeric,raw,median,0.8649,0.8261,0.9048,1.0,0.8261
123,AL_33,AL,numeric,significand,mean,0.8649,0.8261,0.9048,1.0,0.8261
124,AL_33,AL,numeric,significand,median,0.8649,0.8261,0.9048,1.0,0.8261
125,AL_33,AL,numeric,sig4figs,mean,0.8649,0.8261,0.9048,1.0,0.8261
126,AL_33,AL,numeric,sig4figs,median,0.8649,0.8261,0.9048,1.0,0.8261
127,AL_34,AL,numeric,raw,median,0.8649,0.8261,0.9048,1.0,0.8261
128,AL_34,AL,numeric,significand,median,0.8649,0.8261,0.9048,1.0,0.8261
129,AL_34,AL,numeric,sig4figs,median,0.8649,0.8261,0.9048,1.0,0.8261
130,AL_35,AL,numeric,raw,median,0.8649,0.8261,0.9048,1.0,0.8261
131,AL_35,AL,numeric,significand,median,0.8649,0.8261,0.9048,1.0,0.8261
132,AL_35,AL,numeric,sig4figs,median,0.8649,0.8261,0.9048,1.0,0.8261
133,AL_36,AL,numeric,raw,mean,0.8649,0.8261,0.9048,1.0,0.8261
134,AL_36,AL,numeric,raw,median,0.8649,0.8261,0.9048,1.0,0.8261
135,AL_36,AL,numeric,significand,median,0.8649,0.8261,0.9048,1.0,0.8261
136,AL_36,AL,numeric,sig4figs,mean,0.8649,0.8261,0.9048,1.0,0.8261
137,AL_36,AL,numeric,sig4figs,median,0.8649,0.8261,0.9048,1.0,0.8261
138,AL_37,AL,numeric,raw,mean,0.8649,0.8261,0.9048,1.0,0.8261
139,AL_37,AL,numeric,raw,median,0.8649,0.8261,0.9048,1.0,0.8261
140,AL_37,AL,numeric,significand,mean,0.8649,0.8261,0.9048,1.0,0.8261
141,AL_37,AL,numeric,significand,median,0.8649,0.8261,0.9048,1.0,0.8261
142,AL_37,AL,numeric,sig4figs,mean,0.8649,0.8261,0.9048,1.0,0.8261
143,AL_37,AL,numeric,sig4figs,median,0.8649,0.8261,0.9048,1.0,0.8261
144,AL_38,AL,numeric,raw,median,0.8649,0.8261,0.9048,1.0,0.8261
145,AL_38,AL,numeric,significand,median,0.8649,0.8261,0.9048,1.0,0.8261
146,AL_38,AL,numeric,sig4figs,median,0.8649,0.8261,0.9048,1.0,0.8261
147,AL_39,AL,numeric,raw,mean,0.2973,0.8261,0.9048,1.0,0.8261
148,AL_39,AL,numeric,raw,median,0.2973,0.8261,0.9048,1.0,0.8261
149,AL_39,AL,numeric,significand,mean,0.2973,0.8261,0.9048,1.0,0.8261
150,AL_39,AL,numeric,significand,median,0.2973,0.8261,0.9048,1.0,0.8261
151,AL_39,AL,numeric,sig4figs,mean,0.2973,0.8261,0.9048,1.0,0.8261
152,AL_39,AL,numeric,sig4figs,median,0.2973,0.8261,0.9048,1.0,0.8261
153,AL_41,AL,numeric,raw,mean,0.2973,0.8261,0.9048,1.0,0.8261
154,AL_41,AL,numeric,raw,median,0.2973,0.8261,0.9048,1.0,0.8261
155,AL_41,AL,numeric,significand,mean,0.2973,0.8261,0.9048,1.0,0.8261
156,AL_41,AL,numeric,significand,median,0.2973,0.8261,0.9048,1.0,0.8261
157,AL_41,AL,numeric,sig4figs,mean,0.2973,0.8261,0.9048,1.0,0.8261
158,AL_41,AL,numeric,sig4figs,median,0.2973,0.8261,0.9048,1.0,0.8261
159,AL_42,AL,numeric,raw,mean,0.2973,0.8261,0.9048,1.0,0.8261
160,AL_42,AL,numeric,raw,median,0.2973,0.8261,0.9048,1.0,0.8261
161,AL_42,AL,numeric,significand,mean,0.2973,0.8261,0.9048,1.0,0.8261
162,AL_42,AL,numeric,significand,median,0.2973,0.8261,0.9048,1.0,0.8261
163,AL_42,AL,numeric,sig4figs,mean,0.2973,0.8261,0.9048,1.0,0.8261
164,AL_42,AL,numeric,sig4figs,median,0.2973,0.8261,0.9048,1.0,0.8261
165,AL_43,AL,numeric,raw,mean,0.2973,0.8261,0.9048,1.0,0.8261
166,AL_43,AL,numeric,sig4figs,mean,0.2973,0.8261,0.9048,1.0,0.8261
167,AL_44,AL,numeric,raw,mean,0.2973,0.8261,0.9048,1.0,0.8261
168,AL_44,AL,numeric,raw,median,0.2973,0.8261,0.9048,1.0,0.8261
169,AL_44,AL,numeric,significand,mean,0.2973,0.8261,0.9048,1.0,0.8261
170,AL_44,AL,numeric,significand,median,0.2973,0.8261,0.9048,1.0,0.8261
171,AL_44,AL,numeric,sig4figs,mean,0.2973,0.8261,0.9048,1.0,0.8261
172,AL_44,AL,numeric,sig4figs,median,0.2973,0.8261,0.9048,1.0,0.8261
173,AL_45,AL,numeric,raw,mean,0.2973,0.8261,0.9048,1.0,0.8261
174,AL_45,AL,numeric,raw,median,0.2973,0.8261,0.9048,1.0,0.8261
175,AL_45,AL,numeric,significand,mean,0.2973,0.8261,0.9048,1.0,0.8261
176,AL_45,AL,numeric,significand,median,0.2973,0.8261,0.9048,1.0,0.8261
177,AL_45,AL,numeric,sig4figs,mean,0.2973,0.8261,0.9048,1.0,0.8261
178,AL_45,AL,numeric,sig4figs,median,0.2973,0.8261,0.9048,1.0,0.8261
179,AL_47,AL,numeric,raw,mean,0.2973,0.8261,0.9048,1.0,0.8261
180,AL_47,AL,numeric,raw,median,0.2973,0.8261,0.9048,1.0,0.8261
181,AL_47,AL,numeric,significand,mean,0.2973,0.8261,0.9048,1.0,0.8261
182,AL_47,AL,numeric,significand,median,0.2973,0.8261,0.9048,1.0,0.8261
183,AL_47,AL,numeric,sig4figs,mean,0.2973,0.8261,0.9048,1.0,0.8261
184,AL_47,AL,numeric,sig4figs,median,0.2973,0.8261,0.9048,1.0,0.8261
185,AL_48,AL,numeric,raw,mean,0.2973,0.8261,0.9048,1.0,0.8261
186,AL_48,AL,numeric,raw,median,0.2973,0.8261,0.9048,1.0,0.8261
187,AL_48,AL,numeric,significand,mean,0.2973,0.8261,0.9048,1.0,0.8261
188,AL_48,AL,numeric,significand,median,0.2973,0.8261,0.9048,1.0,0.8261
189,AL_48,AL,numeric,sig4figs,mean,0.2973,0.8261,0.9048,1.0,0.8261
190,AL_48,AL,numeric,sig4figs,median,0.2973,0.8261,0.9048,1.0,0.8261
191,AL_50,AL,numeric,raw,mean,0.2973,0.8261,0.9048,1.0,0.8261
192,AL_50,AL,numeric,raw,median,0.2973,0.8261,0.9048,1.0,0.8261
193,AL_50,AL,numeric,significand,mean,0.2973,0.8261,0.9048,1.0,0.8261
194,AL_50,AL,numeric,significand,median,0.2973,0.8261,0.9048,1.0,0.8261
195,AL_50,AL,numeric,sig4figs,mean,0.2973,0.8261,0.9048,1.0,0.8261
196,AL_50,AL,numeric,sig4figs,median,0.2973,0.8261,0.9048,1.0,0.8261
197,AL_51,AL,numeric,raw,mean,0.2973,0.8261,0.9048,1.0,0.8261
198,AL_51,AL,numeric,raw,median,0.2973,0.8261,0.9048,1.0,0.8261
199,AL_51,AL,numeric,significand,mean,0.2973,0.8261,0.9048,1.0,0.8261
200,AL_51,AL,numeric,significand,median,0.2973,0.8261,0.9048,1.0,0.8261
201,AL_51,AL,numeric,sig4figs,mean,0.2973,0.8261,0.9048,1.0,0.8261
202,AL_51,AL,numeric,sig4figs,median,0.2973,0.8261,0.9048,1.0,0.8261
203,AL_53,AL,numeric,raw,mean,0.2973,0.8261,0.9048,1.0,0.8261
204,AL_53,AL,numeric,raw,median,0.2973,0.8261,0.9048,1.0,0.8261
205,AL_53,AL,numeric,significand,mean,0.2973,0.8261,0.9048,1.0,0.8261
206,AL_53,AL,numeric,significand,median,0.2973,0.8261,0.9048,1.0,0.8261
207,AL_53,AL,numeric,sig4figs,mean,0.2973,0.8261,0.9048,1.0,0.8261
208,AL_53,AL,numeric,sig4figs,median,0.2973,0.8261,0.9048,1.0,0.8261
209,AL_54,AL,numeric,raw,mean,0.2973,0.8261,0.9048,1.0,0.8261
210,AL_54,AL,numeric,raw,median,0.2973,0.8261,0.9048,1.0,0.8261
211,AL_54,AL,numeric,significand,mean,0.2973,0.8261,0.9048,1.0,0.8261
212,AL_54,AL,numeric,significand,median,0.2973,0.8261,0.9048,1.0,0.8261
213,AL_54,AL,numeric,sig4figs,mean,0.2973,0.8261,0.9048,1.0,0.8261
214,AL_54,AL,numeric,sig4figs,median,0.2973,0.8261,0.9048,1.0,0.8261
215,AL_56,AL,numeric,raw,mean,0.2973,0.8261,0.9048,1.0,0.8261
216,AL_56,AL,numeric,raw,median,0.2973,0.8261,0.9048,1.0,0.8261
217,AL_56,AL,numeric,significand,mean,0.2973,0.8261,0.9048,1.0,0.8261
218,AL_56,AL,numeric,significand,median,0.2973,0.8261,0.9048,1.0,0.8261
219,AL_56,AL,numeric,sig4figs,mean,0.2973,0.8261,0.9048,1.0,0.8261
220,AL_56,AL,numeric,sig4figs,median,0.2973,0.8261,0.9048,1.0,0.8261
221,AL_57,AL,numeric,raw,mean,0.2973,0.8261,0.9048,1.0,0.8261
222,AL_57,AL,numeric,raw,median,0.2973,0.8261,0.9048,1.0,0.8261
223,AL_57,AL,numeric,significand,mean,0.2973,0.8261,0.9048,1.0,0.8261
224,AL_57,AL,numeric,significand,median,0.2973,0.8261,0.9048,1.0,0.8261
225,AL_57,AL,numeric,sig4figs,mean,0.2973,0.8261,0.9048,1.0,0.8261
226,AL_57,AL,numeric,sig4figs,median,0.2973,0.8261,0.9048,1.0,0.8261
227,AL_59,AL,numeric,raw,mean,0.2973,0.8261,0.9048,1.0,0.8261
228,AL_59,AL,numeric,raw,median,0.2973,0.8261,0.9048,1.0,0.8261
229,AL_59,AL,numeric,significand,mean,0.2973,0.8261,0.9048,1.0,0.8261
230,AL_59,AL,numeric,significand,median,0.2973,0.8261,0.9048,1.0,0.8261
231,AL_59,AL,numeric,sig4figs,mean,0.2973,0.8261,0.9048,1.0,0.8261
232,AL_59,AL,numeric,sig4figs,median,0.2973,0.8261,0.9048,1.0,0.8261
233,AL_60,AL,numeric,raw,mean,0.2973,0.8261,0.9048,1.0,0.8261
234,AL_60,AL,numeric,raw,median,0.2973,0.8261,0.9048,1.0,0.8261
235,AL_60,AL,numeric,significand,mean,0.2973,0.8261,0.9048,1.0,0.8261
236,AL_60,AL,numeric,significand,median,0.2973,0.8261,0.9048,1.0,0.8261
237,AL_60,AL,numeric,sig4figs,mean,0.2973,0.8261,0.9048,1.0,0.8261
238,AL_60,AL,numeric,sig4figs,median,0.2973,0.8261,0.9048,1.0,0.8261
239,AL_62,AL,numeric,raw,mean,0.2973,0.8261,0.9048,1.0,0.8261
240,AL_62,AL,numeric,raw,median,0.2973,0.8261,0.9048,1.0,0.8261
241,AL_62,AL,numeric,significand,mean,0.2973,0.8261,0.9048,1.0,0.8261
242,AL_62,AL,numeric,significand,median,0.2973,0.8261,0.9048,1.0,0.8261
243,AL_62,AL,numeric,sig4figs,mean,0.2973,0.8261,0.9048,1.0,0.8261
244,AL_62,AL,numeric,sig4figs,median,0.2973,0.8261,0.9048,1.0,0.8261
245,AL_63,AL,numeric,raw,mean,0.2973,0.8261,0.9048,1.0,0.8261
246,AL_63,AL,numeric,raw,median,0.2973,0.8261,0.9048,1.0,0.8261
247,AL_63,AL,numeric,significand,mean,0.2973,0.8261,0.9048,1.0,0.8261
248,AL_63,AL,numeric,significand,median,0.2973,0.8261,0.9048,1.0,0.8261
249,AL_63,AL,numeric,sig4figs,mean,0.2973,0.8261,0.9048,1.0,0.8261
250,AL_63,AL,numeric,sig4figs,median,0.2973,0.8261,0.9048,1.0,0.8261
251,AL_65,AL,numeric,raw,mean,0.2973,0.8261,0.9048,1.0,0.8261
252,AL_65,AL,numeric,raw,median,0.2973,0.8261,0.9048,1.0,0.8261
253,AL_65,AL,numeric,significand,mean,0.2973,0.8261,0.9048,1.0,0.8261
254,AL_65,AL,numeric,significand,median,0.2973,0.8261,0.9048,1.0,0.8261
255,AL_65,AL,numeric,sig4figs,mean,0.2973,0.8261,0.9048,1.0,0.8261
256,AL_65,AL,numeric,sig4figs,median,0.2973,0.8261,0.9048,1.0,0.8261
257,AL_66,AL,numeric,raw,mean,0.2973,0.8261,0.9048,1.0,0.8261
258,AL_66,AL,numeric,raw,median,0.2973,0.8261,0.9048,1.0,0.8261
259,AL_66,AL,numeric,significand,mean,0.2973,0.8261,0.9048,1.0,0.8261
260,AL_66,AL,numeric,significand,median,0.2973,0.8261,0.9048,1.0,0.8261
261,AL_66,AL,numeric,sig4figs,mean,0.2973,0.8261,0.9048,1.0,0.8261
262,AL_66,AL,numeric,sig4figs,median,0.2973,0.8261,0.9048,1.0,0.8261
263,AL_68,AL,numeric,raw,mean,0.2973,0.8261,0.9048,1.0,0.8261
264,AL_68,AL,numeric,raw,median,0.2973,0.8261,0.9048,1.0,0.8261
265,AL_68,AL,numeric,significand,mean,0.2973,0.8261,0.9048,1.0,0.8261
266,AL_68,AL,numeric,significand,median,0.2973,0.8261,0.9048,1.0,0.8261
267,AL_68,AL,numeric,sig4figs,mean,0.2973,0.8261,0.9048,1.0,0.8261
268,AL_68,AL,numeric,sig4figs,median,0.2973,0.8261,0.9048,1.0,0.8261
269,AL_69,AL,numeric,raw,mean,0.2973,0.8261,0.9048,1.0,0.8261
270,AL_69,AL,numeric,raw,median,0.2973,0.8261,0.9048,1.0,0.8261
271,AL_69,AL,numeric,significand,mean,0.2973,0.8261,0.9048,1.0,0.8261
272,AL_69,AL,numeric,significand,median,0.2973,0.8261,0.9048,1.0,0.8261
273,AL_69,AL,numeric,sig4figs,mean,0.2973,0.8261,0.9048,1.0,0.8261
274,AL_69,AL,numeric,sig4figs,median,0.2973,0.8261,0.9048,1.0,0.8261
275,AL_71,AL,numeric,raw,mean,0.2973,0.8261,0.9048,1.0,0.8261
276,AL_71,AL,numeric,raw,median,0.2973,0.8261,0.9048,1.0,0.8261
277,AL_71,AL,numeric,significand,mean,0.2973,0.8261,0.9048,1.0,0.8261
278,AL_71,AL,numeric,significand,median,0.2973,0.8261,0.9048,1.0,0.8261
279,AL_71,AL,numeric,sig4figs,mean,0.2973,0.8261,0.9048,1.0,0.8261
280,AL_71,AL,numeric,sig4figs,median,0.2973,0.8261,0.9048,1.0,0.8261
281,AL_72,AL,numeric,raw,mean,0.2973,0.8261,0.9048,1.0,0.8261
282,AL_72,AL,numeric,raw,median,0.2973,0.8261,0.9048,1.0,0.8261
283,AL_72,AL,numeric,significand,mean,0.2973,0.8261,0.9048,1.0,0.8261
284,AL_72,AL,numeric,significand,median,0.2973,0.8261,0.9048,1.0,0.8261
285,AL_72,AL,numeric,sig4figs,mean,0.2973,0.8261,0.9048,1.0,0.8261
286,AL_72,AL,numeric,sig4figs,median,0.2973,0.8261,0.9048,1.0,0.8261
287,AL_74,AL,numeric,raw,mean,0.2973,0.8261,0.9048,1.0,0.8261
288,AL_74,AL,numeric,raw,median,0.2973,0.8261,0.9048,1.0,0.8261
289,AL_74,AL,numeric,significand,mean,0.2973,0.8261,0.9048,1.0,0.8261
290,AL_74,AL,numeric,significand,median,0.2973,0.8261,0.9048,1.0,0.8261
291,AL_74,AL,numeric,sig4figs,mean,0.2973,0.8261,0.9048,1.0,0.8261
292,AL_74,AL,numeric,sig4figs,median,0.2973,0.8261,0.9048,1.0,0.8261
293,AL_75,AL,numeric,raw,mean,0.3333,0.8261,0.9048,1.0,0.8261
294,AL_75,AL,numeric,raw,median,0.3333,0.8261,0.9048,1.0,0.8261
295,AL_75,AL,numeric,significand,mean,0.3333,0.8261,0.9048,1.0,0.8261
296,AL_75,AL,numeric,significand,median,0.3333,0.8261,0.9048,1.0,0.8261
297,AL_75,AL,numeric,sig4figs,mean,0.3333,0.8261,0.9048,1.0,0.8261
298,AL_75,AL,numeric,sig4figs,median,0.3333,0.8261,0.9048,1.0,0.8261
299,AL_77,AL,numeric,raw,mean,0.3333,0.8261,0.9048,1.0,0.8261
300,AL_77,AL,numeric,raw,median,0.3333,0.8261,0.9048,1.0,0.8261
301,AL_77,AL,numeric,significand,mean,0.3333,0.8261,0.9048,1.0,0.8261
302,AL_77,AL,numeric,significand,median,0.3333,0.8261,0.9048,1.0,0.8261
303,AL_77,AL,numeric,sig4figs,mean,0.3333,0.8261,0.9048,1.0,0.8261
304,AL_77,AL,numeric,sig4figs,median,0.3333,0.8261,0.9048,1.0,0.8261
305,AL_78,AL,numeric,raw,mean,0.3333,0.8261,0.9048,1.0,0.8261
306,AL_78,AL,numeric,raw,median,0.3333,0.8261,0.9048,1.0,0.8261
307,AL_78,AL,numeric,significand,mean,0.3333,0.8261,0.9048,1.0,0.8261
308,AL_78,AL,numeric,significand,median,0.3333,0.8261,0.9048,1.0,0.8261
309,AL_78,AL,numeric,sig4figs,mean,0.3333,0.8261,0.9048,1.0,0.8261
310,AL_78,AL,numeric,sig4figs,median,0.3333,0.8261,0.9048,1.0,0.8261
311,AL_80,AL,numeric,raw,mean,0.3333,0.8261,0.9048,1.0,0.8261
312,AL_80,AL,numeric,raw,median,0.3333,0.8261,0.9048,1.0,0.8261
313,AL_80,AL,numeric,significand,mean,0.3333,0.8261,0.9048,1.0,0.8261
314,AL_80,AL,numeric,significand,median,0.3333,0.8261,0.9048,1.0,0.8261
315,AL_80,AL,numeric,sig4figs,mean,0.3333,0.8261,0.9048,1.0,0.8261
316,AL_80,AL,numeric,sig4figs,median,0.3333,0.8261,0.9048,1.0,0.8261
317,AL_81,AL,numeric,raw,mean,0.3333,0.8261,0.9048,1.0,0.8261
318,AL_81,AL,numeric,raw,median,0.3333,0.8261,0.9048,1.0,0.8261
319,AL_81,AL,numeric,significand,mean,0.3333,0.8261,0.9048,1.0,0.8261
320,AL_81,AL,numeric,significand,median,0.3333,0.8261,0.9048,1.0,0.8261
321,AL_81,AL,numeric,sig4figs,mean,0.3333,0.8261,0.9048,1.0,0.8261
322,AL_81,AL,numeric,sig4figs,median,0.3333,0.8261,0.9048,1.0,0.8261
323,AL_83,AL,numeric,raw,mean,0.3333,0.8261,0.9048,1.0,0.8261
324,AL_83,AL,numeric,raw,median,0.3333,0.8261,0.9048,1.0,0.8261
325,AL_83,AL,numeric,significand,mean,0.3333,0.8261,0.9048,1.0,0.8261
326,AL_83,AL,numeric,significand,median,0.3333,0.8261,0.9048,1.0,0.8261
327,AL_83,AL,numeric,sig4figs,mean,0.3333,0.8261,0.9048,1.0,0.8261
328,AL_83,AL,numeric,sig4figs,median,0.3333,0.8261,0.9048,1.0,0.8261
329,AL_84,AL,numeric,raw,mean,0.3333,0.8261,0.9048,1.0,0.8261
330,AL_84,AL,numeric,raw,median,0.3333,0.8261,0.9048,1.0,0.8261
331,AL_84,AL,numeric,significand,mean,0.3333,0.8261,0.9048,1.0,0.8261
332,AL_84,AL,numeric,significand,median,0.3333,0.8261,0.9048,1.0,0.8261
333,AL_84,AL,numeric,sig4figs,mean,0.3333,0.8261,0.9048,1.0,0.8261
334,AL_84,AL,numeric,sig4figs,median,0.3333,0.8261,0.9048,1.0,0.8261
335,AL_86,AL,numeric,raw,mean,0.3333,0.8261,0.9048,1.0,0.8261
336,AL_86,AL,numeric,raw,median,0.3333,0.8261,0.9048,1.0,0.8261
337,AL_86,AL,numeric,significand,mean,0.3333,0.8261,0.9048,1.0,0.8261
338,AL_86,AL,numeric,significand,median,0.3333,0.8261,0.9048,1.0,0.8261
339,AL_86,AL,numeric,sig4figs,mean,0.3333,0.8261,0.9048,1.0,0.8261
340,AL_86,AL,numeric,sig4figs,median,0.3333,0.8261,0.9048,1.0,0.8261
341,AL_87,AL,numeric,raw,mean,0.3333,0.8261,0.9048,1.0,0.8261
342,AL_87,AL,numeric,raw,median,0.3333,0.8261,0.9048,1.0,0.8261
343,AL_87,AL,numeric,significand,mean,0.3333,0.8261,0.9048,1.0,0.8261
344,AL_87,AL,numeric,significand,median,0.3333,0.8261,0.9048,1.0,0.8261
345,AL_87,AL,numeric,sig4figs,mean,0.3333,0.8261,0.9048,1.0,0.8261
346,AL_87,AL,numeric,sig4figs,median,0.3333,0.8261,0.9048,1.0,0.8261
347,AL_89,AL,numeric,raw,mean,0.3333,0.8261,0.9048,1.0,0.8261
348,AL_89,AL,numeric,raw,median,0.3333,0.8261,0.9048,1.0,0.8261
349,AL_89,AL,numeric,significand,mean,0.3333,0.8261,0.9048,1.0,0.8261
350,AL_89,AL,numeric,significand,median,0.3333,0.8261,0.9048,1.0,0.8261
351,AL_89,AL,numeric,sig4figs,mean,0.3333,0.8261,0.9048,1.0,0.8261
352,AL_89,AL,numeric,sig4figs,median,0.3333,0.8261,0.9048,1.0,0.8261
353,AL_90,AL,numeric,raw,mean,0.3333,0.8261,0.9048,1.0,0.8261
354,AL_90,AL,numeric,raw,median,0.3333,0.8261,0.9048,1.0,0.8261
355,AL_90,AL,numeric,significand,mean,0.3333,0.8261,0.9048,1.0,0.8261
356,AL_90,AL,numeric,significand,median,0.3333,0.8261,0.9048,1.0,0.8261
357,AL_90,AL,numeric,sig4figs,mean,0.3333,0.8261,0.9048,1.0,0.8261
358,AL_90,AL,numeric,sig4figs,median,0.3333,0.8261,0.9048,1.0,0.8261
359,AL_92,AL,numeric,raw,mean,0.3333,0.8261,0.9048,1.0,0.8261
360,AL_92,AL,numeric,raw,median,0.3333,0.8261,0.9048,1.0,0.8261
361,AL_92,AL,numeric,significand,mean,0.3333,0.8261,0.9048,1.0,0.8261
362,AL_92,AL,numeric,significand,median,0.3333,0.8261,0.9048,1.0,0.8261
363,AL_92,AL,numeric,sig4figs,mean,0.3333,0.8261,0.9048,1.0,0.8261
364,AL_92,AL,numeric,sig4figs,median,0.3333,0.8261,0.9048,1.0,0.8261
365,AL_93,AL,numeric,raw,mean,0.3333,0.8261,0.9048,1.0,0.8261
366,AL_93,AL,numeric,raw,median,0.3333,0.8261,0.9048,1.0,0.8261
367,AL_93,AL,numeric,significand,mean,0.3333,0.8261,0.9048,1.0,0.8261
368,AL_93,AL,numeric,significand,median,0.3333,0.8261,0.9048,1.0,0.8261
369,AL_93,AL,numeric,sig4figs,mean,0.3333,0.8261,0.9048,1.0,0.8261
370,AL_93,AL,numeric,sig4figs,median,0.3333,0.8261,0.9048,1.0,0.8261
371,AL_95,AL,numeric,raw,mean,0.3333,0.8261,0.9048,1.0,0.8261
372,AL_95,AL,numeric,raw,median,0.3333,0.8261,0.9048,1.0,0.8261
373,AL_95,AL,numeric,significand,mean,0.3333,0.8261,0.9048,1.0,0.8261
374,AL_95,AL,numeric,significand,median,0.3333,0.8261,0.9048,1.0,0.8261
375,AL_95,AL,numeric,sig4figs,mean,0.3333,0.8261,0.9048,1.0,0.8261
376,AL_95,AL,numeric,sig4figs,median,0.3333,0.8261,0.9048,1.0,0.8261
377,AL_96,AL,numeric,raw,mean,0.3333,0.8261,0.9048,1.0,0.8261
378,AL_96,AL,numeric,raw,median,0.3333,0.8261,0.9048,1.0,0.8261
379,AL_96,AL,numeric,significand,mean,0.3333,0.8261,0.9048,1.0,0.8261
380,AL_96,AL,numeric,significand,median,0.3333,0.8261,0.9048,1.0,0.8261
381,AL_96,AL,numeric,sig4figs,mean,0.3333,0.8261,0.9048,1.0,0.8261
382,AL_96,AL,numeric,sig4figs,median,0.3333,0.8261,0.9048,1.0,0.8261
383,AL_98,AL,numeric,raw,mean,0.3333,0.8261,0.9048,1.0,0.8261
384,AL_98,AL,numeric,raw,median,0.3333,0.8261,0.9048,1.0,0.8261
385,AL_98,AL,numeric,significand,mean,0.3333,0.8261,0.9048,1.0,0.8261
386,AL_98,AL,numeric,significand,median,0.3333,0.8261,0.9048,1.0,0.8261
387,AL_98,AL,numeric,sig4figs,mean,0.3333,0.8261,0.9048,1.0,0.8261
388,AL_98,AL,numeric,sig4figs,median,0.3333,0.8261,0.9048,1.0,0.8261
389,CAT_3,CAT,categorical,categorical,none,0.0,0.8261,0.9048,1.0,0.8261
390,CAT_4,CAT,categorical,categorical,none,0.0,0.8261,0.9048,1.0,0.8261
391,AL_99,AL,numeric,raw,mean,0.1982,0.8261,0.9048,1.0,0.8261
392,AL_99,AL,numeric,raw,median,0.1982,0.8261,0.9048,1.0,0.8261
393,AL_99,AL,numeric,significand,mean,0.1982,0.8261,0.9048,1.0,0.8261
394,AL_99,AL,numeric,significand,median,0.1982,0.8261,0.9048,1.0,0.8261
395,AL_99,AL,numeric,sig4figs,mean,0.1982,0.8261,0.9048,1.0,0.8261
396,AL_99,AL,numeric,sig4figs,median,0.1982,0.8261,0.9048,1.0,0.8261
397,AL_100,AL,numeric,raw,mean,0.1982,0.8261,0.9048,1.0,0.8261
398,AL_100,AL,numeric,raw,median,0.1982,0.8261,0.9048,1.0,0.8261
399,AL_100,AL,numeric,sig4figs,mean,0.1982,0.8261,0.9048,1.0,0.8261
400,AL_100,AL,numeric,sig4figs,median,0.1982,0.8261,0.9048,1.0,0.8261
401,AL_101,AL,numeric,raw,mean,0.1982,0.8261,0.9048,1.0,0.8261
402,AL_101,AL,numeric,raw,median,0.1982,0.8261,0.9048,1.0,0.8261
403,AL_101,AL,numeric,significand,mean,0.1982,0.8261,0.9048,1.0,0.8261
404,AL_101,AL,numeric,significand,median,0.1982,0.8261,0.9048,1.0,0.8261
405,AL_101,AL,numeric,sig4figs,mean,0.1982,0.8261,0.9048,1.0,0.8261
406,AL_101,AL,numeric,sig4figs,median,0.1982,0.8261,0.9048,1.0,0.8261
407,AL_102,AL,numeric,raw,mean,0.1982,0.8261,0.9048,1.0,0.8261
408,AL_102,AL,numeric,raw,median,0.1982,0.8261,0.9048,1.0,0.8261
409,AL_102,AL,numeric,significand,mean,0.1982,0.8261,0.9048,1.0,0.8261
410,AL_102,AL,numeric,significand,median,0.1982,0.8261,0.9048,1.0,0.8261
411,AL_102,AL,numeric,sig4figs,mean,0.1982,0.8261,0.9048,1.0,0.8261
412,AL_102,AL,numeric,sig4figs,median,0.1982,0.8261,0.9048,1.0,0.8261
413,AL_104,AL,numeric,raw,mean,0.1982,0.8261,0.9048,1.0,0.8261
414,AL_104,AL,numeric,raw,median,0.1982,0.8261,0.9048,1.0,0.8261
415,AL_104,AL,numeric,significand,mean,0.1982,0.8261,0.9048,1.0,0.8261
416,AL_104,AL,numeric,significand,median,0.1982,0.8261,0.9048,1.0,0.8261
417,AL_104,AL,numeric,sig4figs,mean,0.1982,0.8261,0.9048,1.0,0.8261
418,AL_104,AL,numeric,sig4figs,median,0.1982,0.8261,0.9048,1.0,0.8261
419,AL_105,AL,numeric,raw,mean,0.1982,0.8261,0.9048,1.0,0.8261
420,AL_105,AL,numeric,raw,median,0.1982,0.8261,0.9048,1.0,0.8261
421,AL_105,AL,numeric,significand,mean,0.1982,0.8261,0.9048,1.0,0.8261
422,AL_105,AL,numeric,significand,median,0.1982,0.8261,0.9048,1.0,0.8261
423,AL_105,AL,numeric,sig4figs,mean,0.1982,0.8261,0.9048,1.0,0.8261
424,AL_105,AL,numeric,sig4figs,median,0.1982,0.8261,0.9048,1.0,0.8261
425,AL_107,AL,numeric,raw,mean,0.1982,0.8261,0.9048,1.0,0.8261
426,AL_107,AL,numeric,raw,median,0.1982,0.8261,0.9048,1.0,0.8261
427,AL_107,AL,numeric,significand,mean,0.1982,0.8261,0.9048,1.0,0.8261
428,AL_107,AL,numeric,significand,median,0.1982,0.8261,0.9048,1.0,0.8261
429,AL_107,AL,numeric,sig4figs,mean,0.1982,0.8261,0.9048,1.0,0.8261
430,AL_107,AL,numeric,sig4figs,median,0.1982,0.8261,0.9048,1.0,0.8261
431,AL_108,AL,numeric,raw,mean,0.1982,0.8261,0.9048,1.0,0.8261
432,AL_108,AL,numeric,raw,median,0.1982,0.8261,0.9048,1.0,0.8261
433,AL_108,AL,numeric,significand,mean,0.1982,0.8261,0.9048,1.0,0.8261
434,AL_108,AL,numeric,significand,median,0.1982,0.8261,0.9048,1.0,0.8261
435,AL_108,AL,numeric,sig4figs,mean,0.1982,0.8261,0.9048,1.0,0.8261
436,AL_108,AL,numeric,sig4figs,median,0.1982,0.8261,0.9048,1.0,0.8261
437,AL_110,AL,numeric,raw,mean,0.1982,0.8261,0.9048,1.0,0.8261
438,AL_110,AL,numeric,raw,median,0.1982,0.8261,0.9048,1.0,0.8261
439,AL_110,AL,numeric,significand,mean,0.1982,0.8261,0.9048,1.0,0.8261
440,AL_110,AL,numeric,significand,median,0.1982,0.8261,0.9048,1.0,0.8261
441,AL_110,AL,numeric,sig4figs,mean,0.1982,0.8261,0.9048,1.0,0.8261
442,AL_110,AL,numeric,sig4figs,median,0.1982,0.8261,0.9048,1.0,0.8261
443,AL_111,AL,numeric,raw,mean,0.1982,0.8261,0.9048,1.0,0.8261
444,AL_111,AL,numeric,raw,median,0.1982,0.8261,0.9048,1.0,0.8261
445,AL_111,AL,numeric,significand,mean,0.1982,0.8261,0.9048,1.0,0.8261
446,AL_111,AL,numeric,significand,median,0.1982,0.8261,0.9048,1.0,0.8261
447,AL_111,AL,numeric,sig4figs,mean,0.1982,0.8261,0.9048,1.0,0.8261
448,AL_111,AL,numeric,sig4figs,median,0.1982,0.8261,0.9048,1.0,0.8261
449,AL_112,AL,numeric,significand,mean,0.1982,0.8261,0.9048,1.0,0.8261
450,AL_112,AL,numeric,significand,median,0.1982,0.8261,0.9048,1.0,0.8261
451,AL_113,AL,numeric,raw,mean,0.1982,0.8261,0.9048,1.0,0.8261
452,AL_113,AL,numeric,raw,median,0.1982,0.8261,0.9048,1.0,0.8261
453,AL_113,AL,numeric,significand,mean,0.1982,0.8261,0.9048,1.0,0.8261
454,AL_113,AL,numeric,significand,median,0.1982,0.8261,0.9048,1.0,0.8261
455,AL_113,AL,numeric,sig4figs,mean,0.1982,0.8261,0.9048,1.0,0.8261
456,AL_113,AL,numeric,sig4figs,median,0.1982,0.8261,0.9048,1.0,0.8261
457,AL_114,AL,numeric,raw,mean,0.1982,0.8261,0.9048,1.0,0.8261
458,AL_114,AL,numeric,raw,median,0.1982,0.8261,0.9048,1.0,0.8261
459,AL_114,AL,numeric,significand,mean,0.1982,0.8261,0.9048,1.0,0.8261
460,AL_114,AL,numeric,significand,median,0.1982,0.8261,0.9048,1.0,0.8261
461,AL_114,AL,numeric,sig4figs,mean,0.1982,0.8261,0.9048,1.0,0.8261
462,AL_114,AL,numeric,sig4figs,median,0.1982,0.8261,0.9048,1.0,0.8261
463,AL_116,AL,numeric,raw,mean,0.1982,0.8261,0.9048,1.0,0.8261
464,AL_116,AL,numeric,raw,median,0.1982,0.8261,0.9048,1.0,0.8261
465,AL_116,AL,numeric,significand,mean,0.1982,0.8261,0.9048,1.0,0.8261
466,AL_116,AL,numeric,significand,median,0.1982,0.8261,0.9048,1.0,0.8261
467,AL_116,AL,numeric,sig4figs,mean,0.1982,0.8261,0.9048,1.0,0.8261
468,AL_116,AL,numeric,sig4figs,median,0.1982,0.8261,0.9048,1.0,0.8261
469,AL_117,AL,numeric,raw,mean,0.1982,0.8261,0.9048,1.0,0.8261
470,AL_117,AL,numeric,raw,median,0.1982,0.8261,0.9048,1.0,0.8261
471,AL_117,AL,numeric,significand,mean,0.1982,0.8261,0.9048,1.0,0.8261
472,AL_117,AL,numeric,significand,median,0.1982,0.8261,0.9048,1.0,0.8261
473,AL_117,AL,numeric,sig4figs,mean,0.1982,0.8261,0.9048,1.0,0.8261
474,AL_117,AL,numeric,sig4figs,median,0.1982,0.8261,0.9048,1.0,0.8261
475,AL_119,AL,numeric,raw,mean,0.1982,0.8261,0.9048,1.0,0.8261
476,AL_119,AL,numeric,raw,median,0.1982,0.8261,0.9048,1.0,0.8261
477,AL_119,AL,numeric,significand,mean,0.1982,0.8261,0.9048,1.0,0.8261
478,AL_119,AL,numeric,significand,median,0.1982,0.8261,0.9048,1.0,0.8261
479,AL_119,AL,numeric,sig4figs,mean,0.1982,0.8261,0.9048,1.0,0.8261
480,AL_119,AL,numeric,sig4figs,median,0.1982,0.8261,0.9048,1.0,0.8261
481,AL_120,AL,numeric,raw,mean,0.1982,0.8261,0.9048,1.0,0.8261
482,AL_120,AL,numeric,raw,median,0.1982,0.8261,0.9048,1.0,0.8261
483,AL_120,AL,numeric,significand,mean,0.1982,0.8261,0.9048,1.0,0.8261
484,AL_120,AL,numeric,significand,median,0.1982,0.8261,0.9048,1.0,0.8261
485,AL_120,AL,numeric,sig4figs,mean,0.1982,0.8261,0.9048,1.0,0.8261
486,AL_120,AL,numeric,sig4figs,median,0.1982,0.8261,0.9048,1.0,0.8261
487,AL_122,AL,numeric,raw,mean,0.1982,0.8261,0.9048,1.0,0.8261
488,AL_122,AL,numeric,raw,median,0.1982,0.8261,0.9048,1.0,0.8261
489,AL_122,AL,numeric,significand,mean,0.1982,0.8261,0.9048,1.0,0.8261
490,AL_122,AL,numeric,significand,median,0.1982,0.8261,0.9048,1.0,0.8261
491,AL_122,AL,numeric,sig4figs,mean,0.1982,0.8261,0.9048,1.0,0.8261
492,AL_122,AL,numeric,sig4figs,median,0.1982,0.8261,0.9048,1.0,0.8261
493,AL_123,AL,numeric,raw,mean,0.1982,0.8261,0.9048,1.0,0.8261
494,AL_123,AL,numeric,raw,median,0.1982,0.8261,0.9048,1.0,0.8261
495,AL_123,AL,numeric,significand,mean,0.1982,0.8261,0.9048,1.0,0.8261
496,AL_123,AL,numeric,significand,median,0.1982,0.8261,0.9048,1.0,0.8261
497,AL_123,AL,numeric,sig4figs,mean,0.1982,0.8261,0.9048,1.0,0.8261
498,AL_123,AL,numeric,sig4figs,median,0.1982,0.8261,0.9048,1.0,0.8261
499,AL_125,AL,numeric,raw,mean,0.1982,0.8261,0.9048,1.0,0.8261
500,AL_125,AL,numeric,raw,median,0.1982,0.8261,0.9048,1.0,0.8261
501,AL_125,AL,numeric,significand,mean,0.1982,0.8261,0.9048,1.0,0.8261
502,AL_125,AL,numeric,significand,median,0.1982,0.8261,0.9048,1.0,0.8261
503,AL_125,AL,numeric,sig4figs,mean,0.1982,0.8261,0.9048,1.0,0.8261
504,AL_125,AL,numeric,sig4figs,median,0.1982,0.8261,0.9048,1.0,0.8261
505,AL_126,AL,numeric,raw,mean,0.1982,0.8261,0.9048,1.0,0.8261
506,AL_126,AL,numeric,raw,median,0.1982,0.8261,0.9048,1.0,0.8261
507,AL_126,AL,numeric,significand,mean,0.1982,0.8261,0.9048,1.0,0.8261
508,AL_126,AL,numeric,significand,median,0.1982,0.8261,0.9048,1.0,0.8261
509,AL_126,AL,numeric,sig4figs,mean,0.1982,0.8261,0.9048,1.0,0.8261
510,AL_126,AL,numeric,sig4figs,median,0.1982,0.8261,0.9048,1.0,0.8261
511,AL_128,AL,numeric,raw,mean,0.1982,0.8261,0.9048,1.0,0.8261
512,AL_128,AL,numeric,raw,median,0.1982,0.8261,0.9048,1.0,0.8261
513,AL_128,AL,numeric,significand,mean,0.1982,0.8261,0.9048,1.0,0.8261
514,AL_128,AL,numeric,significand,median,0.1982,0.8261,0.9048,1.0,0.8261
515,AL_128,AL,numeric,sig4figs,mean,0.1982,0.8261,0.9048,1.0,0.8261
516,AL_128,AL,numeric,sig4figs,median,0.1982,0.8261,0.9048,1.0,0.8261
517,AL_129,AL,numeric,raw,mean,0.1982,0.8261,0.9048,1.0,0.8261
518,AL_129,AL,numeric,raw,median,0.1982,0.8261,0.9048,1.0,0.8261
519,AL_129,AL,numeric,significand,mean,0.1982,0.8261,0.9048,1.0,0.8261
520,AL_129,AL,numeric,significand,median,0.1982,0.8261,0.9048,1.0,0.8261
521,AL_129,AL,numeric,sig4figs,mean,0.1982,0.8261,0.9048,1.0,0.8261
522,AL_129,AL,numeric,sig4figs,median,0.1982,0.8261,0.9048,1.0,0.8261
523,AL_131,AL,numeric,raw,mean,0.1982,0.8261,0.9048,1.0,0.8261
524,AL_131,AL,numeric,raw,median,0.1982,0.8261,0.9048,1.0,0.8261
525,AL_131,AL,numeric,significand,mean,0.1982,0.8261,0.9048,1.0,0.8261
526,AL_131,AL,numeric,significand,median,0.1982,0.8261,0.9048,1.0,0.8261
527,AL_131,AL,numeric,sig4figs,mean,0.1982,0.8261,0.9048,1.0,0.8261
528,AL_131,AL,numeric,sig4figs,median,0.1982,0.8261,0.9048,1.0,0.8261
529,AL_132,AL,numeric,raw,mean,0.1982,0.8261,0.9048,1.0,0.8261
530,AL_132,AL,numeric,raw,median,0.1982,0.8261,0.9048,1.0,0.8261
531,AL_132,AL,numeric,significand,mean,0.1982,0.8261,0.9048,1.0,0.8261
532,AL_132,AL,numeric,significand,median,0.1982,0.8261,0.9048,1.0,0.8261
533,AL_132,AL,numeric,sig4figs,mean,0.1982,0.8261,0.9048,1.0,0.8261
534,AL_132,AL,numeric,sig4figs,median,0.1982,0.8261,0.9048,1.0,0.8261
535,AL_134,AL,numeric,raw,mean,0.1982,0.8261,0.9048,1.0,0.8261
536,AL_134,AL,numeric,raw,median,0.1982,0.8261,0.9048,1.0,0.8261
537,AL_134,AL,numeric,significand,mean,0.1982,0.8261,0.9048,1.0,0.8261
538,AL_134,AL,numeric,significand,median,0.1982,0.8261,0.9048,1.0,0.8261
539,AL_134,AL,numeric,sig4figs,mean,0.1982,0.8261,0.9048,1.0,0.8261
540,AL_134,AL,numeric,sig4figs,median,0.1982,0.8261,0.9048,1.0,0.8261
541,AL_135,AL,numeric,raw,mean,0.1982,0.8261,0.9048,1.0,0.8261
542,AL_135,AL,numeric,raw,median,0.1982,0.8261,0.9048,1.0,0.8261
543,AL_135,AL,numeric,significand,mean,0.1982,0.8261,0.9048,1.0,0.8261
544,AL_135,AL,numeric,significand,median,0.1982,0.8261,0.9048,1.0,0.8261
545,AL_135,AL,numeric,sig4figs,mean,0.1982,0.8261,0.9048,1.0,0.8261
546,AL_135,AL,numeric,sig4figs,median,0.1982,0.8261,0.9048,1.0,0.8261
547,AL_137,AL,numeric,raw,mean,0.1982,0.8261,0.9048,1.0,0.8261
548,AL_137,AL,numeric,raw,median,0.1982,0.8261,0.9048,1.0,0.8261
549,AL_137,AL,numeric,significand,mean,0.1982,0.8261,0.9048,1.0,0.8261
550,AL_137,AL,numeric,significand,median,0.1982,0.8261,0.9048,1.0,0.8261
551,AL_137,AL,numeric,sig4figs,mean,0.1982,0.8261,0.9048,1.0,0.8261
552,AL_137,AL,numeric,sig4figs,median,0.1982,0.8261,0.9048,1.0,0.8261
553,AL_138,AL,numeric,raw,mean,0.1982,0.8261,0.9048,1.0,0.8261
554,AL_138,AL,numeric,raw,median,0.1982,0.8261,0.9048,1.0,0.8261
555,AL_138,AL,numeric,significand,mean,0.1982,0.8261,0.9048,1.0,0.8261
556,AL_138,AL,numeric,significand,median,0.1982,0.8261,0.9048,1.0,0.8261
557,AL_138,AL,numeric,sig4figs,mean,0.1982,0.8261,0.9048,1.0,0.8261
558,AL_138,AL,numeric,sig4figs,median,0.1982,0.8261,0.9048,1.0,0.8261
559,AL_140,AL,numeric,raw,mean,0.1982,0.8261,0.9048,1.0,0.8261
560,AL_140,AL,numeric,raw,median,0.1982,0.8261,0.9048,1.0,0.8261
561,AL_140,AL,numeric,significand,mean,0.1982,0.8261,0.9048,1.0,0.8261
562,AL_140,AL,numeric,significand,median,0.1982,0.8261,0.9048,1.0,0.8261
563,AL_140,AL,numeric,sig4figs,mean,0.1982,0.8261,0.9048,1.0,0.8261
564,AL_140,AL,numeric,sig4figs,median,0.1982,0.8261,0.9048,1.0,0.8261
565,AL_141,AL,numeric,raw,mean,0.1982,0.8261,0.9048,1.0,0.8261
566,AL_141,AL,numeric,raw,median,0.1982,0.8261,0.9048,1.0,0.8261
567,AL_141,AL,numeric,significand,mean,0.1982,0.8261,0.9048,1.0,0.8261
568,AL_141,AL,numeric,significand,median,0.1982,0.8261,0.9048,1.0,0.8261
569,AL_141,AL,numeric,sig4figs,mean,0.1982,0.8261,0.9048,1.0,0.8261
570,AL_141,AL,numeric,sig4figs,median,0.1982,0.8261,0.9048,1.0,0.8261
571,AL_143,AL,numeric,raw,mean,0.1982,0.8261,0.9048,1.0,0.8261
572,AL_143,AL,numeric,raw,median,0.1982,0.8261,0.9048,1.0,0.8261
573,AL_143,AL,numeric,significand,mean,0.1982,0.8261,0.9048,1.0,0.8261
574,AL_143,AL,numeric,significand,median,0.1982,0.8261,0.9048,1.0,0.8261
575,AL_143,AL,numeric,sig4figs,mean,0.1982,0.8261,0.9048,1.0,0.8261
576,AL_143,AL,numeric,sig4figs,median,0.1982,0.8261,0.9048,1.0,0.8261
577,AL_144,AL,numeric,raw,mean,0.1982,0.8261,0.9048,1.0,0.8261
578,AL_144,AL,numeric,raw,median,0.1982,0.8261,0.9048,1.0,0.8261
579,AL_144,AL,numeric,significand,mean,0.1982,0.8261,0.9048,1.0,0.8261
580,AL_144,AL,numeric,significand,median,0.1982,0.8261,0.9048,1.0,0.8261
581,AL_144,AL,numeric,sig4figs,mean,0.1982,0.8261,0.9048,1.0,0.8261
582,AL_144,AL,numeric,sig4figs,median,0.1982,0.8261,0.9048,1.0,0.8261
583,AL_146,AL,numeric,raw,mean,0.1982,0.8261,0.9048,1.0,0.8261
584,AL_146,AL,numeric,raw,median,0.1982,0.8261,0.9048,1.0,0.8261
585,AL_146,AL,numeric,significand,mean,0.1982,0.8261,0.9048,1.0,0.8261
586,AL_146,AL,numeric,significand,median,0.1982,0.8261,0.9048,1.0,0.8261
587,AL_146,AL,numeric,sig4figs,mean,0.1982,0.8261,0.9048,1.0,0.8261
588,AL_146,AL,numeric,sig4figs,median,0.1982,0.8261,0.9048,1.0,0.8261
589,AL_147,AL,numeric,raw,mean,0.1982,0.8261,0.9048,1.0,0.8261
590,AL_147,AL,numeric,raw,median,0.1982,0.8261,0.9048,1.0,0.8261
591,AL_147,AL,numeric,significand,mean,0.1982,0.8261,0.9048,1.0,0.8261
592,AL_147,AL,numeric,significand,median,0.1982,0.8261,0.9048,1.0,0.8261
593,AL_147,AL,numeric,sig4figs,mean,0.1982,0.8261,0.9048,1.0,0.8261
594,AL_147,AL,numeric,sig4figs,median,0.1982,0.8261,0.9048,1.0,0.8261
595,AL_149,AL,numeric,raw,mean,0.1982,0.8261,0.9048,1.0,0.8261
596,AL_149,AL,numeric,raw,median,0.1982,0.8261,0.9048,1.0,0.8261
597,AL_149,AL,numeric,significand,mean,0.1982,0.8261,0.9048,1.0,0.8261
598,AL_149,AL,numeric,significand,median,0.1982,0.8261,0.9048,1.0,0.8261
599,AL_149,AL,numeric,sig4figs,mean,0.1982,0.8261,0.9048,1.0,0.8261
600,AL_149,AL,numeric,sig4figs,median,0.1982,0.8261,0.9048,1.0,0.8261
601,AL_150,AL,numeric,raw,mean,0.1982,0.8261,0.9048,1.0,0.8261
602,AL_150,AL,numeric,raw,median,0.1982,0.8261,0.9048,1.0,0.8261
603,AL_150,AL,numeric,significand,mean,0.1982,0.8261,0.9048,1.0,0.8261
604,AL_150,AL,numeric,significand,median,0.1982,0.8261,0.9048,1.0,0.8261
605,AL_150,AL,numeric,sig4figs,mean,0.1982,0.8261,0.9048,1.0,0.8261
606,AL_150,AL,numeric,sig4figs,median,0.1982,0.8261,0.9048,1.0,0.8261
607,AL_151,AL,numeric,raw,mean,0.1982,0.8261,0.9048,1.0,0.8261
608,AL_151,AL,numeric,raw,median,0.1982,0.8261,0.9048,1.0,0.8261
609,AL_151,AL,numeric,significand,mean,0.1982,0.8261,0.9048,1.0,0.8261
610,AL_151,AL,numeric,significand,median,0.1982,0.8261,0.9048,1.0,0.8261
611,AL_151,AL,numeric,sig4figs,mean,0.1982,0.8261,0.9048,1.0,0.8261
612,AL_151,AL,numeric,sig4figs,median,0.1982,0.8261,0.9048,1.0,0.8261
613,AL_152,AL,numeric,raw,mean,0.1982,0.8261,0.9048,1.0,0.8261
614,AL_152,AL,numeric,raw,median,0.1982,0.8261,0.9048,1.0,0.8261
615,AL_152,AL,numeric,significand,mean,0.1982,0.8261,0.9048,1.0,0.8261
616,AL_152,AL,numeric,significand,median,0.1982,0.8261,0.9048,1.0,0.8261
617,AL_152,AL,numeric,sig4figs,mean,0.1982,0.8261,0.9048,1.0,0.8261
618,AL_152,AL,numeric,sig4figs,median,0.1982,0.8261,0.9048,1.0,0.8261
619,AL_153,AL,numeric,raw,mean,0.1982,0.8261,0.9048,1.0,0.8261
620,AL_153,AL,numeric,raw,median,0.1982,0.8261,0.9048,1.0,0.8261
621,AL_153,AL,numeric,significand,mean,0.1982,0.8261,0.9048,1.0,0.8261
622,AL_153,AL,numeric,significand,median,0.1982,0.8261,0.9048,1.0,0.8261
623,AL_153,AL,numeric,sig4figs,mean,0.1982,0.8261,0.9048,1.0,0.8261
624,AL_153,AL,numeric,sig4figs,median,0.1982,0.8261,0.9048,1.0,0.8261
625,AL_155,AL,numeric,raw,mean,0.1982,0.8261,0.9048,1.0,0.8261
626,AL_155,AL,numeric,raw,median,0.1982,0.8261,0.9048,1.0,0.8261
627,AL_155,AL,numeric,significand,mean,0.1982,0.8261,0.9048,1.0,0.8261
628,AL_155,AL,numeric,significand,median,0.1982,0.8261,0.9048,1.0,0.8261
629,AL_155,AL,numeric,sig4figs,mean,0.1982,0.8261,0.9048,1.0,0.8261
630,AL_155,AL,numeric,sig4figs,median,0.1982,0.8261,0.9048,1.0,0.8261
631,AL_156,AL,numeric,raw,mean,0.1982,0.8261,0.9048,1.0,0.8261
632,AL_156,AL,numeric,raw,median,0.1982,0.8261,0.9048,1.0,0.8261
633,AL_156,AL,numeric,significand,mean,0.1982,0.8261,0.9048,1.0,0.8261
634,AL_156,AL,numeric,significand,median,0.1982,0.8261,0.9048,1.0,0.8261
635,AL_156,AL,numeric,sig4figs,mean,0.1982,0.8261,0.9048,1.0,0.8261
636,AL_156,AL,numeric,sig4figs,median,0.1982,0.8261,0.9048,1.0,0.8261
637,AL_158,AL,numeric,raw,mean,0.1982,0.8261,0.9048,1.0,0.8261
638,AL_158,AL,numeric,raw,median,0.1982,0.8261,0.9048,1.0,0.8261
639,AL_158,AL,numeric,significand,mean,0.1982,0.8261,0.9048,1.0,0.8261
640,AL_158,AL,numeric,significand,median,0.1982,0.8261,0.9048,1.0,0.8261
641,AL_158,AL,numeric,sig4figs,mean,0.1982,0.8261,0.9048,1.0,0.8261
642,AL_158,AL,numeric,sig4figs,median,0.1982,0.8261,0.9048,1.0,0.8261
643,AL_159,AL,numeric,raw,mean,0.1982,0.8261,0.9048,1.0,0.8261
644,AL_159,AL,numeric,raw,median,0.1982,0.8261,0.9048,1.0,0.8261
645,AL_159,AL,numeric,significand,mean,0.1982,0.8261,0.9048,1.0,0.8261
646,AL_159,AL,numeric,significand,median,0.1982,0.8261,0.9048,1.0,0.8261
647,AL_159,AL,numeric,sig4figs,mean,0.1982,0.8261,0.9048,1.0,0.8261
648,AL_159,AL,numeric,sig4figs,median,0.1982,0.8261,0.9048,1.0,0.8261
649,AL_161,AL,numeric,raw,mean,0.1982,0.8261,0.9048,1.0,0.8261
650,AL_161,AL,numeric,raw,median,0.1982,0.8261,0.9048,1.0,0.8261
651,AL_161,AL,numeric,significand,mean,0.1982,0.8261,0.9048,1.0,0.8261
652,AL_161,AL,numeric,significand,median,0.1982,0.8261,0.9048,1.0,0.8261
653,AL_161,AL,numeric,sig4figs,mean,0.1982,0.8261,0.9048,1.0,0.8261
654,AL_161,AL,numeric,sig4figs,median,0.1982,0.8261,0.9048,1.0,0.8261
655,AL_162,AL,numeric,raw,mean,0.1982,0.8261,0.9048,1.0,0.8261
656,AL_162,AL,numeric,raw,median,0.1982,0.8261,0.9048,1.0,0.8261
657,AL_162,AL,numeric,significand,mean,0.1982,0.8261,0.9048,1.0,0.8261
658,AL_162,AL,numeric,significand,median,0.1982,0.8261,0.9048,1.0,0.8261
659,AL_162,AL,numeric,sig4figs,mean,0.1982,0.8261,0.9048,1.0,0.8261
660,AL_162,AL,numeric,sig4figs,median,0.1982,0.8261,0.9048,1.0,0.8261
661,AL_164,AL,numeric,raw,mean,0.1982,0.8261,0.9048,1.0,0.8261
662,AL_164,AL,numeric,raw,median,0.1982,0.8261,0.9048,1.0,0.8261
663,AL_164,AL,numeric,significand,mean,0.1982,0.8261,0.9048,1.0,0.8261
664,AL_164,AL,numeric,significand,median,0.1982,0.8261,0.9048,1.0,0.8261
665,AL_164,AL,numeric,sig4figs,mean,0.1982,0.8261,0.9048,1.0,0.8261
666,AL_164,AL,numeric,sig4figs,median,0.1982,0.8261,0.9048,1.0,0.8261
667,AL_165,AL,numeric,raw,mean,0.1982,0.8261,0.9048,1.0,0.8261
668,AL_165,AL,numeric,raw,median,0.1982,0.8261,0.9048,1.0,0.8261
669,AL_165,AL,numeric,significand,mean,0.1982,0.8261,0.9048,1.0,0.8261
670,AL_165,AL,numeric,significand,median,0.1982,0.8261,0.9048,1.0,0.8261
671,AL_165,AL,numeric,sig4figs,mean,0.1982,0.8261,0.9048,1.0,0.8261
672,AL_165,AL,numeric,sig4figs,median,0.1982,0.8261,0.9048,1.0,0.8261
673,AL_167,AL,numeric,raw,mean,0.1982,0.8261,0.9048,1.0,0.8261
674,AL_167,AL,numeric,raw,median,0.1982,0.8261,0.9048,1.0,0.8261
675,AL_167,AL,numeric,significand,mean,0.1982,0.8261,0.9048,1.0,0.8261
676,AL_167,AL,numeric,significand,median,0.1982,0.8261,0.9048,1.0,0.8261
677,AL_167,AL,numeric,sig4figs,mean,0.1982,0.8261,0.9048,1.0,0.8261
678,AL_167,AL,numeric,sig4figs,median,0.1982,0.8261,0.9048,1.0,0.8261
679,AL_168,AL,numeric,raw,mean,0.1982,0.8261,0.9048,1.0,0.8261
680,AL_168,AL,numeric,raw,median,0.1982,0.8261,0.9048,1.0,0.8261
681,AL_168,AL,numeric,significand,mean,0.1982,0.8261,0.9048,1.0,0.8261
682,AL_168,AL,numeric,significand,median,0.1982,0.8261,0.9048,1.0,0.8261
683,AL_168,AL,numeric,sig4figs,mean,0.1982,0.8261,0.9048,1.0,0.8261
684,AL_168,AL,numeric,sig4figs,median,0.1982,0.8261,0.9048,1.0,0.8261
685,AL_170,AL,numeric,raw,mean,0.1982,0.8261,0.9048,1.0,0.8261
686,AL_170,AL,numeric,raw,median,0.1982,0.8261,0.9048,1.0,0.8261
687,AL_170,AL,numeric,significand,mean,0.1982,0.8261,0.9048,1.0,0.8261
688,AL_170,AL,numeric,significand,median,0.1982,0.8261,0.9048,1.0,0.8261
689,AL_170,AL,numeric,sig4figs,mean,0.1982,0.8261,0.9048,1.0,0.8261
690,AL_170,AL,numeric,sig4figs,median,0.1982,0.8261,0.9048,1.0,0.8261
691,AL_171,AL,numeric,raw,mean,0.1982,0.8261,0.9048,1.0,0.8261
692,AL_171,AL,numeric,raw,median,0.1982,0.8261,0.9048,1.0,0.8261
693,AL_171,AL,numeric,significand,mean,0.1982,0.8261,0.9048,1.0,0.8261
694,AL_171,AL,numeric,significand,median,0.1982,0.8261,0.9048,1.0,0.8261
695,AL_171,AL,numeric,sig4figs,mean,0.1982,0.8261,0.9048,1.0,0.8261
696,AL_171,AL,numeric,sig4figs,median,0.1982,0.8261,0.9048,1.0,0.8261
697,AL_173,AL,numeric,raw,mean,0.1982,0.8261,0.9048,1.0,0.8261
698,AL_173,AL,numeric,raw,median,0.1982,0.8261,0.9048,1.0,0.8261
699,AL_173,AL,numeric,significand,mean,0.1982,0.8261,0.9048,1.0,0.8261
700,AL_173,AL,numeric,significand,median,0.1982,0.8261,0.9048,1.0,0.8261
701,AL_173,AL,numeric,sig4figs,mean,0.1982,0.8261,0.9048,1.0,0.8261
702,AL_173,AL,numeric,sig4figs,median,0.1982,0.8261,0.9048,1.0,0.8261
703,AL_174,AL,numeric,raw,mean,0.1982,0.8261,0.9048,1.0,0.8261
704,AL_174,AL,numeric,raw,median,0.1982,0.8261,0.9048,1.0,0.8261
705,AL_174,AL,numeric,significand,mean,0.1982,0.8261,0.9048,1.0,0.8261
706,AL_174,AL,numeric,significand,median,0.1982,0.8261,0.9048,1.0,0.8261
707,AL_174,AL,numeric,sig4figs,mean,0.1982,0.8261,0.9048,1.0,0.8261
708,AL_174,AL,numeric,sig4figs,median,0.1982,0.8261,0.9048,1.0,0.8261
709,AL_176,AL,numeric,raw,mean,0.1982,0.8261,0.9048,1.0,0.8261
710,AL_176,AL,numeric,raw,median,0.1982,0.8261,0.9048,1.0,0.8261
711,AL_176,AL,numeric,significand,mean,0.1982,0.8261,0.9048,1.0,0.8261
712,AL_176,AL,numeric,significand,median,0.1982,0.8261,0.9048,1.0,0.8261
713,AL_176,AL,numeric,sig4figs,mean,0.1982,0.8261,0.9048,1.0,0.8261
714,AL_176,AL,numeric,sig4figs,median,0.1982,0.8261,0.9048,1.0,0.8261
715,AL_177,AL,numeric,raw,mean,0.1982,0.8261,0.9048,1.0,0.8261
716,AL_177,AL,numeric,raw,median,0.1982,0.8261,0.9048,1.0,0.8261
717,AL_177,AL,numeric,significand,mean,0.1982,0.8261,0.9048,1.0,0.8261
718,AL_177,AL,numeric,significand,median,0.1982,0.8261,0.9048,1.0,0.8261
719,AL_177,AL,numeric,sig4figs,mean,0.1982,0.8261,0.9048,1.0,0.8261
720,AL_177,AL,numeric,sig4figs,median,0.1982,0.8261,0.9048,1.0,0.8261
721,AL_179,AL,numeric,raw,mean,0.1982,0.8261,0.9048,1.0,0.8261
722,AL_179,AL,numeric,raw,median,0.1982,0.8261,0.9048,1.0,0.8261
723,AL_179,AL,numeric,significand,mean,0.1982,0.8261,0.9048,1.0,0.8261
724,AL_179,AL,numeric,significand,median,0.1982,0.8261,0.9048,1.0,0.8261
725,AL_179,AL,numeric,sig4figs,mean,0.1982,0.8261,0.9048,1.0,0.8261
726,AL_179,AL,numeric,sig4figs,median,0.1982,0.8261,0.9048,1.0,0.8261
727,AL_180,AL,numeric,raw,mean,0.1982,0.8261,0.9048,1.0,0.8261
728,AL_180,AL,numeric,raw,median,0.1982,0.8261,0.9048,1.0,0.8261
729,AL_180,AL,numeric,significand,mean,0.1982,0.8261,0.9048,1.0,0.8261
730,AL_180,AL,numeric,significand,median,0.1982,0.8261,0.9048,1.0,0.8261
731,AL_180,AL,numeric,sig4figs,mean,0.1982,0.8261,0.9048,1.0,0.8261
732,AL_180,AL,numeric,sig4figs,median,0.1982,0.8261,0.9048,1.0,0.8261
733,AL_182,AL,numeric,raw,mean,0.1982,0.8261,0.9048,1.0,0.8261
734,AL_182,AL,numeric,raw,median,0.1982,0.8261,0.9048,1.0,0.8261
735,AL_182,AL,numeric,significand,mean,0.1982,0.8261,0.9048,1.0,0.8261
736,AL_182,AL,numeric,significand,median,0.1982,0.8261,0.9048,1.0,0.8261
737,AL_182,AL,numeric,sig4figs,mean,0.1982,0.8261,0.9048,1.0,0.8261
738,AL_182,AL,numeric,sig4figs,median,0.1982,0.8261,0.9048,1.0,0.8261
739,AL_183,AL,numeric,raw,mean,0.4955,0.8261,0.9048,1.0,0.8261
740,AL_183,AL,numeric,raw,median,0.4955,0.8261,0.9048,1.0,0.8261
741,AL_183,AL,numeric,significand,mean,0.4955,0.8261,0.9048,1.0,0.8261
742,AL_183,AL,numeric,significand,median,0.4955,0.8261,0.9048,1.0,0.8261
743,AL_183,AL,numeric,sig4figs,mean,0.4955,0.8261,0.9048,1.0,0.8261
744,AL_183,AL,numeric,sig4figs,median,0.4955,0.8261,0.9048,1.0,0.8261
745,AL_185,AL,numeric,raw,mean,0.4955,0.8261,0.9048,1.0,0.8261
746,AL_185,AL,numeric,raw,median,0.4955,0.8261,0.9048,1.0,0.8261
747,AL_185,AL,numeric,significand,mean,0.4955,0.8261,0.9048,1.0,0.8261
748,AL_185,AL,numeric,significand,median,0.4955,0.8261,0.9048,1.0,0.8261
749,AL_185,AL,numeric,sig4figs,mean,0.4955,0.8261,0.9048,1.0,0.8261
750,AL_185,AL,numeric,sig4figs,median,0.4955,0.8261,0.9048,1.0,0.8261
751,CAT_5,CAT,categorical,categorical,none,0.0,0.8261,0.9048,1.0,0.8261
752,AL_187,AL,numeric,raw,mean,0.3694,0.8261,0.9048,1.0,0.8261
753,AL_187,AL,numeric,raw,median,0.3694,0.8261,0.9048,1.0,0.8261
754,AL_187,AL,numeric,significand,mean,0.3694,0.8261,0.9048,1.0,0.8261
755,AL_187,AL,numeric,significand,median,0.3694,0.8261,0.9048,1.0,0.8261
756,AL_187,AL,numeric,sig4figs,mean,0.3694,0.8261,0.9048,1.0,0.8261
757,AL_187,AL,numeric,sig4figs,median,0.3694,0.8261,0.9048,1.0,0.8261
758,AL_189,AL,numeric,raw,mean,0.3694,0.8261,0.9048,1.0,0.8261
759,AL_189,AL,numeric,raw,median,0.3694,0.8261,0.9048,1.0,0.8261
760,AL_189,AL,numeric,significand,mean,0.3694,0.8261,0.9048,1.0,0.8261
761,AL_189,AL,numeric,significand,median,0.3694,0.8261,0.9048,1.0,0.8261
762,AL_189,AL,numeric,sig4figs,mean,0.3694,0.8261,0.9048,1.0,0.8261
763,AL_189,AL,numeric,sig4figs,median,0.3694,0.8261,0.9048,1.0,0.8261
764,AL_191,AL,numeric,raw,mean,0.3694,0.8261,0.9048,1.0,0.8261
765,AL_191,AL,numeric,raw,median,0.3694,0.8261,0.9048,1.0,0.8261
766,AL_191,AL,numeric,significand,mean,0.3694,0.8261,0.9048,1.0,0.8261
767,AL_191,AL,numeric,significand,median,0.3694,0.8261,0.9048,1.0,0.8261
768,AL_191,AL,numeric,sig4figs,mean,0.3694,0.8261,0.9048,1.0,0.8261
769,AL_191,AL,numeric,sig4figs,median,0.3694,0.8261,0.9048,1.0,0.8261
770,AL_192,AL,numeric,raw,mean,0.3694,0.8261,0.9048,1.0,0.8261
771,AL_192,AL,numeric,raw,median,0.3694,0.8261,0.9048,1.0,0.8261
772,AL_192,AL,numeric,significand,mean,0.3694,0.8261,0.9048,1.0,0.8261
773,AL_192,AL,numeric,significand,median,0.3694,0.8261,0.9048,1.0,0.8261
774,AL_192,AL,numeric,sig4figs,mean,0.3694,0.8261,0.9048,1.0,0.8261
775,AL_192,AL,numeric,sig4figs,median,0.3694,0.8261,0.9048,1.0,0.8261
776,AL_193,AL,numeric,raw,mean,0.3694,0.8261,0.9048,1.0,0.8261
777,AL_193,AL,numeric,raw,median,0.3694,0.8261,0.9048,1.0,0.8261
778,AL_193,AL,numeric,significand,mean,0.3694,0.8261,0.9048,1.0,0.8261
779,AL_193,AL,numeric,significand,median,0.3694,0.8261,0.9048,1.0,0.8261
780,AL_193,AL,numeric,sig4figs,mean,0.3694,0.8261,0.9048,1.0,0.8261
781,AL_193,AL,numeric,sig4figs,median,0.3694,0.8261,0.9048,1.0,0.8261
782,AL_195,AL,numeric,raw,mean,0.3694,0.8261,0.9048,1.0,0.8261
783,AL_195,AL,numeric,raw,median,0.3694,0.8261,0.9048,1.0,0.8261
784,AL_195,AL,numeric,significand,mean,0.3694,0.8261,0.9048,1.0,0.8261
785,AL_195,AL,numeric,significand,median,0.3694,0.8261,0.9048,1.0,0.8261
786,AL_195,AL,numeric,sig4figs,mean,0.3694,0.8261,0.9048,1.0,0.8261
787,AL_195,AL,numeric,sig4figs,median,0.3694,0.8261,0.9048,1.0,0.8261
788,AL_196,AL,numeric,raw,mean,0.3694,0.8261,0.9048,1.0,0.8261
789,AL_196,AL,numeric,raw,median,0.3694,0.8261,0.9048,1.0,0.8261
790,AL_196,AL,numeric,significand,mean,0.3694,0.8261,0.9048,1.0,0.8261
791,AL_196,AL,numeric,significand,median,0.3694,0.8261,0.9048,1.0,0.8261
792,AL_196,AL,numeric,sig4figs,mean,0.3694,0.8261,0.9048,1.0,0.8261
793,AL_196,AL,numeric,sig4figs,median,0.3694,0.8261,0.9048,1.0,0.8261
794,AL_197,AL,numeric,raw,mean,0.3694,0.8261,0.9048,1.0,0.8261
795,AL_197,AL,numeric,raw,median,0.3694,0.8261,0.9048,1.0,0.8261
796,AL_197,AL,numeric,significand,mean,0.3694,0.8261,0.9048,1.0,0.8261
797,AL_197,AL,numeric,significand,median,0.3694,0.8261,0.9048,1.0,0.8261
798,AL_197,AL,numeric,sig4figs,mean,0.3694,0.8261,0.9048,1.0,0.8261
799,AL_197,AL,numeric,sig4figs,median,0.3694,0.8261,0.9048,1.0,0.8261
800,AL_198,AL,numeric,raw,mean,0.3694,0.8261,0.9048,1.0,0.8261
801,AL_198,AL,numeric,raw,median,0.3694,0.8261,0.9048,1.0,0.8261
802,AL_198,AL,numeric,significand,mean,0.3694,0.8261,0.9048,1.0,0.8261
803,AL_198,AL,numeric,significand,median,0.3694,0.8261,0.9048,1.0,0.8261
804,AL_198,AL,numeric,sig4figs,mean,0.3694,0.8261,0.9048,1.0,0.8261
805,AL_198,AL,numeric,sig4figs,median,0.3694,0.8261,0.9048,1.0,0.8261
806,AL_200,AL,numeric,raw,mean,0.3694,0.8261,0.9048,1.0,0.8261
807,AL_200,AL,numeric,raw,median,0.3694,0.8261,0.9048,1.0,0.8261
808,AL_200,AL,numeric,significand,mean,0.3694,0.8261,0.9048,1.0,0.8261
809,AL_200,AL,numeric,significand,median,0.3694,0.8261,0.9048,1.0,0.8261
810,AL_200,AL,numeric,sig4figs,mean,0.3694,0.8261,0.9048,1.0,0.8261
811,AL_200,AL,numeric,sig4figs,median,0.3694,0.8261,0.9048,1.0,0.8261
812,AL_202,AL,numeric,raw,mean,0.3694,0.8261,0.9048,1.0,0.8261
813,AL_202,AL,numeric,raw,median,0.3694,0.8261,0.9048,1.0,0.8261
814,AL_202,AL,numeric,significand,mean,0.3694,0.8261,0.9048,1.0,0.8261
815,AL_202,AL,numeric,significand,median,0.3694,0.8261,0.9048,1.0,0.8261
816,AL_202,AL,numeric,sig4figs,mean,0.3694,0.8261,0.9048,1.0,0.8261
817,AL_202,AL,numeric,sig4figs,median,0.3694,0.8261,0.9048,1.0,0.8261
818,AL_204,AL,numeric,raw,mean,0.3694,0.8261,0.9048,1.0,0.8261
819,AL_204,AL,numeric,raw,median,0.3694,0.8261,0.9048,1.0,0.8261
820,AL_204,AL,numeric,significand,mean,0.3694,0.8261,0.9048,1.0,0.8261
821,AL_204,AL,numeric,significand,median,0.3694,0.8261,0.9048,1.0,0.8261
822,AL_204,AL,numeric,sig4figs,mean,0.3694,0.8261,0.9048,1.0,0.8261
823,AL_204,AL,numeric,sig4figs,median,0.3694,0.8261,0.9048,1.0,0.8261
824,AL_205,AL,numeric,raw,mean,0.3694,0.8261,0.9048,1.0,0.8261
825,AL_205,AL,numeric,raw,median,0.3694,0.8261,0.9048,1.0,0.8261
826,AL_205,AL,numeric,significand,mean,0.3694,0.8261,0.9048,1.0,0.8261
827,AL_205,AL,numeric,significand,median,0.3694,0.8261,0.9048,1.0,0.8261
828,AL_205,AL,numeric,sig4figs,mean,0.3694,0.8261,0.9048,1.0,0.8261
829,AL_205,AL,numeric,sig4figs,median,0.3694,0.8261,0.9048,1.0,0.8261
830,AL_206,AL,numeric,raw,mean,0.3694,0.8261,0.9048,1.0,0.8261
831,AL_206,AL,numeric,raw,median,0.3694,0.8261,0.9048,1.0,0.8261
832,AL_206,AL,numeric,significand,mean,0.3694,0.8261,0.9048,1.0,0.8261
833,AL_206,AL,numeric,significand,median,0.3694,0.8261,0.9048,1.0,0.8261
834,AL_206,AL,numeric,sig4figs,mean,0.3694,0.8261,0.9048,1.0,0.8261
835,AL_206,AL,numeric,sig4figs,median,0.3694,0.8261,0.9048,1.0,0.8261
836,AL_208,AL,numeric,raw,mean,0.3694,0.8261,0.9048,1.0,0.8261
837,AL_208,AL,numeric,raw,median,0.3694,0.8261,0.9048,1.0,0.8261
838,AL_208,AL,numeric,significand,mean,0.3694,0.8261,0.9048,1.0,0.8261
839,AL_208,AL,numeric,significand,median,0.3694,0.8261,0.9048,1.0,0.8261
840,AL_208,AL,numeric,sig4figs,mean,0.3694,0.8261,0.9048,1.0,0.8261
841,AL_208,AL,numeric,sig4figs,median,0.3694,0.8261,0.9048,1.0,0.8261
842,AL_209,AL,numeric,raw,mean,0.3694,0.8261,0.9048,1.0,0.8261
843,AL_209,AL,numeric,raw,median,0.3694,0.8261,0.9048,1.0,0.8261
844,AL_209,AL,numeric,significand,mean,0.3694,0.8261,0.9048,1.0,0.8261
845,AL_209,AL,numeric,significand,median,0.3694,0.8261,0.9048,1.0,0.8261
846,AL_209,AL,numeric,sig4figs,mean,0.3694,0.8261,0.9048,1.0,0.8261
847,AL_209,AL,numeric,sig4figs,median,0.3694,0.8261,0.9048,1.0,0.8261
848,AL_210,AL,numeric,raw,mean,0.3694,0.8261,0.9048,1.0,0.8261
849,AL_210,AL,numeric,raw,median,0.3694,0.8261,0.9048,1.0,0.8261
850,AL_210,AL,numeric,significand,mean,0.3694,0.8261,0.9048,1.0,0.8261
851,AL_210,AL,numeric,significand,median,0.3694,0.8261,0.9048,1.0,0.8261
852,AL_210,AL,numeric,sig4figs,mean,0.3694,0.8261,0.9048,1.0,0.8261
853,AL_210,AL,numeric,sig4figs,median,0.3694,0.8261,0.9048,1.0,0.8261
854,AL_212,AL,numeric,raw,mean,0.3694,0.8261,0.9048,1.0,0.8261
855,AL_212,AL,numeric,raw,median,0.3694,0.8261,0.9048,1.0,0.8261
856,AL_212,AL,numeric,significand,mean,0.3694,0.8261,0.9048,1.0,0.8261
857,AL_212,AL,numeric,significand,median,0.3694,0.8261,0.9048,1.0,0.8261
858,AL_212,AL,numeric,sig4figs,mean,0.3694,0.8261,0.9048,1.0,0.8261
859,AL_212,AL,numeric,sig4figs,median,0.3694,0.8261,0.9048,1.0,0.8261
860,AL_213,AL,numeric,raw,mean,0.3694,0.8261,0.9048,1.0,0.8261
861,AL_213,AL,numeric,raw,median,0.3694,0.8261,0.9048,1.0,0.8261
862,AL_213,AL,numeric,significand,mean,0.3694,0.8261,0.9048,1.0,0.8261
863,AL_213,AL,numeric,significand,median,0.3694,0.8261,0.9048,1.0,0.8261
864,AL_213,AL,numeric,sig4figs,mean,0.3694,0.8261,0.9048,1.0,0.8261
865,AL_213,AL,numeric,sig4figs,median,0.3694,0.8261,0.9048,1.0,0.8261
866,AL_214,AL,numeric,raw,mean,0.5045,0.8261,0.9048,1.0,0.8261
867,AL_214,AL,numeric,raw,median,0.5045,0.8261,0.9048,1.0,0.8261
868,AL_214,AL,numeric,significand,mean,0.5045,0.8261,0.9048,1.0,0.8261
869,AL_214,AL,numeric,significand,median,0.5045,0.8261,0.9048,1.0,0.8261
870,AL_214,AL,numeric,sig4figs,mean,0.5045,0.8261,0.9048,1.0,0.8261
871,AL_214,AL,numeric,sig4figs,median,0.5045,0.8261,0.9048,1.0,0.8261
872,AL_216,AL,numeric,raw,mean,0.5045,0.8261,0.9048,1.0,0.8261
873,AL_216,AL,numeric,raw,median,0.5045,0.8261,0.9048,1.0,0.8261
874,AL_216,AL,numeric,significand,mean,0.5045,0.8261,0.9048,1.0,0.8261
875,AL_216,AL,numeric,significand,median,0.5045,0.8261,0.9048,1.0,0.8261
876,AL_216,AL,numeric,sig4figs,mean,0.5045,0.8261,0.9048,1.0,0.8261
877,AL_216,AL,numeric,sig4figs,median,0.5045,0.8261,0.9048,1.0,0.8261
878,AL_217,AL,numeric,raw,mean,0.5045,0.8261,0.9048,1.0,0.8261
879,AL_217,AL,numeric,raw,median,0.5045,0.8261,0.9048,1.0,0.8261
880,AL_217,AL,numeric,significand,mean,0.5045,0.8261,0.9048,1.0,0.8261
881,AL_217,AL,numeric,significand,median,0.5045,0.8261,0.9048,1.0,0.8261
882,AL_217,AL,numeric,sig4figs,mean,0.5045,0.8261,0.9048,1.0,0.8261
883,AL_217,AL,numeric,sig4figs,median,0.5045,0.8261,0.9048,1.0,0.8261
884,AL_218,AL,numeric,raw,mean,0.3694,0.8261,0.9048,1.0,0.8261
885,AL_218,AL,numeric,raw,median,0.3694,0.8261,0.9048,1.0,0.8261
886,AL_218,AL,numeric,significand,mean,0.3694,0.8261,0.9048,1.0,0.8261
887,AL_218,AL,numeric,significand,median,0.3694,0.8261,0.9048,1.0,0.8261
888,AL_218,AL,numeric,sig4figs,mean,0.3694,0.8261,0.9048,1.0,0.8261
889,AL_218,AL,numeric,sig4figs,median,0.3694,0.8261,0.9048,1.0,0.8261
890,AL_219,AL,numeric,significand,mean,0.3694,0.8261,0.9048,1.0,0.8261
891,AL_219,AL,numeric,significand,median,0.3694,0.8261,0.9048,1.0,0.8261
892,AL_220,AL,numeric,raw,mean,0.3694,0.8261,0.9048,1.0,0.8261
893,AL_220,AL,numeric,raw,median,0.3694,0.8261,0.9048,1.0,0.8261
894,AL_220,AL,numeric,significand,mean,0.3694,0.8261,0.9048,1.0,0.8261
895,AL_220,AL,numeric,significand,median,0.3694,0.8261,0.9048,1.0,0.8261
896,AL_220,AL,numeric,sig4figs,mean,0.3694,0.8261,0.9048,1.0,0.8261
897,AL_220,AL,numeric,sig4figs,median,0.3694,0.8261,0.9048,1.0,0.8261
898,AL_221,AL,numeric,raw,mean,0.3694,0.8261,0.9048,1.0,0.8261
899,AL_221,AL,numeric,raw,median,0.3694,0.8261,0.9048,1.0,0.8261
900,AL_221,AL,numeric,significand,mean,0.3694,0.8261,0.9048,1.0,0.8261
901,AL_221,AL,numeric,significand,median,0.3694,0.8261,0.9048,1.0,0.8261
902,AL_221,AL,numeric,sig4figs,mean,0.3694,0.8261,0.9048,1.0,0.8261
903,AL_221,AL,numeric,sig4figs,median,0.3694,0.8261,0.9048,1.0,0.8261
904,AL_222,AL,numeric,raw,mean,0.3694,0.8261,0.9048,1.0,0.8261
905,AL_222,AL,numeric,raw,median,0.3694,0.8261,0.9048,1.0,0.8261
906,AL_222,AL,numeric,significand,mean,0.3694,0.8261,0.9048,1.0,0.8261
907,AL_222,AL,numeric,significand,median,0.3694,0.8261,0.9048,1.0,0.8261
908,AL_222,AL,numeric,sig4figs,mean,0.3694,0.8261,0.9048,1.0,0.8261
909,AL_222,AL,numeric,sig4figs,median,0.3694,0.8261,0.9048,1.0,0.8261
910,CAT_6,CAT,categorical,categorical,none,0.982,0.8261,0.9048,1.0,0.8261
911,AL_223,AL,numeric,raw,mean,0.3694,0.8261,0.9048,1.0,0.8261
912,AL_223,AL,numeric,raw,median,0.3694,0.8261,0.9048,1.0,0.8261
913,AL_223,AL,numeric,significand,mean,0.3694,0.8261,0.9048,1.0,0.8261
914,AL_223,AL,numeric,significand,median,0.3694,0.8261,0.9048,1.0,0.8261
915,AL_223,AL,numeric,sig4figs,mean,0.3694,0.8261,0.9048,1.0,0.8261
916,AL_223,AL,numeric,sig4figs,median,0.3694,0.8261,0.9048,1.0,0.8261
917,AL_225,AL,numeric,raw,mean,0.3694,0.8261,0.9048,1.0,0.8261
918,AL_225,AL,numeric,raw,median,0.3694,0.8261,0.9048,1.0,0.8261
919,AL_225,AL,numeric,significand,mean,0.3694,0.8261,0.9048,1.0,0.8261
920,AL_225,AL,numeric,significand,median,0.3694,0.8261,0.9048,1.0,0.8261
921,AL_225,AL,numeric,sig4figs,mean,0.3694,0.8261,0.9048,1.0,0.8261
922,AL_225,AL,numeric,sig4figs,median,0.3694,0.8261,0.9048,1.0,0.8261
923,AL_226,AL,numeric,significand,mean,0.3694,0.8261,0.9048,1.0,0.8261
924,AL_226,AL,numeric,significand,median,0.3694,0.8261,0.9048,1.0,0.8261
925,AL_227,AL,numeric,raw,mean,0.3694,0.8261,0.9048,1.0,0.8261
926,AL_227,AL,numeric,raw,median,0.3694,0.8261,0.9048,1.0,0.8261
927,AL_227,AL,numeric,significand,mean,0.3694,0.8261,0.9048,1.0,0.8261
928,AL_227,AL,numeric,significand,median,0.3694,0.8261,0.9048,1.0,0.8261
929,AL_227,AL,numeric,sig4figs,mean,0.3694,0.8261,0.9048,1.0,0.8261
930,AL_227,AL,numeric,sig4figs,median,0.3694,0.8261,0.9048,1.0,0.8261
931,AL_228,AL,numeric,raw,mean,0.3694,0.8261,0.9048,1.0,0.8261
932,AL_228,AL,numeric,raw,median,0.3694,0.8261,0.9048,1.0,0.8261
933,AL_228,AL,numeric,significand,mean,0.3694,0.8261,0.9048,1.0,0.8261
934,AL_228,AL,numeric,significand,median,0.3694,0.8261,0.9048,1.0,0.8261
935,AL_228,AL,numeric,sig4figs,mean,0.3694,0.8261,0.9048,1.0,0.8261
936,AL_228,AL,numeric,sig4figs,median,0.3694,0.8261,0.9048,1.0,0.8261
937,AL_229,AL,numeric,raw,mean,0.3694,0.8261,0.9048,1.0,0.8261
938,AL_229,AL,numeric,raw,median,0.3694,0.8261,0.9048,1.0,0.8261
939,AL_229,AL,numeric,significand,mean,0.3694,0.8261,0.9048,1.0,0.8261
940,AL_229,AL,numeric,significand,median,0.3694,0.8261,0.9048,1.0,0.8261
941,AL_229,AL,numeric,sig4figs,mean,0.3694,0.8261,0.9048,1.0,0.8261
942,AL_229,AL,numeric,sig4figs,median,0.3694,0.8261,0.9048,1.0,0.8261
943,AL_230,AL,numeric,raw,mean,0.3694,0.8261,0.9048,1.0,0.8261
944,AL_230,AL,numeric,raw,median,0.3694,0.8261,0.9048,1.0,0.8261
945,AL_230,AL,numeric,sig4figs,mean,0.3694,0.8261,0.9048,1.0,0.8261
946,AL_230,AL,numeric,sig4figs,median,0.3694,0.8261,0.9048,1.0,0.8261
947,AL_231,AL,numeric,raw,mean,0.3694,0.8261,0.9048,1.0,0.8261
948,AL_231,AL,numeric,raw,median,0.3694,0.8261,0.9048,1.0,0.8261
949,AL_231,AL,numeric,significand,mean,0.3694,0.8261,0.9048,1.0,0.8261
950,AL_231,AL,numeric,significand,median,0.3694,0.8261,0.9048,1.0,0.8261
951,AL_231,AL,numeric,sig4figs,mean,0.3694,0.8261,0.9048,1.0,0.8261
952,AL_231,AL,numeric,sig4figs,median,0.3694,0.8261,0.9048,1.0,0.8261
953,AL_232,AL,numeric,raw,mean,0.3694,0.8261,0.9048,1.0,0.8261
954,AL_232,AL,numeric,raw,median,0.3694,0.8261,0.9048,1.0,0.8261
955,AL_232,AL,numeric,significand,mean,0.3694,0.8261,0.9048,1.0,0.8261
956,AL_232,AL,numeric,significand,median,0.3694,0.8261,0.9048,1.0,0.8261
957,AL_232,AL,numeric,sig4figs,mean,0.3694,0.8261,0.9048,1.0,0.8261
958,AL_232,AL,numeric,sig4figs,median,0.3694,0.8261,0.9048,1.0,0.8261
959,AL_233,AL,numeric,raw,mean,0.3694,0.8261,0.9048,1.0,0.8261
960,AL_233,AL,numeric,raw,median,0.3694,0.8261,0.9048,1.0,0.8261
961,AL_233,AL,numeric,significand,mean,0.3694,0.8261,0.9048,1.0,0.8261
962,AL_233,AL,numeric,significand,median,0.3694,0.8261,0.9048,1.0,0.8261
963,AL_233,AL,numeric,sig4figs,mean,0.3694,0.8261,0.9048,1.0,0.8261
964,AL_233,AL,numeric,sig4figs,median,0.3694,0.8261,0.9048,1.0,0.8261
965,AL_234,AL,numeric,raw,mean,0.3694,0.8261,0.9048,1.0,0.8261
966,AL_234,AL,numeric,raw,median,0.3694,0.8261,0.9048,1.0,0.8261
967,AL_234,AL,numeric,significand,mean,0.3694,0.8261,0.9048,1.0,0.8261
968,AL_234,AL,numeric,significand,median,0.3694,0.8261,0.9048,1.0,0.8261
969,AL_234,AL,numeric,sig4figs,mean,0.3694,0.8261,0.9048,1.0,0.8261
970,AL_234,AL,numeric,sig4figs,median,0.3694,0.8261,0.9048,1.0,0.8261
971,AL_235,AL,numeric,significand,mean,0.3694,0.8261,0.9048,1.0,0.8261
972,AL_235,AL,numeric,significand,median,0.3694,0.8261,0.9048,1.0,0.8261
973,AL_236,AL,numeric,raw,mean,0.3694,0.8261,0.9048,1.0,0.8261
974,AL_236,AL,numeric,raw,median,0.3694,0.8261,0.9048,1.0,0.8261
975,AL_236,AL,numeric,significand,mean,0.3694,0.8261,0.9048,1.0,0.8261
976,AL_236,AL,numeric,significand,median,0.3694,0.8261,0.9048,1.0,0.8261
977,AL_236,AL,numeric,sig4figs,mean,0.3694,0.8261,0.9048,1.0,0.8261
978,AL_236,AL,numeric,sig4figs,median,0.3694,0.8261,0.9048,1.0,0.8261
979,AL_237,AL,numeric,significand,mean,0.3694,0.8261,0.9048,1.0,0.8261
980,AL_237,AL,numeric,significand,median,0.3694,0.8261,0.9048,1.0,0.8261
981,AL_238,AL,numeric,raw,mean,0.3694,0.8261,0.9048,1.0,0.8261
982,AL_238,AL,numeric,raw,median,0.3694,0.8261,0.9048,1.0,0.8261
983,AL_238,AL,numeric,significand,mean,0.3694,0.8261,0.9048,1.0,0.8261
984,AL_238,AL,numeric,significand,median,0.3694,0.8261,0.9048,1.0,0.8261
985,AL_238,AL,numeric,sig4figs,mean,0.3694,0.8261,0.9048,1.0,0.8261
986,AL_238,AL,numeric,sig4figs,median,0.3694,0.8261,0.9048,1.0,0.8261
987,AL_240,AL,numeric,raw,mean,0.3694,0.8261,0.9048,1.0,0.8261
988,AL_240,AL,numeric,raw,median,0.3694,0.8261,0.9048,1.0,0.8261
989,AL_240,AL,numeric,significand,mean,0.3694,0.8261,0.9048,1.0,0.8261
990,AL_240,AL,numeric,significand,median,0.3694,0.8261,0.9048,1.0,0.8261
991,AL_240,AL,numeric,sig4figs,mean,0.3694,0.8261,0.9048,1.0,0.8261
992,AL_240,AL,numeric,sig4figs,median,0.3694,0.8261,0.9048,1.0,0.8261
993,AL_241,AL,numeric,raw,mean,0.3694,0.8261,0.9048,1.0,0.8261
994,AL_241,AL,numeric,raw,median,0.3694,0.8261,0.9048,1.0,0.8261
995,AL_241,AL,numeric,significand,mean,0.3694,0.8261,0.9048,1.0,0.8261
996,AL_241,AL,numeric,significand,median,0.3694,0.8261,0.9048,1.0,0.8261
997,AL_241,AL,numeric,sig4figs,mean,0.3694,0.8261,0.9048,1.0,0.8261
998,AL_241,AL,numeric,sig4figs,median,0.3694,0.8261,0.9048,1.0,0.8261
999,AL_242,AL,numeric,raw,mean,0.3694,0.8261,0.9048,1.0,0.8261
1000,AL_242,AL,numeric,raw,median,0.3694,0.8261,0.9048,1.0,0.8261
1001,AL_242,AL,numeric,significand,mean,0.3694,0.8261,0.9048,1.0,0.8261
1002,AL_242,AL,numeric,significand,median,0.3694,0.8261,0.9048,1.0,0.8261
1003,AL_242,AL,numeric,sig4figs,mean,0.3694,0.8261,0.9048,1.0,0.8261
1004,AL_242,AL,numeric,sig4figs,median,0.3694,0.8261,0.9048,1.0,0.8261
1005,AL_243,AL,numeric,significand,mean,0.3694,0.8261,0.9048,1.0,0.8261
1006,AL_243,AL,numeric,significand,median,0.3694,0.8261,0.9048,1.0,0.8261
1007,AL_244,AL,numeric,raw,mean,0.3694,0.8261,0.9048,1.0,0.8261
1008,AL_244,AL,numeric,raw,median,0.3694,0.8261,0.9048,1.0,0.8261
1009,AL_244,AL,numeric,significand,mean,0.3694,0.8261,0.9048,1.0,0.8261
1010,AL_244,AL,numeric,significand,median,0.3694,0.8261,0.9048,1.0,0.8261
1011,AL_244,AL,numeric,sig4figs,mean,0.3694,0.8261,0.9048,1.0,0.8261
1012,AL_244,AL,numeric,sig4figs,median,0.3694,0.8261,0.9048,1.0,0.8261
1013,AL_245,AL,numeric,raw,mean,0.3694,0.8261,0.9048,1.0,0.8261
1014,AL_245,AL,numeric,raw,median,0.3694,0.8261,0.9048,1.0,0.8261
1015,AL_245,AL,numeric,significand,mean,0.3694,0.8261,0.9048,1.0,0.8261
1016,AL_245,AL,numeric,significand,median,0.3694,0.8261,0.9048,1.0,0.8261
1017,AL_245,AL,numeric,sig4figs,mean,0.3694,0.8261,0.9048,1.0,0.8261
1018,AL_245,AL,numeric,sig4figs,median,0.3694,0.8261,0.9048,1.0,0.8261
1019,AL_246,AL,numeric,raw,mean,0.3694,0.8261,0.9048,1.0,0.8261
1020,AL_246,AL,numeric,raw,median,0.3694,0.8261,0.9048,1.0,0.8261
1021,AL_246,AL,numeric,significand,mean,0.3694,0.8261,0.9048,1.0,0.8261
1022,AL_246,AL,numeric,significand,median,0.3694,0.8261,0.9048,1.0,0.8261
1023,AL_246,AL,numeric,sig4figs,mean,0.3694,0.8261,0.9048,1.0,0.8261
1024,AL_246,AL,numeric,sig4figs,median,0.3694,0.8261,0.9048,1.0,0.8261
1025,AL_248,AL,numeric,raw,mean,0.3694,0.8261,0.9048,1.0,0.8261
1026,AL_248,AL,numeric,raw,median,0.3694,0.8261,0.9048,1.0,0.8261
1027,AL_248,AL,numeric,significand,mean,0.3694,0.8261,0.9048,1.0,0.8261
1028,AL_248,AL,numeric,significand,median,0.3694,0.8261,0.9048,1.0,0.8261
1029,AL_248,AL,numeric,sig4figs,mean,0.3694,0.8261,0.9048,1.0,0.8261
1030,AL_248,AL,numeric,sig4figs,median,0.3694,0.8261,0.9048,1.0,0.8261
1031,AL_249,AL,numeric,raw,mean,0.3694,0.8261,0.9048,1.0,0.8261
1032,AL_249,AL,numeric,raw,median,0.3694,0.8261,0.9048,1.0,0.8261
1033,AL_249,AL,numeric,significand,mean,0.3694,0.8261,0.9048,1.0,0.8261
1034,AL_249,AL,numeric,significand,median,0.3694,0.8261,0.9048,1.0,0.8261
1035,AL_249,AL,numeric,sig4figs,mean,0.3694,0.8261,0.9048,1.0,0.8261
1036,AL_249,AL,numeric,sig4figs,median,0.3694,0.8261,0.9048,1.0,0.8261
1037,AL_250,AL,numeric,raw,mean,0.3874,0.8261,0.9048,1.0,0.8261
1038,AL_250,AL,numeric,raw,median,0.3874,0.8261,0.9048,1.0,0.8261
1039,AL_250,AL,numeric,significand,mean,0.3874,0.8261,0.9048,1.0,0.8261
1040,AL_250,AL,numeric,significand,median,0.3874,0.8261,0.9048,1.0,0.8261
1041,AL_250,AL,numeric,sig4figs,mean,0.3874,0.8261,0.9048,1.0,0.8261
1042,AL_250,AL,numeric,sig4figs,median,0.3874,0.8261,0.9048,1.0,0.8261
1043,AL_252,AL,numeric,raw,mean,0.3874,0.8261,0.9048,1.0,0.8261
1044,AL_252,AL,numeric,raw,median,0.3874,0.8261,0.9048,1.0,0.8261
1045,AL_252,AL,numeric,significand,mean,0.3874,0.8261,0.9048,1.0,0.8261
1046,AL_252,AL,numeric,significand,median,0.3874,0.8261,0.9048,1.0,0.8261
1047,AL_252,AL,numeric,sig4figs,mean,0.3874,0.8261,0.9048,1.0,0.8261
1048,AL_252,AL,numeric,sig4figs,median,0.3874,0.8261,0.9048,1.0,0.8261
1049,AL_253,AL,numeric,raw,mean,0.3874,0.8261,0.9048,1.0,0.8261
1050,AL_253,AL,numeric,raw,median,0.3874,0.8261,0.9048,1.0,0.8261
1051,AL_253,AL,numeric,significand,mean,0.3874,0.8261,0.9048,1.0,0.8261
1052,AL_253,AL,numeric,significand,median,0.3874,0.8261,0.9048,1.0,0.8261
1053,AL_253,AL,numeric,sig4figs,mean,0.3874,0.8261,0.9048,1.0,0.8261
1054,AL_253,AL,numeric,sig4figs,median,0.3874,0.8261,0.9048,1.0,0.8261
1055,AL_254,AL,numeric,raw,mean,0.3694,0.8261,0.9048,1.0,0.8261
1056,AL_254,AL,numeric,raw,median,0.3694,0.8261,0.9048,1.0,0.8261
1057,AL_254,AL,numeric,significand,mean,0.3694,0.8261,0.9048,1.0,0.8261
1058,AL_254,AL,numeric,significand,median,0.3694,0.8261,0.9048,1.0,0.8261
1059,AL_254,AL,numeric,sig4figs,mean,0.3694,0.8261,0.9048,1.0,0.8261
1060,AL_254,AL,numeric,sig4figs,median,0.3694,0.8261,0.9048,1.0,0.8261
1061,AL_255,AL,numeric,significand,mean,0.3694,0.8261,0.9048,1.0,0.8261
1062,AL_255,AL,numeric,significand,median,0.3694,0.8261,0.9048,1.0,0.8261
1063,AL_256,AL,numeric,raw,mean,0.3694,0.8261,0.9048,1.0,0.8261
1064,AL_256,AL,numeric,raw,median,0.3694,0.8261,0.9048,1.0,0.8261
1065,AL_256,AL,numeric,significand,mean,0.3694,0.8261,0.9048,1.0,0.8261
1066,AL_256,AL,numeric,significand,median,0.3694,0.8261,0.9048,1.0,0.8261
1067,AL_256,AL,numeric,sig4figs,mean,0.3694,0.8261,0.9048,1.0,0.8261
1068,AL_256,AL,numeric,sig4figs,median,0.3694,0.8261,0.9048,1.0,0.8261
1069,AL_257,AL,numeric,raw,mean,0.3694,0.8261,0.9048,1.0,0.8261
1070,AL_257,AL,numeric,raw,median,0.3694,0.8261,0.9048,1.0,0.8261
1071,AL_257,AL,numeric,significand,mean,0.3694,0.8261,0.9048,1.0,0.8261
1072,AL_257,AL,numeric,significand,median,0.3694,0.8261,0.9048,1.0,0.8261
1073,AL_257,AL,numeric,sig4figs,mean,0.3694,0.8261,0.9048,1.0,0.8261
1074,AL_257,AL,numeric,sig4figs,median,0.3694,0.8261,0.9048,1.0,0.8261
1075,AL_258,AL,numeric,raw,mean,0.3694,0.8261,0.9048,1.0,0.8261
1076,AL_258,AL,numeric,raw,median,0.3694,0.8261,0.9048,1.0,0.8261
1077,AL_258,AL,numeric,significand,mean,0.3694,0.8261,0.9048,1.0,0.8261
1078,AL_258,AL,numeric,significand,median,0.3694,0.8261,0.9048,1.0,0.8261
1079,AL_258,AL,numeric,sig4figs,mean,0.3694,0.8261,0.9048,1.0,0.8261
1080,AL_258,AL,numeric,sig4figs,median,0.3694,0.8261,0.9048,1.0,0.8261
1081,AL_259,AL,numeric,raw,mean,0.3694,0.8261,0.9048,1.0,0.8261
1082,AL_259,AL,numeric,raw,median,0.3694,0.8261,0.9048,1.0,0.8261
1083,AL_259,AL,numeric,significand,mean,0.3694,0.8261,0.9048,1.0,0.8261
1084,AL_259,AL,numeric,significand,median,0.3694,0.8261,0.9048,1.0,0.8261
1085,AL_259,AL,numeric,sig4figs,mean,0.3694,0.8261,0.9048,1.0,0.8261
1086,AL_259,AL,numeric,sig4figs,median,0.3694,0.8261,0.9048,1.0,0.8261
1087,AL_261,AL,numeric,raw,mean,0.3694,0.8261,0.9048,1.0,0.8261
1088,AL_261,AL,numeric,raw,median,0.3694,0.8261,0.9048,1.0,0.8261
1089,AL_261,AL,numeric,significand,mean,0.3694,0.8261,0.9048,1.0,0.8261
1090,AL_261,AL,numeric,significand,median,0.3694,0.8261,0.9048,1.0,0.8261
1091,AL_261,AL,numeric,sig4figs,mean,0.3694,0.8261,0.9048,1.0,0.8261
1092,AL_261,AL,numeric,sig4figs,median,0.3694,0.8261,0.9048,1.0,0.8261
1093,AL_263,AL,numeric,raw,mean,0.3694,0.8261,0.9048,1.0,0.8261
1094,AL_263,AL,numeric,raw,median,0.3694,0.8261,0.9048,1.0,0.8261
1095,AL_263,AL,numeric,significand,mean,0.3694,0.8261,0.9048,1.0,0.8261
1096,AL_263,AL,numeric,significand,median,0.3694,0.8261,0.9048,1.0,0.8261
1097,AL_263,AL,numeric,sig4figs,mean,0.3694,0.8261,0.9048,1.0,0.8261
1098,AL_263,AL,numeric,sig4figs,median,0.3694,0.8261,0.9048,1.0,0.8261
1099,AL_264,AL,numeric,raw,mean,0.3694,0.8261,0.9048,1.0,0.8261
1100,AL_264,AL,numeric,raw,median,0.3694,0.8261,0.9048,1.0,0.8261
1101,AL_264,AL,numeric,significand,mean,0.3694,0.8261,0.9048,1.0,0.8261
1102,AL_264,AL,numeric,significand,median,0.3694,0.8261,0.9048,1.0,0.8261
1103,AL_264,AL,numeric,sig4figs,mean,0.3694,0.8261,0.9048,1.0,0.8261
1104,AL_264,AL,numeric,sig4figs,median,0.3694,0.8261,0.9048,1.0,0.8261
1105,AL_265,AL,numeric,raw,mean,0.3694,0.8261,0.9048,1.0,0.8261
1106,AL_265,AL,numeric,raw,median,0.3694,0.8261,0.9048,1.0,0.8261
1107,AL_265,AL,numeric,significand,mean,0.3694,0.8261,0.9048,1.0,0.8261
1108,AL_265,AL,numeric,significand,median,0.3694,0.8261,0.9048,1.0,0.8261
1109,AL_265,AL,numeric,sig4figs,mean,0.3694,0.8261,0.9048,1.0,0.8261
1110,AL_265,AL,numeric,sig4figs,median,0.3694,0.8261,0.9048,1.0,0.8261
1111,AL_267,AL,numeric,raw,mean,0.3694,0.8261,0.9048,1.0,0.8261
1112,AL_267,AL,numeric,raw,median,0.3694,0.8261,0.9048,1.0,0.8261
1113,AL_267,AL,numeric,significand,mean,0.3694,0.8261,0.9048,1.0,0.8261
1114,AL_267,AL,numeric,significand,median,0.3694,0.8261,0.9048,1.0,0.8261
1115,AL_267,AL,numeric,sig4figs,mean,0.3694,0.8261,0.9048,1.0,0.8261
1116,AL_267,AL,numeric,sig4figs,median,0.3694,0.8261,0.9048,1.0,0.8261
1117,AL_268,AL,numeric,raw,mean,0.3694,0.8261,0.9048,1.0,0.8261
1118,AL_268,AL,numeric,raw,median,0.3694,0.8261,0.9048,1.0,0.8261
1119,AL_268,AL,numeric,significand,mean,0.3694,0.8261,0.9048,1.0,0.8261
1120,AL_268,AL,numeric,significand,median,0.3694,0.8261,0.9048,1.0,0.8261
1121,AL_268,AL,numeric,sig4figs,mean,0.3694,0.8261,0.9048,1.0,0.8261
1122,AL_268,AL,numeric,sig4figs,median,0.3694,0.8261,0.9048,1.0,0.8261
1123,AL_269,AL,numeric,raw,mean,0.3694,0.8261,0.9048,1.0,0.8261
1124,AL_269,AL,numeric,raw,median,0.3694,0.8261,0.9048,1.0,0.8261
1125,AL_269,AL,numeric,significand,mean,0.3694,0.8261,0.9048,1.0,0.8261
1126,AL_269,AL,numeric,significand,median,0.3694,0.8261,0.9048,1.0,0.8261
1127,AL_269,AL,numeric,sig4figs,mean,0.3694,0.8261,0.9048,1.0,0.8261
1128,AL_269,AL,numeric,sig4figs,median,0.3694,0.8261,0.9048,1.0,0.8261
1129,AL_270,AL,numeric,raw,mean,0.3694,0.8261,0.9048,1.0,0.8261
1130,AL_270,AL,numeric,raw,median,0.3694,0.8261,0.9048,1.0,0.8261
1131,AL_270,AL,numeric,significand,mean,0.3694,0.8261,0.9048,1.0,0.8261
1132,AL_270,AL,numeric,significand,median,0.3694,0.8261,0.9048,1.0,0.8261
1133,AL_270,AL,numeric,sig4figs,mean,0.3694,0.8261,0.9048,1.0,0.8261
1134,AL_270,AL,numeric,sig4figs,median,0.3694,0.8261,0.9048,1.0,0.8261
1135,AL_272,AL,numeric,raw,mean,0.3694,0.8261,0.9048,1.0,0.8261
1136,AL_272,AL,numeric,raw,median,0.3694,0.8261,0.9048,1.0,0.8261
1137,AL_272,AL,numeric,significand,mean,0.3694,0.8261,0.9048,1.0,0.8261
1138,AL_272,AL,numeric,significand,median,0.3694,0.8261,0.9048,1.0,0.8261
1139,AL_272,AL,numeric,sig4figs,mean,0.3694,0.8261,0.9048,1.0,0.8261
1140,AL_272,AL,numeric,sig4figs,median,0.3694,0.8261,0.9048,1.0,0.8261
1141,AL_273,AL,numeric,raw,mean,0.3694,0.8261,0.9048,1.0,0.8261
1142,AL_273,AL,numeric,raw,median,0.3694,0.8261,0.9048,1.0,0.8261
1143,AL_273,AL,numeric,significand,mean,0.3694,0.8261,0.9048,1.0,0.8261
1144,AL_273,AL,numeric,significand,median,0.3694,0.8261,0.9048,1.0,0.8261
1145,AL_273,AL,numeric,sig4figs,mean,0.3694,0.8261,0.9048,1.0,0.8261
1146,AL_273,AL,numeric,sig4figs,median,0.3694,0.8261,0.9048,1.0,0.8261
1147,AL_274,AL,numeric,raw,mean,0.3694,0.8261,0.9048,1.0,0.8261
1148,AL_274,AL,numeric,raw,median,0.3694,0.8261,0.9048,1.0,0.8261
1149,AL_274,AL,numeric,significand,mean,0.3694,0.8261,0.9048,1.0,0.8261
1150,AL_274,AL,numeric,significand,median,0.3694,0.8261,0.9048,1.0,0.8261
1151,AL_274,AL,numeric,sig4figs,mean,0.3694,0.8261,0.9048,1.0,0.8261
1152,AL_274,AL,numeric,sig4figs,median,0.3694,0.8261,0.9048,1.0,0.8261
1153,AL_275,AL,numeric,significand,mean,0.3694,0.8261,0.9048,1.0,0.8261
1154,AL_275,AL,numeric,significand,median,0.3694,0.8261,0.9048,1.0,0.8261
1155,AL_276,AL,numeric,raw,mean,0.3694,0.8261,0.9048,1.0,0.8261
1156,AL_276,AL,numeric,raw,median,0.3694,0.8261,0.9048,1.0,0.8261
1157,AL_276,AL,numeric,significand,mean,0.3694,0.8261,0.9048,1.0,0.8261
1158,AL_276,AL,numeric,significand,median,0.3694,0.8261,0.9048,1.0,0.8261
1159,AL_276,AL,numeric,sig4figs,mean,0.3694,0.8261,0.9048,1.0,0.8261
1160,AL_276,AL,numeric,sig4figs,median,0.3694,0.8261,0.9048,1.0,0.8261
1161,AL_277,AL,numeric,raw,mean,0.3694,0.8261,0.9048,1.0,0.8261
1162,AL_277,AL,numeric,raw,median,0.3694,0.8261,0.9048,1.0,0.8261
1163,AL_277,AL,numeric,significand,mean,0.3694,0.8261,0.9048,1.0,0.8261
1164,AL_277,AL,numeric,significand,median,0.3694,0.8261,0.9048,1.0,0.8261
1165,AL_277,AL,numeric,sig4figs,mean,0.3694,0.8261,0.9048,1.0,0.8261
1166,AL_277,AL,numeric,sig4figs,median,0.3694,0.8261,0.9048,1.0,0.8261
1167,AL_278,AL,numeric,raw,mean,0.3694,0.8261,0.9048,1.0,0.8261
1168,AL_278,AL,numeric,raw,median,0.3694,0.8261,0.9048,1.0,0.8261
1169,AL_278,AL,numeric,significand,mean,0.3694,0.8261,0.9048,1.0,0.8261
1170,AL_278,AL,numeric,significand,median,0.3694,0.8261,0.9048,1.0,0.8261
1171,AL_278,AL,numeric,sig4figs,mean,0.3694,0.8261,0.9048,1.0,0.8261
1172,AL_278,AL,numeric,sig4figs,median,0.3694,0.8261,0.9048,1.0,0.8261
1173,AL_280,AL,numeric,raw,mean,0.3694,0.8261,0.9048,1.0,0.8261
1174,AL_280,AL,numeric,raw,median,0.3694,0.8261,0.9048,1.0,0.8261
1175,AL_280,AL,numeric,significand,mean,0.3694,0.8261,0.9048,1.0,0.8261
1176,AL_280,AL,numeric,significand,median,0.3694,0.8261,0.9048,1.0,0.8261
1177,AL_280,AL,numeric,sig4figs,mean,0.3694,0.8261,0.9048,1.0,0.8261
1178,AL_280,AL,numeric,sig4figs,median,0.3694,0.8261,0.9048,1.0,0.8261
1179,AL_281,AL,numeric,raw,mean,0.3694,0.8261,0.9048,1.0,0.8261
1180,AL_281,AL,numeric,raw,median,0.3694,0.8261,0.9048,1.0,0.8261
1181,AL_281,AL,numeric,significand,mean,0.3694,0.8261,0.9048,1.0,0.8261
1182,AL_281,AL,numeric,significand,median,0.3694,0.8261,0.9048,1.0,0.8261
1183,AL_281,AL,numeric,sig4figs,mean,0.3694,0.8261,0.9048,1.0,0.8261
1184,AL_281,AL,numeric,sig4figs,median,0.3694,0.8261,0.9048,1.0,0.8261
1185,AL_282,AL,numeric,raw,mean,0.3694,0.8261,0.9048,1.0,0.8261
1186,AL_282,AL,numeric,raw,median,0.3694,0.8261,0.9048,1.0,0.8261
1187,AL_282,AL,numeric,significand,mean,0.3694,0.8261,0.9048,1.0,0.8261
1188,AL_282,AL,numeric,significand,median,0.3694,0.8261,0.9048,1.0,0.8261
1189,AL_282,AL,numeric,sig4figs,mean,0.3694,0.8261,0.9048,1.0,0.8261
1190,AL_282,AL,numeric,sig4figs,median,0.3694,0.8261,0.9048,1.0,0.8261
1191,AL_284,AL,numeric,raw,mean,0.3694,0.8261,0.9048,1.0,0.8261
1192,AL_284,AL,numeric,raw,median,0.3694,0.8261,0.9048,1.0,0.8261
1193,AL_284,AL,numeric,significand,mean,0.3694,0.8261,0.9048,1.0,0.8261
1194,AL_284,AL,numeric,significand,median,0.3694,0.8261,0.9048,1.0,0.8261
1195,AL_284,AL,numeric,sig4figs,mean,0.3694,0.8261,0.9048,1.0,0.8261
1196,AL_284,AL,numeric,sig4figs,median,0.3694,0.8261,0.9048,1.0,0.8261
1197,AL_285,AL,numeric,raw,mean,0.3694,0.8261,0.9048,1.0,0.8261
1198,AL_285,AL,numeric,raw,median,0.3694,0.8261,0.9048,1.0,0.8261
1199,AL_285,AL,numeric,significand,mean,0.3694,0.8261,0.9048,1.0,0.8261
1200,AL_285,AL,numeric,significand,median,0.3694,0.8261,0.9048,1.0,0.8261
1201,AL_285,AL,numeric,sig4figs,mean,0.3694,0.8261,0.9048,1.0,0.8261
1202,AL_285,AL,numeric,sig4figs,median,0.3694,0.8261,0.9048,1.0,0.8261
1203,AL_286,AL,numeric,raw,mean,0.3784,0.8261,0.9048,1.0,0.8261
1204,AL_286,AL,numeric,raw,median,0.3784,0.8261,0.9048,1.0,0.8261
1205,AL_286,AL,numeric,significand,mean,0.3784,0.8261,0.9048,1.0,0.8261
1206,AL_286,AL,numeric,significand,median,0.3784,0.8261,0.9048,1.0,0.8261
1207,AL_286,AL,numeric,sig4figs,mean,0.3784,0.8261,0.9048,1.0,0.8261
1208,AL_286,AL,numeric,sig4figs,median,0.3784,0.8261,0.9048,1.0,0.8261
1209,AL_288,AL,numeric,raw,mean,0.3784,0.8261,0.9048,1.0,0.8261
1210,AL_288,AL,numeric,raw,median,0.3784,0.8261,0.9048,1.0,0.8261
1211,AL_288,AL,numeric,significand,mean,0.3784,0.8261,0.9048,1.0,0.8261
1212,AL_288,AL,numeric,significand,median,0.3784,0.8261,0.9048,1.0,0.8261
1213,AL_288,AL,numeric,sig4figs,mean,0.3784,0.8261,0.9048,1.0,0.8261
1214,AL_288,AL,numeric,sig4figs,median,0.3784,0.8261,0.9048,1.0,0.8261
1215,AL_289,AL,numeric,raw,mean,0.3784,0.8261,0.9048,1.0,0.8261
1216,AL_289,AL,numeric,raw,median,0.3784,0.8261,0.9048,1.0,0.8261
1217,AL_289,AL,numeric,significand,mean,0.3784,0.8261,0.9048,1.0,0.8261
1218,AL_289,AL,numeric,significand,median,0.3784,0.8261,0.9048,1.0,0.8261
1219,AL_289,AL,numeric,sig4figs,mean,0.3784,0.8261,0.9048,1.0,0.8261
1220,AL_289,AL,numeric,sig4figs,median,0.3784,0.8261,0.9048,1.0,0.8261
1221,AL_290,AL,numeric,raw,mean,0.3694,0.8261,0.9048,1.0,0.8261
1222,AL_290,AL,numeric,raw,median,0.3694,0.8261,0.9048,1.0,0.8261
1223,AL_290,AL,numeric,significand,mean,0.3694,0.8261,0.9048,1.0,0.8261
1224,AL_290,AL,numeric,significand,median,0.3694,0.8261,0.9048,1.0,0.8261
1225,AL_290,AL,numeric,sig4figs,mean,0.3694,0.8261,0.9048,1.0,0.8261
1226,AL_290,AL,numeric,sig4figs,median,0.3694,0.8261,0.9048,1.0,0.8261
1227,AL_292,AL,numeric,raw,mean,0.3694,0.8261,0.9048,1.0,0.8261
1228,AL_292,AL,numeric,raw,median,0.3694,0.8261,0.9048,1.0,0.8261
1229,AL_292,AL,numeric,significand,mean,0.3694,0.8261,0.9048,1.0,0.8261
1230,AL_292,AL,numeric,significand,median,0.3694,0.8261,0.9048,1.0,0.8261
1231,AL_292,AL,numeric,sig4figs,mean,0.3694,0.8261,0.9048,1.0,0.8261
1232,AL_292,AL,numeric,sig4figs,median,0.3694,0.8261,0.9048,1.0,0.8261
1233,AL_293,AL,numeric,raw,mean,0.3694,0.8261,0.9048,1.0,0.8261
1234,AL_293,AL,numeric,raw,median,0.3694,0.8261,0.9048,1.0,0.8261
1235,AL_293,AL,numeric,significand,mean,0.3694,0.8261,0.9048,1.0,0.8261
1236,AL_293,AL,numeric,significand,median,0.3694,0.8261,0.9048,1.0,0.8261
1237,AL_293,AL,numeric,sig4figs,mean,0.3694,0.8261,0.9048,1.0,0.8261
1238,AL_293,AL,numeric,sig4figs,median,0.3694,0.8261,0.9048,1.0,0.8261
1239,AL_294,AL,numeric,raw,mean,0.3694,0.8261,0.9048,1.0,0.8261
1240,AL_294,AL,numeric,raw,median,0.3694,0.8261,0.9048,1.0,0.8261
1241,AL_294,AL,numeric,significand,mean,0.3694,0.8261,0.9048,1.0,0.8261
1242,AL_294,AL,numeric,significand,median,0.3694,0.8261,0.9048,1.0,0.8261
1243,AL_294,AL,numeric,sig4figs,mean,0.3694,0.8261,0.9048,1.0,0.8261
1244,AL_294,AL,numeric,sig4figs,median,0.3694,0.8261,0.9048,1.0,0.8261
1245,AL_295,AL,numeric,raw,mean,0.1351,0.8261,0.9048,1.0,0.8261
1246,AL_295,AL,numeric,raw,median,0.1351,0.8261,0.9048,1.0,0.8261
1247,AL_295,AL,numeric,significand,mean,0.1351,0.8261,0.9048,1.0,0.8261
1248,AL_295,AL,numeric,significand,median,0.1351,0.8261,0.9048,1.0,0.8261
1249,AL_295,AL,numeric,sig4figs,mean,0.1351,0.8261,0.9048,1.0,0.8261
1250,AL_295,AL,numeric,sig4figs,median,0.1351,0.8261,0.9048,1.0,0.8261
1251,AL_297,AL,numeric,raw,mean,0.1351,0.8261,0.9048,1.0,0.8261
1252,AL_297,AL,numeric,raw,median,0.1351,0.8261,0.9048,1.0,0.8261
1253,AL_297,AL,numeric,significand,mean,0.1351,0.8261,0.9048,1.0,0.8261
1254,AL_297,AL,numeric,significand,median,0.1351,0.8261,0.9048,1.0,0.8261
1255,AL_297,AL,numeric,sig4figs,mean,0.1351,0.8261,0.9048,1.0,0.8261
1256,AL_297,AL,numeric,sig4figs,median,0.1351,0.8261,0.9048,1.0,0.8261
1257,AL_299,AL,numeric,raw,mean,0.1351,0.8261,0.9048,1.0,0.8261
1258,AL_299,AL,numeric,raw,median,0.1351,0.8261,0.9048,1.0,0.8261
1259,AL_299,AL,numeric,significand,mean,0.1351,0.8261,0.9048,1.0,0.8261
1260,AL_299,AL,numeric,significand,median,0.1351,0.8261,0.9048,1.0,0.8261
1261,AL_299,AL,numeric,sig4figs,mean,0.1351,0.8261,0.9048,1.0,0.8261
1262,AL_299,AL,numeric,sig4figs,median,0.1351,0.8261,0.9048,1.0,0.8261
1263,AL_300,AL,numeric,raw,mean,0.1351,0.8261,0.9048,1.0,0.8261
1264,AL_300,AL,numeric,raw,median,0.1351,0.8261,0.9048,1.0,0.8261
1265,AL_300,AL,numeric,significand,mean,0.1351,0.8261,0.9048,1.0,0.8261
1266,AL_300,AL,numeric,significand,median,0.1351,0.8261,0.9048,1.0,0.8261
1267,AL_300,AL,numeric,sig4figs,mean,0.1351,0.8261,0.9048,1.0,0.8261
1268,AL_300,AL,numeric,sig4figs,median,0.1351,0.8261,0.9048,1.0,0.8261
1269,AL_301,AL,numeric,raw,mean,0.1351,0.8261,0.9048,1.0,0.8261
1270,AL_301,AL,numeric,raw,median,0.1351,0.8261,0.9048,1.0,0.8261
1271,AL_301,AL,numeric,significand,mean,0.1351,0.8261,0.9048,1.0,0.8261
1272,AL_301,AL,numeric,significand,median,0.1351,0.8261,0.9048,1.0,0.8261
1273,AL_301,AL,numeric,sig4figs,mean,0.1351,0.8261,0.9048,1.0,0.8261
1274,AL_301,AL,numeric,sig4figs,median,0.1351,0.8261,0.9048,1.0,0.8261
1275,AL_303,AL,numeric,raw,mean,0.1351,0.8261,0.9048,1.0,0.8261
1276,AL_303,AL,numeric,raw,median,0.1351,0.8261,0.9048,1.0,0.8261
1277,AL_303,AL,numeric,significand,mean,0.1351,0.8261,0.9048,1.0,0.8261
1278,AL_303,AL,numeric,significand,median,0.1351,0.8261,0.9048,1.0,0.8261
1279,AL_303,AL,numeric,sig4figs,mean,0.1351,0.8261,0.9048,1.0,0.8261
1280,AL_303,AL,numeric,sig4figs,median,0.1351,0.8261,0.9048,1.0,0.8261
1281,AL_305,AL,numeric,raw,mean,0.1351,0.8261,0.9048,1.0,0.8261
1282,AL_305,AL,numeric,raw,median,0.1351,0.8261,0.9048,1.0,0.8261
1283,AL_305,AL,numeric,significand,mean,0.1351,0.8261,0.9048,1.0,0.8261
1284,AL_305,AL,numeric,significand,median,0.1351,0.8261,0.9048,1.0,0.8261
1285,AL_305,AL,numeric,sig4figs,mean,0.1351,0.8261,0.9048,1.0,0.8261
1286,AL_305,AL,numeric,sig4figs,median,0.1351,0.8261,0.9048,1.0,0.8261
1287,AL_306,AL,numeric,significand,mean,0.1351,0.8261,0.9048,1.0,0.8261
1288,AL_306,AL,numeric,significand,median,0.1351,0.8261,0.9048,1.0,0.8261
1289,AL_307,AL,numeric,raw,mean,0.1351,0.8261,0.9048,1.0,0.8261
1290,AL_307,AL,numeric,raw,median,0.1351,0.8261,0.9048,1.0,0.8261
1291,AL_307,AL,numeric,significand,mean,0.1351,0.8261,0.9048,1.0,0.8261
1292,AL_307,AL,numeric,significand,median,0.1351,0.8261,0.9048,1.0,0.8261
1293,AL_307,AL,numeric,sig4figs,mean,0.1351,0.8261,0.9048,1.0,0.8261
1294,AL_307,AL,numeric,sig4figs,median,0.1351,0.8261,0.9048,1.0,0.8261
1295,AL_308,AL,numeric,raw,mean,0.1351,0.8261,0.9048,1.0,0.8261
1296,AL_308,AL,numeric,raw,median,0.1351,0.8261,0.9048,1.0,0.8261
1297,AL_308,AL,numeric,significand,mean,0.1351,0.8261,0.9048,1.0,0.8261
1298,AL_308,AL,numeric,significand,median,0.1351,0.8261,0.9048,1.0,0.8261
1299,AL_308,AL,numeric,sig4figs,mean,0.1351,0.8261,0.9048,1.0,0.8261
1300,AL_308,AL,numeric,sig4figs,median,0.1351,0.8261,0.9048,1.0,0.8261
1301,AL_309,AL,numeric,raw,mean,0.1351,0.8261,0.9048,1.0,0.8261
1302,AL_309,AL,numeric,raw,median,0.1351,0.8261,0.9048,1.0,0.8261
1303,AL_309,AL,numeric,significand,mean,0.1351,0.8261,0.9048,1.0,0.8261
1304,AL_309,AL,numeric,significand,median,0.1351,0.8261,0.9048,1.0,0.8261
1305,AL_309,AL,numeric,sig4figs,mean,0.1351,0.8261,0.9048,1.0,0.8261
1306,AL_309,AL,numeric,sig4figs,median,0.1351,0.8261,0.9048,1.0,0.8261
1307,AL_310,AL,numeric,raw,mean,0.1351,0.8261,0.9048,1.0,0.8261
1308,AL_310,AL,numeric,raw,median,0.1351,0.8261,0.9048,1.0,0.8261
1309,AL_310,AL,numeric,significand,mean,0.1351,0.8261,0.9048,1.0,0.8261
1310,AL_310,AL,numeric,significand,median,0.1351,0.8261,0.9048,1.0,0.8261
1311,AL_310,AL,numeric,sig4figs,mean,0.1351,0.8261,0.9048,1.0,0.8261
1312,AL_310,AL,numeric,sig4figs,median,0.1351,0.8261,0.9048,1.0,0.8261
1313,AL_311,AL,numeric,raw,mean,0.1351,0.8261,0.9048,1.0,0.8261
1314,AL_311,AL,numeric,raw,median,0.1351,0.8261,0.9048,1.0,0.8261
1315,AL_311,AL,numeric,sig4figs,mean,0.1351,0.8261,0.9048,1.0,0.8261
1316,AL_311,AL,numeric,sig4figs,median,0.1351,0.8261,0.9048,1.0,0.8261
1317,AL_312,AL,numeric,raw,mean,0.1351,0.8261,0.9048,1.0,0.8261
1318,AL_312,AL,numeric,raw,median,0.1351,0.8261,0.9048,1.0,0.8261
1319,AL_312,AL,numeric,significand,mean,0.1351,0.8261,0.9048,1.0,0.8261
1320,AL_312,AL,numeric,significand,median,0.1351,0.8261,0.9048,1.0,0.8261
1321,AL_312,AL,numeric,sig4figs,mean,0.1351,0.8261,0.9048,1.0,0.8261
1322,AL_312,AL,numeric,sig4figs,median,0.1351,0.8261,0.9048,1.0,0.8261
1323,AL_313,AL,numeric,raw,mean,0.1351,0.8261,0.9048,1.0,0.8261
1324,AL_313,AL,numeric,raw,median,0.1351,0.8261,0.9048,1.0,0.8261
1325,AL_313,AL,numeric,significand,mean,0.1351,0.8261,0.9048,1.0,0.8261
1326,AL_313,AL,numeric,significand,median,0.1351,0.8261,0.9048,1.0,0.8261
1327,AL_313,AL,numeric,sig4figs,mean,0.1351,0.8261,0.9048,1.0,0.8261
1328,AL_313,AL,numeric,sig4figs,median,0.1351,0.8261,0.9048,1.0,0.8261
1329,AL_314,AL,numeric,raw,mean,0.1351,0.8261,0.9048,1.0,0.8261
1330,AL_314,AL,numeric,raw,median,0.1351,0.8261,0.9048,1.0,0.8261
1331,AL_314,AL,numeric,significand,mean,0.1351,0.8261,0.9048,1.0,0.8261
1332,AL_314,AL,numeric,significand,median,0.1351,0.8261,0.9048,1.0,0.8261
1333,AL_314,AL,numeric,sig4figs,mean,0.1351,0.8261,0.9048,1.0,0.8261
1334,AL_314,AL,numeric,sig4figs,median,0.1351,0.8261,0.9048,1.0,0.8261
1335,AL_316,AL,numeric,raw,mean,0.1351,0.8261,0.9048,1.0,0.8261
1336,AL_316,AL,numeric,raw,median,0.1351,0.8261,0.9048,1.0,0.8261
1337,AL_316,AL,numeric,significand,mean,0.1351,0.8261,0.9048,1.0,0.8261
1338,AL_316,AL,numeric,significand,median,0.1351,0.8261,0.9048,1.0,0.8261
1339,AL_316,AL,numeric,sig4figs,mean,0.1351,0.8261,0.9048,1.0,0.8261
1340,AL_316,AL,numeric,sig4figs,median,0.1351,0.8261,0.9048,1.0,0.8261
1341,AL_317,AL,numeric,raw,mean,0.1351,0.8261,0.9048,1.0,0.8261
1342,AL_317,AL,numeric,raw,median,0.1351,0.8261,0.9048,1.0,0.8261
1343,AL_317,AL,numeric,significand,mean,0.1351,0.8261,0.9048,1.0,0.8261
1344,AL_317,AL,numeric,significand,median,0.1351,0.8261,0.9048,1.0,0.8261
1345,AL_317,AL,numeric,sig4figs,mean,0.1351,0.8261,0.9048,1.0,0.8261
1346,AL_317,AL,numeric,sig4figs,median,0.1351,0.8261,0.9048,1.0,0.8261
1347,AL_318,AL,numeric,raw,mean,0.1351,0.8261,0.9048,1.0,0.8261
1348,AL_318,AL,numeric,raw,median,0.1351,0.8261,0.9048,1.0,0.8261
1349,AL_318,AL,numeric,significand,mean,0.1351,0.8261,0.9048,1.0,0.8261
1350,AL_318,AL,numeric,significand,median,0.1351,0.8261,0.9048,1.0,0.8261
1351,AL_318,AL,numeric,sig4figs,mean,0.1351,0.8261,0.9048,1.0,0.8261
1352,AL_318,AL,numeric,sig4figs,median,0.1351,0.8261,0.9048,1.0,0.8261
1353,AL_319,AL,numeric,raw,mean,0.1351,0.8261,0.9048,1.0,0.8261
1354,AL_319,AL,numeric,raw,median,0.1351,0.8261,0.9048,1.0,0.8261
1355,AL_319,AL,numeric,sig4figs,mean,0.1351,0.8261,0.9048,1.0,0.8261
1356,AL_319,AL,numeric,sig4figs,median,0.1351,0.8261,0.9048,1.0,0.8261
1357,AL_320,AL,numeric,raw,mean,0.1351,0.8261,0.9048,1.0,0.8261
1358,AL_320,AL,numeric,raw,median,0.1351,0.8261,0.9048,1.0,0.8261
1359,AL_320,AL,numeric,significand,mean,0.1351,0.8261,0.9048,1.0,0.8261
1360,AL_320,AL,numeric,significand,median,0.1351,0.8261,0.9048,1.0,0.8261
1361,AL_320,AL,numeric,sig4figs,mean,0.1351,0.8261,0.9048,1.0,0.8261
1362,AL_320,AL,numeric,sig4figs,median,0.1351,0.8261,0.9048,1.0,0.8261
1363,AL_321,AL,numeric,raw,mean,0.1351,0.8261,0.9048,1.0,0.8261
1364,AL_321,AL,numeric,raw,median,0.1351,0.8261,0.9048,1.0,0.8261
1365,AL_321,AL,numeric,significand,mean,0.1351,0.8261,0.9048,1.0,0.8261
1366,AL_321,AL,numeric,significand,median,0.1351,0.8261,0.9048,1.0,0.8261
1367,AL_321,AL,numeric,sig4figs,mean,0.1351,0.8261,0.9048,1.0,0.8261
1368,AL_321,AL,numeric,sig4figs,median,0.1351,0.8261,0.9048,1.0,0.8261
1369,AL_322,AL,numeric,raw,mean,0.1351,0.8261,0.9048,1.0,0.8261
1370,AL_322,AL,numeric,raw,median,0.1351,0.8261,0.9048,1.0,0.8261
1371,AL_322,AL,numeric,significand,mean,0.1351,0.8261,0.9048,1.0,0.8261
1372,AL_322,AL,numeric,significand,median,0.1351,0.8261,0.9048,1.0,0.8261
1373,AL_322,AL,numeric,sig4figs,mean,0.1351,0.8261,0.9048,1.0,0.8261
1374,AL_322,AL,numeric,sig4figs,median,0.1351,0.8261,0.9048,1.0,0.8261
1375,AL_324,AL,numeric,raw,mean,0.1351,0.8261,0.9048,1.0,0.8261
1376,AL_324,AL,numeric,raw,median,0.1351,0.8261,0.9048,1.0,0.8261
1377,AL_324,AL,numeric,significand,mean,0.1351,0.8261,0.9048,1.0,0.8261
1378,AL_324,AL,numeric,significand,median,0.1351,0.8261,0.9048,1.0,0.8261
1379,AL_324,AL,numeric,sig4figs,mean,0.1351,0.8261,0.9048,1.0,0.8261
1380,AL_324,AL,numeric,sig4figs,median,0.1351,0.8261,0.9048,1.0,0.8261
1381,AL_325,AL,numeric,raw,mean,0.1351,0.8261,0.9048,1.0,0.8261
1382,AL_325,AL,numeric,raw,median,0.1351,0.8261,0.9048,1.0,0.8261
1383,AL_325,AL,numeric,significand,mean,0.1351,0.8261,0.9048,1.0,0.8261
1384,AL_325,AL,numeric,significand,median,0.1351,0.8261,0.9048,1.0,0.8261
1385,AL_325,AL,numeric,sig4figs,mean,0.1351,0.8261,0.9048,1.0,0.8261
1386,AL_325,AL,numeric,sig4figs,median,0.1351,0.8261,0.9048,1.0,0.8261
1387,AL_326,AL,numeric,raw,mean,0.1351,0.8261,0.9048,1.0,0.8261
1388,AL_326,AL,numeric,raw,median,0.1351,0.8261,0.9048,1.0,0.8261
1389,AL_326,AL,numeric,significand,mean,0.1351,0.8261,0.9048,1.0,0.8261
1390,AL_326,AL,numeric,significand,median,0.1351,0.8261,0.9048,1.0,0.8261
1391,AL_326,AL,numeric,sig4figs,mean,0.1351,0.8261,0.9048,1.0,0.8261
1392,AL_326,AL,numeric,sig4figs,median,0.1351,0.8261,0.9048,1.0,0.8261
1393,AL_329,AL,numeric,raw,mean,0.1351,0.8261,0.9048,1.0,0.8261
1394,AL_329,AL,numeric,raw,median,0.1351,0.8261,0.9048,1.0,0.8261
1395,AL_329,AL,numeric,significand,mean,0.1351,0.8261,0.9048,1.0,0.8261
1396,AL_329,AL,numeric,significand,median,0.1351,0.8261,0.9048,1.0,0.8261
1397,AL_329,AL,numeric,sig4figs,mean,0.1351,0.8261,0.9048,1.0,0.8261
1398,AL_329,AL,numeric,sig4figs,median,0.1351,0.8261,0.9048,1.0,0.8261
1399,AL_330,AL,numeric,raw,mean,0.1351,0.8261,0.9048,1.0,0.8261
1400,AL_330,AL,numeric,raw,median,0.1351,0.8261,0.9048,1.0,0.8261
1401,AL_330,AL,numeric,significand,mean,0.1351,0.8261,0.9048,1.0,0.8261
1402,AL_330,AL,numeric,significand,median,0.1351,0.8261,0.9048,1.0,0.8261
1403,AL_330,AL,numeric,sig4figs,mean,0.1351,0.8261,0.9048,1.0,0.8261
1404,AL_330,AL,numeric,sig4figs,median,0.1351,0.8261,0.9048,1.0,0.8261
1405,AL_332,AL,numeric,raw,mean,0.1351,0.8261,0.9048,1.0,0.8261
1406,AL_332,AL,numeric,raw,median,0.1351,0.8261,0.9048,1.0,0.8261
1407,AL_332,AL,numeric,significand,mean,0.1351,0.8261,0.9048,1.0,0.8261
1408,AL_332,AL,numeric,significand,median,0.1351,0.8261,0.9048,1.0,0.8261
1409,AL_332,AL,numeric,sig4figs,mean,0.1351,0.8261,0.9048,1.0,0.8261
1410,AL_332,AL,numeric,sig4figs,median,0.1351,0.8261,0.9048,1.0,0.8261
1411,AL_333,AL,numeric,raw,mean,0.1351,0.8261,0.9048,1.0,0.8261
1412,AL_333,AL,numeric,raw,median,0.1351,0.8261,0.9048,1.0,0.8261
1413,AL_333,AL,numeric,significand,mean,0.1351,0.8261,0.9048,1.0,0.8261
1414,AL_333,AL,numeric,significand,median,0.1351,0.8261,0.9048,1.0,0.8261
1415,AL_333,AL,numeric,sig4figs,mean,0.1351,0.8261,0.9048,1.0,0.8261
1416,AL_333,AL,numeric,sig4figs,median,0.1351,0.8261,0.9048,1.0,0.8261
1417,AL_334,AL,numeric,raw,mean,0.1351,0.8261,0.9048,1.0,0.8261
1418,AL_334,AL,numeric,raw,median,0.1351,0.8261,0.9048,1.0,0.8261
1419,AL_334,AL,numeric,significand,mean,0.1351,0.8261,0.9048,1.0,0.8261
1420,AL_334,AL,numeric,significand,median,0.1351,0.8261,0.9048,1.0,0.8261
1421,AL_334,AL,numeric,sig4figs,mean,0.1351,0.8261,0.9048,1.0,0.8261
1422,AL_334,AL,numeric,sig4figs,median,0.1351,0.8261,0.9048,1.0,0.8261
1423,EK_4,EK,numeric,raw,mean,0.0,0.8261,0.9048,1.0,0.8261
1424,EK_4,EK,numeric,raw,median,0.0,0.8261,0.9048,1.0,0.8261
1425,EK_4,EK,numeric,sig4figs,mean,0.0,0.8261,0.9048,1.0,0.8261
1426,EK_4,EK,numeric,sig4figs,median,0.0,0.8261,0.9048,1.0,0.8261
1427,AA_1,AA,categorical,categorical,none,0.0,0.8261,0.9048,1.0,0.8261
1428,AL_3,AL,numeric,significand,mean,0.8649,0.8261,0.9,0.9474,0.8571
1429,AL_5,AL,numeric,significand,mean,0.8649,0.8261,0.9,0.9474,0.8571
1430,AL_6,AL,numeric,significand,mean,0.8649,0.8261,0.9,0.9474,0.8571
1431,AL_7,AL,numeric,significand,mean,0.1532,0.8261,0.9,0.9474,0.8571
1432,AL_7,AL,numeric,significand,median,0.1532,0.8261,0.9,0.9474,0.8571
1433,AL_10,AL,numeric,significand,mean,0.1532,0.8261,0.9,0.9474,0.8571
1434,AL_16,AL,numeric,significand,mean,0.5045,0.8261,0.9,0.9474,0.8571
1435,AL_19,AL,numeric,significand,mean,0.5045,0.8261,0.9,0.9474,0.8571
1436,AL_19,AL,numeric,significand,median,0.5045,0.8261,0.9,0.9474,0.8571
1437,AL_23,AL,numeric,raw,mean,0.5045,0.8261,0.9,0.9474,0.8571
1438,AL_23,AL,numeric,raw,median,0.5045,0.8261,0.9,0.9474,0.8571
1439,AL_23,AL,numeric,sig4figs,mean,0.5045,0.8261,0.9,0.9474,0.8571
1440,AL_23,AL,numeric,sig4figs,median,0.5045,0.8261,0.9,0.9474,0.8571
1441,CAT_1,CAT,categorical,categorical,none,0.1441,0.8261,0.9,0.9474,0.8571
1442,AL_91,AL,numeric,raw,mean,0.3333,0.8261,0.9,0.9474,0.8571
1443,AL_91,AL,numeric,raw,median,0.3333,0.8261,0.9,0.9474,0.8571
1444,AL_91,AL,numeric,sig4figs,mean,0.3333,0.8261,0.9,0.9474,0.8571
1445,AL_91,AL,numeric,sig4figs,median,0.3333,0.8261,0.9,0.9474,0.8571
1446,EK_1,EK,numeric,significand,mean,0.0,0.8261,0.9,0.9474,0.8571
1447,EK_1,EK,numeric,significand,median,0.0,0.8261,0.9,0.9474,0.8571
1448,AL_109,AL,numeric,significand,mean,0.1982,0.8261,0.9,0.9474,0.8571
1449,AL_109,AL,numeric,significand,median,0.1982,0.8261,0.9,0.9474,0.8571
1450,AL_112,AL,numeric,raw,mean,0.1982,0.8261,0.9,0.9474,0.8571
1451,AL_112,AL,numeric,raw,median,0.1982,0.8261,0.9,0.9474,0.8571
1452,AL_112,AL,numeric,sig4figs,mean,0.1982,0.8261,0.9,0.9474,0.8571
1453,AL_112,AL,numeric,sig4figs,median,0.1982,0.8261,0.9,0.9474,0.8571
1454,AL_124,AL,numeric,significand,mean,0.1982,0.8261,0.9,0.9474,0.8571
1455,AL_124,AL,numeric,significand,median,0.1982,0.8261,0.9,0.9474,0.8571
1456,AL_163,AL,numeric,significand,mean,0.1982,0.8261,0.9,0.9474,0.8571
1457,AL_163,AL,numeric,significand,median,0.1982,0.8261,0.9,0.9474,0.8571
1458,AL_172,AL,numeric,raw,mean,0.1982,0.8261,0.9,0.9474,0.8571
1459,AL_172,AL,numeric,sig4figs,mean,0.1982,0.8261,0.9,0.9474,0.8571
1460,AL_211,AL,numeric,significand,mean,0.3694,0.8261,0.9,0.9474,0.8571
1461,AL_226,AL,numeric,raw,mean,0.3694,0.8261,0.9,0.9474,0.8571
1462,AL_226,AL,numeric,raw,median,0.3694,0.8261,0.9,0.9474,0.8571
1463,AL_226,AL,numeric,sig4figs,mean,0.3694,0.8261,0.9,0.9474,0.8571
1464,AL_226,AL,numeric,sig4figs,median,0.3694,0.8261,0.9,0.9474,0.8571
1465,AL_247,AL,numeric,raw,mean,0.3694,0.8261,0.9,0.9474,0.8571
1466,AL_247,AL,numeric,raw,median,0.3694,0.8261,0.9,0.9474,0.8571
1467,AL_247,AL,numeric,sig4figs,mean,0.3694,0.8261,0.9,0.9474,0.8571
1468,AL_247,AL,numeric,sig4figs,median,0.3694,0.8261,0.9,0.9474,0.8571
1469,AL_271,AL,numeric,significand,mean,0.3694,0.8261,0.9,0.9474,0.8571
1470,AL_271,AL,numeric,significand,median,0.3694,0.8261,0.9,0.9474,0.8571
1471,AL_291,AL,numeric,significand,mean,0.3694,0.8261,0.9,0.9474,0.8571
1472,AL_291,AL,numeric,significand,median,0.3694,0.8261,0.9,0.9474,0.8571
1473,AL_5,AL,numeric,raw,mean,0.8649,0.8261,0.8947,0.8947,0.8947
1474,AL_5,AL,numeric,sig4figs,mean,0.8649,0.8261,0.8947,0.8947,0.8947
1475,AL_19,AL,numeric,raw,mean,0.5045,0.8261,0.8947,0.8947,0.8947
1476,AL_19,AL,numeric,raw,median,0.5045,0.8261,0.8947,0.8947,0.8947
1477,AL_19,AL,numeric,sig4figs,mean,0.5045,0.8261,0.8947,0.8947,0.8947
1478,AL_19,AL,numeric,sig4figs,median,0.5045,0.8261,0.8947,0.8947,0.8947
1479,AL_28,AL,numeric,raw,mean,0.8649,0.8261,0.8947,0.8947,0.8947
1480,AL_28,AL,numeric,sig4figs,mean,0.8649,0.8261,0.8947,0.8947,0.8947
1481,EK_3,EK,numeric,raw,mean,0.4414,0.8261,0.8947,0.8947,0.8947
1482,EK_3,EK,numeric,raw,median,0.4414,0.8261,0.8947,0.8947,0.8947
1483,EK_3,EK,numeric,significand,mean,0.4414,0.8261,0.8947,0.8947,0.8947
1484,EK_3,EK,numeric,significand,median,0.4414,0.8261,0.8947,0.8947,0.8947
1485,EK_3,EK,numeric,sig4figs,mean,0.4414,0.8261,0.8947,0.8947,0.8947
1486,EK_3,EK,numeric,sig4figs,median,0.4414,0.8261,0.8947,0.8947,0.8947
1487,AL_188,AL,numeric,significand,mean,0.3694,0.8261,0.8947,0.8947,0.8947
1488,AL_188,AL,numeric,significand,median,0.3694,0.8261,0.8947,0.8947,0.8947
1489,AL_266,AL,numeric,raw,mean,0.3694,0.8261,0.8947,0.8947,0.8947
1490,AL_266,AL,numeric,raw,median,0.3694,0.8261,0.8947,0.8947,0.8947
1491,AL_266,AL,numeric,sig4figs,mean,0.3694,0.8261,0.8947,0.8947,0.8947
1492,AL_266,AL,numeric,sig4figs,median,0.3694,0.8261,0.8947,0.8947,0.8947
1493,EK_9,EK,numeric,raw,mean,0.0,0.8261,0.8947,0.8947,0.8947
1494,EK_9,EK,numeric,raw,median,0.0,0.8261,0.8947,0.8947,0.8947
1495,EK_9,EK,numeric,sig4figs,mean,0.0,0.8261,0.8947,0.8947,0.8947
1496,EK_9,EK,numeric,sig4figs,median,0.0,0.8261,0.8947,0.8947,0.8947
1497,AL_8,AL,numeric,significand,mean,0.1532,0.7826,0.878,0.9474,0.8182
1498,AL_8,AL,numeric,significand,median,0.1532,0.7826,0.878,0.9474,0.8182
1499,AL_9,AL,numeric,significand,mean,0.1532,0.7826,0.878,0.9474,0.8182
1500,AL_9,AL,numeric,significand,median,0.1532,0.7826,0.878,0.9474,0.8182
1501,AL_10,AL,numeric,significand,median,0.1532,0.7826,0.878,0.9474,0.8182
1502,AL_15,AL,numeric,significand,median,0.1532,0.7826,0.878,0.9474,0.8182
1503,AL_16,AL,numeric,significand,median,0.5045,0.7826,0.878,0.9474,0.8182
1504,AL_17,AL,numeric,raw,mean,0.5045,0.7826,0.878,0.9474,0.8182
1505,AL_17,AL,numeric,sig4figs,mean,0.5045,0.7826,0.878,0.9474,0.8182
1506,AL_18,AL,numeric,raw,mean,0.5045,0.7826,0.878,0.9474,0.8182
1507,AL_18,AL,numeric,sig4figs,mean,0.5045,0.7826,0.878,0.9474,0.8182
1508,AL_20,AL,numeric,raw,mean,0.5045,0.7826,0.878,0.9474,0.8182
1509,AL_20,AL,numeric,raw,median,0.5045,0.7826,0.878,0.9474,0.8182
1510,AL_20,AL,numeric,significand,mean,0.5045,0.7826,0.878,0.9474,0.8182
1511,AL_20,AL,numeric,significand,median,0.5045,0.7826,0.878,0.9474,0.8182
1512,AL_20,AL,numeric,sig4figs,mean,0.5045,0.7826,0.878,0.9474,0.8182
1513,AL_20,AL,numeric,sig4figs,median,0.5045,0.7826,0.878,0.9474,0.8182
1514,AL_22,AL,numeric,raw,mean,0.5045,0.7826,0.878,0.9474,0.8182
1515,AL_22,AL,numeric,raw,median,0.5045,0.7826,0.878,0.9474,0.8182
1516,AL_22,AL,numeric,significand,mean,0.5045,0.7826,0.878,0.9474,0.8182
1517,AL_22,AL,numeric,significand,median,0.5045,0.7826,0.878,0.9474,0.8182
1518,AL_22,AL,numeric,sig4figs,mean,0.5045,0.7826,0.878,0.9474,0.8182
1519,AL_22,AL,numeric,sig4figs,median,0.5045,0.7826,0.878,0.9474,0.8182
1520,AL_25,AL,numeric,significand,mean,0.5045,0.7826,0.878,0.9474,0.8182
1521,AL_25,AL,numeric,significand,median,0.5045,0.7826,0.878,0.9474,0.8182
1522,AL_30,AL,numeric,raw,mean,0.8649,0.7826,0.878,0.9474,0.8182
1523,AL_30,AL,numeric,sig4figs,mean,0.8649,0.7826,0.878,0.9474,0.8182
1524,AL_31,AL,numeric,raw,mean,0.8649,0.7826,0.878,0.9474,0.8182
1525,AL_31,AL,numeric,significand,mean,0.8649,0.7826,0.878,0.9474,0.8182
1526,AL_31,AL,numeric,sig4figs,mean,0.8649,0.7826,0.878,0.9474,0.8182
1527,AL_43,AL,numeric,raw,median,0.2973,0.7826,0.878,0.9474,0.8182
1528,AL_43,AL,numeric,sig4figs,median,0.2973,0.7826,0.878,0.9474,0.8182
1529,AL_49,AL,numeric,raw,mean,0.2973,0.7826,0.878,0.9474,0.8182
1530,AL_49,AL,numeric,raw,median,0.2973,0.7826,0.878,0.9474,0.8182
1531,AL_49,AL,numeric,significand,mean,0.2973,0.7826,0.878,0.9474,0.8182
1532,AL_49,AL,numeric,sig4figs,mean,0.2973,0.7826,0.878,0.9474,0.8182
1533,AL_49,AL,numeric,sig4figs,median,0.2973,0.7826,0.878,0.9474,0.8182
1534,AL_58,AL,numeric,raw,mean,0.2973,0.7826,0.878,0.9474,0.8182
1535,AL_58,AL,numeric,raw,median,0.2973,0.7826,0.878,0.9474,0.8182
1536,AL_58,AL,numeric,significand,mean,0.2973,0.7826,0.878,0.9474,0.8182
1537,AL_58,AL,numeric,significand,median,0.2973,0.7826,0.878,0.9474,0.8182
1538,AL_58,AL,numeric,sig4figs,mean,0.2973,0.7826,0.878,0.9474,0.8182
1539,AL_58,AL,numeric,sig4figs,median,0.2973,0.7826,0.878,0.9474,0.8182
1540,AL_61,AL,numeric,raw,mean,0.2973,0.7826,0.878,0.9474,0.8182
1541,AL_61,AL,numeric,raw,median,0.2973,0.7826,0.878,0.9474,0.8182
1542,AL_61,AL,numeric,sig4figs,mean,0.2973,0.7826,0.878,0.9474,0.8182
1543,AL_61,AL,numeric,sig4figs,median,0.2973,0.7826,0.878,0.9474,0.8182
1544,AL_67,AL,numeric,significand,mean,0.2973,0.7826,0.878,0.9474,0.8182
1545,AL_67,AL,numeric,significand,median,0.2973,0.7826,0.878,0.9474,0.8182
1546,AL_73,AL,numeric,raw,mean,0.2973,0.7826,0.878,0.9474,0.8182
1547,AL_73,AL,numeric,raw,median,0.2973,0.7826,0.878,0.9474,0.8182
1548,AL_73,AL,numeric,sig4figs,mean,0.2973,0.7826,0.878,0.9474,0.8182
1549,AL_73,AL,numeric,sig4figs,median,0.2973,0.7826,0.878,0.9474,0.8182
1550,AL_97,AL,numeric,significand,mean,0.3333,0.7826,0.878,0.9474,0.8182
1551,AL_97,AL,numeric,significand,median,0.3333,0.7826,0.878,0.9474,0.8182
1552,AL_100,AL,numeric,significand,mean,0.1982,0.7826,0.878,0.9474,0.8182
1553,AL_100,AL,numeric,significand,median,0.1982,0.7826,0.878,0.9474,0.8182
1554,AL_103,AL,numeric,significand,mean,0.1982,0.7826,0.878,0.9474,0.8182
1555,AL_103,AL,numeric,significand,median,0.1982,0.7826,0.878,0.9474,0.8182
1556,AL_109,AL,numeric,raw,mean,0.1982,0.7826,0.878,0.9474,0.8182
1557,AL_109,AL,numeric,raw,median,0.1982,0.7826,0.878,0.9474,0.8182
1558,AL_109,AL,numeric,sig4figs,mean,0.1982,0.7826,0.878,0.9474,0.8182
1559,AL_109,AL,numeric,sig4figs,median,0.1982,0.7826,0.878,0.9474,0.8182
1560,AL_118,AL,numeric,raw,mean,0.1982,0.7826,0.878,0.9474,0.8182
1561,AL_118,AL,numeric,raw,median,0.1982,0.7826,0.878,0.9474,0.8182
1562,AL_118,AL,numeric,sig4figs,mean,0.1982,0.7826,0.878,0.9474,0.8182
1563,AL_118,AL,numeric,sig4figs,median,0.1982,0.7826,0.878,0.9474,0.8182
1564,AL_136,AL,numeric,sig4figs,mean,0.1982,0.7826,0.878,0.9474,0.8182
1565,AL_136,AL,numeric,sig4figs,median,0.1982,0.7826,0.878,0.9474,0.8182
1566,AL_142,AL,numeric,raw,mean,0.1982,0.7826,0.878,0.9474,0.8182
1567,AL_142,AL,numeric,raw,median,0.1982,0.7826,0.878,0.9474,0.8182
1568,AL_142,AL,numeric,sig4figs,mean,0.1982,0.7826,0.878,0.9474,0.8182
1569,AL_142,AL,numeric,sig4figs,median,0.1982,0.7826,0.878,0.9474,0.8182
1570,AL_154,AL,numeric,raw,median,0.1982,0.7826,0.878,0.9474,0.8182
1571,AL_154,AL,numeric,sig4figs,median,0.1982,0.7826,0.878,0.9474,0.8182
1572,AL_169,AL,numeric,raw,mean,0.1982,0.7826,0.878,0.9474,0.8182
1573,AL_169,AL,numeric,raw,median,0.1982,0.7826,0.878,0.9474,0.8182
1574,AL_169,AL,numeric,sig4figs,mean,0.1982,0.7826,0.878,0.9474,0.8182
1575,AL_169,AL,numeric,sig4figs,median,0.1982,0.7826,0.878,0.9474,0.8182
1576,AL_211,AL,numeric,significand,median,0.3694,0.7826,0.878,0.9474,0.8182
1577,AL_215,AL,numeric,significand,mean,0.5045,0.7826,0.878,0.9474,0.8182
1578,AL_215,AL,numeric,significand,median,0.5045,0.7826,0.878,0.9474,0.8182
1579,AL_235,AL,numeric,raw,mean,0.3694,0.7826,0.878,0.9474,0.8182
1580,AL_235,AL,numeric,raw,median,0.3694,0.7826,0.878,0.9474,0.8182
1581,AL_235,AL,numeric,sig4figs,mean,0.3694,0.7826,0.878,0.9474,0.8182
1582,AL_235,AL,numeric,sig4figs,median,0.3694,0.7826,0.878,0.9474,0.8182
1583,AL_251,AL,numeric,raw,mean,0.3874,0.7826,0.878,0.9474,0.8182
1584,AL_251,AL,numeric,raw,median,0.3874,0.7826,0.878,0.9474,0.8182
1585,AL_251,AL,numeric,sig4figs,mean,0.3874,0.7826,0.878,0.9474,0.8182
1586,AL_251,AL,numeric,sig4figs,median,0.3874,0.7826,0.878,0.9474,0.8182
1587,AL_255,AL,numeric,raw,mean,0.3694,0.7826,0.878,0.9474,0.8182
1588,AL_255,AL,numeric,raw,median,0.3694,0.7826,0.878,0.9474,0.8182
1589,AL_255,AL,numeric,sig4figs,mean,0.3694,0.7826,0.878,0.9474,0.8182
1590,AL_255,AL,numeric,sig4figs,median,0.3694,0.7826,0.878,0.9474,0.8182
1591,AL_262,AL,numeric,raw,mean,0.3694,0.7826,0.878,0.9474,0.8182
1592,AL_262,AL,numeric,raw,median,0.3694,0.7826,0.878,0.9474,0.8182
1593,AL_262,AL,numeric,sig4figs,mean,0.3694,0.7826,0.878,0.9474,0.8182
1594,AL_262,AL,numeric,sig4figs,median,0.3694,0.7826,0.878,0.9474,0.8182
1595,AL_275,AL,numeric,raw,mean,0.3694,0.7826,0.878,0.9474,0.8182
1596,AL_275,AL,numeric,raw,median,0.3694,0.7826,0.878,0.9474,0.8182
1597,AL_275,AL,numeric,sig4figs,mean,0.3694,0.7826,0.878,0.9474,0.8182
1598,AL_275,AL,numeric,sig4figs,median,0.3694,0.7826,0.878,0.9474,0.8182
1599,AL_279,AL,numeric,raw,mean,0.3694,0.7826,0.878,0.9474,0.8182
1600,AL_279,AL,numeric,raw,median,0.3694,0.7826,0.878,0.9474,0.8182
1601,AL_279,AL,numeric,sig4figs,mean,0.3694,0.7826,0.878,0.9474,0.8182
1602,AL_279,AL,numeric,sig4figs,median,0.3694,0.7826,0.878,0.9474,0.8182
1603,AL_291,AL,numeric,raw,mean,0.3694,0.7826,0.878,0.9474,0.8182
1604,AL_291,AL,numeric,raw,median,0.3694,0.7826,0.878,0.9474,0.8182
1605,AL_291,AL,numeric,sig4figs,mean,0.3694,0.7826,0.878,0.9474,0.8182
1606,AL_291,AL,numeric,sig4figs,median,0.3694,0.7826,0.878,0.9474,0.8182
1607,AL_296,AL,numeric,significand,mean,0.1351,0.7826,0.878,0.9474,0.8182
1608,AL_296,AL,numeric,significand,median,0.1351,0.7826,0.878,0.9474,0.8182
1609,AL_319,AL,numeric,significand,mean,0.1351,0.7826,0.878,0.9474,0.8182
1610,AL_328,AL,numeric,raw,mean,0.1351,0.7826,0.878,0.9474,0.8182
1611,AL_328,AL,numeric,raw,median,0.1351,0.7826,0.878,0.9474,0.8182
1612,AL_328,AL,numeric,significand,mean,0.1351,0.7826,0.878,0.9474,0.8182
1613,AL_328,AL,numeric,significand,median,0.1351,0.7826,0.878,0.9474,0.8182
1614,AL_328,AL,numeric,sig4figs,mean,0.1351,0.7826,0.878,0.9474,0.8182
1615,AL_328,AL,numeric,sig4figs,median,0.1351,0.7826,0.878,0.9474,0.8182
1616,EK_4,EK,numeric,significand,mean,0.0,0.7826,0.878,0.9474,0.8182
1617,EK_4,EK,numeric,significand,median,0.0,0.7826,0.878,0.9474,0.8182
1618,EK_5,EK,numeric,raw,mean,0.0,0.7826,0.878,0.9474,0.8182
1619,EK_5,EK,numeric,raw,median,0.0,0.7826,0.878,0.9474,0.8182
1620,EK_5,EK,numeric,sig4figs,mean,0.0,0.7826,0.878,0.9474,0.8182
1621,EK_5,EK,numeric,sig4figs,median,0.0,0.7826,0.878,0.9474,0.8182
1622,EK_7,EK,numeric,significand,mean,0.0,0.7826,0.878,0.9474,0.8182
1623,EK_7,EK,numeric,significand,median,0.0,0.7826,0.878,0.9474,0.8182
1624,AL_1,AL,numeric,raw,mean,0.8649,0.7826,0.8718,0.8947,0.85
1625,AL_1,AL,numeric,sig4figs,mean,0.8649,0.7826,0.8718,0.8947,0.85
1626,AL_2,AL,numeric,significand,mean,0.8649,0.7826,0.8718,0.8947,0.85
1627,AL_13,AL,numeric,significand,mean,0.1532,0.7826,0.8718,0.8947,0.85
1628,AL_13,AL,numeric,significand,median,0.1532,0.7826,0.8718,0.8947,0.85
1629,AL_14,AL,numeric,significand,mean,0.1532,0.7826,0.8718,0.8947,0.85
1630,AL_14,AL,numeric,significand,median,0.1532,0.7826,0.8718,0.8947,0.85
1631,AL_25,AL,numeric,raw,mean,0.5045,0.7826,0.8718,0.8947,0.85
1632,AL_25,AL,numeric,raw,median,0.5045,0.7826,0.8718,0.8947,0.85
1633,AL_25,AL,numeric,sig4figs,mean,0.5045,0.7826,0.8718,0.8947,0.85
1634,AL_25,AL,numeric,sig4figs,median,0.5045,0.7826,0.8718,0.8947,0.85
1635,AL_38,AL,numeric,raw,mean,0.8649,0.7826,0.8718,0.8947,0.85
1636,AL_38,AL,numeric,sig4figs,mean,0.8649,0.7826,0.8718,0.8947,0.85
1637,AL_40,AL,numeric,raw,mean,0.2973,0.7826,0.8718,0.8947,0.85
1638,AL_40,AL,numeric,raw,median,0.2973,0.7826,0.8718,0.8947,0.85
1639,AL_40,AL,numeric,sig4figs,mean,0.2973,0.7826,0.8718,0.8947,0.85
1640,AL_40,AL,numeric,sig4figs,median,0.2973,0.7826,0.8718,0.8947,0.85
1641,AL_46,AL,numeric,raw,mean,0.2973,0.7826,0.8718,0.8947,0.85
1642,AL_46,AL,numeric,raw,median,0.2973,0.7826,0.8718,0.8947,0.85
1643,AL_46,AL,numeric,sig4figs,mean,0.2973,0.7826,0.8718,0.8947,0.85
1644,AL_46,AL,numeric,sig4figs,median,0.2973,0.7826,0.8718,0.8947,0.85
1645,AL_52,AL,numeric,significand,mean,0.2973,0.7826,0.8718,0.8947,0.85
1646,AL_52,AL,numeric,significand,median,0.2973,0.7826,0.8718,0.8947,0.85
1647,AL_64,AL,numeric,raw,mean,0.2973,0.7826,0.8718,0.8947,0.85
1648,AL_64,AL,numeric,raw,median,0.2973,0.7826,0.8718,0.8947,0.85
1649,AL_64,AL,numeric,sig4figs,mean,0.2973,0.7826,0.8718,0.8947,0.85
1650,AL_64,AL,numeric,sig4figs,median,0.2973,0.7826,0.8718,0.8947,0.85
1651,AL_67,AL,numeric,raw,mean,0.2973,0.7826,0.8718,0.8947,0.85
1652,AL_67,AL,numeric,raw,median,0.2973,0.7826,0.8718,0.8947,0.85
1653,AL_67,AL,numeric,sig4figs,mean,0.2973,0.7826,0.8718,0.8947,0.85
1654,AL_67,AL,numeric,sig4figs,median,0.2973,0.7826,0.8718,0.8947,0.85
1655,AL_79,AL,numeric,raw,mean,0.3333,0.7826,0.8718,0.8947,0.85
1656,AL_79,AL,numeric,raw,median,0.3333,0.7826,0.8718,0.8947,0.85
1657,AL_79,AL,numeric,significand,mean,0.3333,0.7826,0.8718,0.8947,0.85
1658,AL_79,AL,numeric,significand,median,0.3333,0.7826,0.8718,0.8947,0.85
1659,AL_79,AL,numeric,sig4figs,mean,0.3333,0.7826,0.8718,0.8947,0.85
1660,AL_79,AL,numeric,sig4figs,median,0.3333,0.7826,0.8718,0.8947,0.85
1661,AL_82,AL,numeric,raw,mean,0.3333,0.7826,0.8718,0.8947,0.85
1662,AL_82,AL,numeric,raw,median,0.3333,0.7826,0.8718,0.8947,0.85
1663,AL_82,AL,numeric,sig4figs,mean,0.3333,0.7826,0.8718,0.8947,0.85
1664,AL_82,AL,numeric,sig4figs,median,0.3333,0.7826,0.8718,0.8947,0.85
1665,CAT_2,CAT,categorical,categorical,none,0.3333,0.7826,0.8718,0.8947,0.85
1666,EK_1,EK,numeric,raw,mean,0.0,0.7826,0.8718,0.8947,0.85
1667,EK_1,EK,numeric,raw,median,0.0,0.7826,0.8718,0.8947,0.85
1668,EK_1,EK,numeric,sig4figs,mean,0.0,0.7826,0.8718,0.8947,0.85
1669,EK_1,EK,numeric,sig4figs,median,0.0,0.7826,0.8718,0.8947,0.85
1670,AL_130,AL,numeric,raw,median,0.1982,0.7826,0.8718,0.8947,0.85
1671,AL_130,AL,numeric,sig4figs,median,0.1982,0.7826,0.8718,0.8947,0.85
1672,AL_136,AL,numeric,significand,mean,0.1982,0.7826,0.8718,0.8947,0.85
1673,AL_136,AL,numeric,significand,median,0.1982,0.7826,0.8718,0.8947,0.85
1674,AL_139,AL,numeric,raw,mean,0.1982,0.7826,0.8718,0.8947,0.85
1675,AL_139,AL,numeric,raw,median,0.1982,0.7826,0.8718,0.8947,0.85
1676,AL_139,AL,numeric,sig4figs,mean,0.1982,0.7826,0.8718,0.8947,0.85
1677,AL_139,AL,numeric,sig4figs,median,0.1982,0.7826,0.8718,0.8947,0.85
1678,AL_172,AL,numeric,raw,median,0.1982,0.7826,0.8718,0.8947,0.85
1679,AL_172,AL,numeric,significand,median,0.1982,0.7826,0.8718,0.8947,0.85
1680,AL_172,AL,numeric,sig4figs,median,0.1982,0.7826,0.8718,0.8947,0.85
1681,AL_175,AL,numeric,significand,mean,0.1982,0.7826,0.8718,0.8947,0.85
1682,AL_175,AL,numeric,significand,median,0.1982,0.7826,0.8718,0.8947,0.85
1683,AL_181,AL,numeric,raw,mean,0.1982,0.7826,0.8718,0.8947,0.85
1684,AL_181,AL,numeric,raw,median,0.1982,0.7826,0.8718,0.8947,0.85
1685,AL_181,AL,numeric,sig4figs,mean,0.1982,0.7826,0.8718,0.8947,0.85
1686,AL_181,AL,numeric,sig4figs,median,0.1982,0.7826,0.8718,0.8947,0.85
1687,AL_184,AL,numeric,significand,mean,0.4955,0.7826,0.8718,0.8947,0.85
1688,AL_184,AL,numeric,significand,median,0.4955,0.7826,0.8718,0.8947,0.85
1689,AL_207,AL,numeric,significand,mean,0.3694,0.7826,0.8718,0.8947,0.85
1690,AL_207,AL,numeric,significand,median,0.3694,0.7826,0.8718,0.8947,0.85
1691,AL_262,AL,numeric,significand,mean,0.3694,0.7826,0.8718,0.8947,0.85
1692,AL_262,AL,numeric,significand,median,0.3694,0.7826,0.8718,0.8947,0.85
1693,AL_304,AL,numeric,sig4figs,mean,0.1351,0.7826,0.8718,0.8947,0.85
1694,AL_304,AL,numeric,sig4figs,median,0.1351,0.7826,0.8718,0.8947,0.85
1695,AL_306,AL,numeric,raw,mean,0.1351,0.7826,0.8718,0.8947,0.85
1696,AL_306,AL,numeric,raw,median,0.1351,0.7826,0.8718,0.8947,0.85
1697,AL_306,AL,numeric,sig4figs,mean,0.1351,0.7826,0.8718,0.8947,0.85
1698,AL_306,AL,numeric,sig4figs,median,0.1351,0.7826,0.8718,0.8947,0.85
1699,AL_319,AL,numeric,significand,median,0.1351,0.7826,0.8718,0.8947,0.85
1700,EK_7,EK,numeric,raw,mean,0.0,0.7826,0.8718,0.8947,0.85
1701,EK_7,EK,numeric,raw,median,0.0,0.7826,0.8718,0.8947,0.85
1702,EK_7,EK,numeric,sig4figs,mean,0.0,0.7826,0.8718,0.8947,0.85
1703,EK_7,EK,numeric,sig4figs,median,0.0,0.7826,0.8718,0.8947,0.85
1704,EK_9,EK,numeric,significand,mean,0.0,0.7826,0.8718,0.8947,0.85
1705,EK_9,EK,numeric,significand,median,0.0,0.7826,0.8718,0.8947,0.85
1706,AL_34,AL,numeric,raw,mean,0.8649,0.7826,0.8649,0.8421,0.8889
1707,AL_34,AL,numeric,sig4figs,mean,0.8649,0.7826,0.8649,0.8421,0.8889
1708,AL_35,AL,numeric,significand,mean,0.8649,0.7826,0.8649,0.8421,0.8889
1709,AL_127,AL,numeric,raw,mean,0.1982,0.7826,0.8649,0.8421,0.8889
1710,AL_127,AL,numeric,sig4figs,mean,0.1982,0.7826,0.8649,0.8421,0.8889
1711,AL_184,AL,numeric,raw,mean,0.4955,0.7826,0.8649,0.8421,0.8889
1712,AL_184,AL,numeric,raw,median,0.4955,0.7826,0.8649,0.8421,0.8889
1713,AL_184,AL,numeric,sig4figs,mean,0.4955,0.7826,0.8649,0.8421,0.8889
1714,AL_184,AL,numeric,sig4figs,median,0.4955,0.7826,0.8649,0.8421,0.8889
1715,AL_296,AL,numeric,raw,mean,0.1351,0.7826,0.8649,0.8421,0.8889
1716,AL_296,AL,numeric,raw,median,0.1351,0.7826,0.8649,0.8421,0.8889
1717,AL_296,AL,numeric,sig4figs,mean,0.1351,0.7826,0.8649,0.8421,0.8889
1718,AL_296,AL,numeric,sig4figs,median,0.1351,0.7826,0.8649,0.8421,0.8889
1719,AL_304,AL,numeric,significand,mean,0.1351,0.7826,0.8649,0.8421,0.8889
1720,AL_304,AL,numeric,significand,median,0.1351,0.7826,0.8649,0.8421,0.8889
1721,AL_304,AL,numeric,raw,mean,0.1351,0.7826,0.8571,0.7895,0.9375
1722,AL_304,AL,numeric,raw,median,0.1351,0.7826,0.8571,0.7895,0.9375
1723,AL_327,AL,numeric,raw,mean,0.1351,0.7826,0.8571,0.7895,0.9375
1724,AL_327,AL,numeric,raw,median,0.1351,0.7826,0.8571,0.7895,0.9375
1725,AL_327,AL,numeric,sig4figs,mean,0.1351,0.7826,0.8571,0.7895,0.9375
1726,AL_327,AL,numeric,sig4figs,median,0.1351,0.7826,0.8571,0.7895,0.9375
1727,AL_7,AL,numeric,raw,mean,0.1532,0.7391,0.85,0.8947,0.8095
1728,AL_7,AL,numeric,raw,median,0.1532,0.7391,0.85,0.8947,0.8095
1729,AL_7,AL,numeric,sig4figs,mean,0.1532,0.7391,0.85,0.8947,0.8095
1730,AL_7,AL,numeric,sig4figs,median,0.1532,0.7391,0.85,0.8947,0.8095
1731,AL_12,AL,numeric,raw,mean,0.1532,0.7391,0.85,0.8947,0.8095
1732,AL_12,AL,numeric,raw,median,0.1532,0.7391,0.85,0.8947,0.8095
1733,AL_12,AL,numeric,significand,mean,0.1532,0.7391,0.85,0.8947,0.8095
1734,AL_12,AL,numeric,significand,median,0.1532,0.7391,0.85,0.8947,0.8095
1735,AL_12,AL,numeric,sig4figs,mean,0.1532,0.7391,0.85,0.8947,0.8095
1736,AL_12,AL,numeric,sig4figs,median,0.1532,0.7391,0.85,0.8947,0.8095
1737,AL_14,AL,numeric,raw,mean,0.1532,0.7391,0.85,0.8947,0.8095
1738,AL_14,AL,numeric,raw,median,0.1532,0.7391,0.85,0.8947,0.8095
1739,AL_14,AL,numeric,sig4figs,mean,0.1532,0.7391,0.85,0.8947,0.8095
1740,AL_14,AL,numeric,sig4figs,median,0.1532,0.7391,0.85,0.8947,0.8095
1741,AL_15,AL,numeric,raw,mean,0.1532,0.7391,0.85,0.8947,0.8095
1742,AL_15,AL,numeric,raw,median,0.1532,0.7391,0.85,0.8947,0.8095
1743,AL_15,AL,numeric,significand,mean,0.1532,0.7391,0.85,0.8947,0.8095
1744,AL_15,AL,numeric,sig4figs,mean,0.1532,0.7391,0.85,0.8947,0.8095
1745,AL_15,AL,numeric,sig4figs,median,0.1532,0.7391,0.85,0.8947,0.8095
1746,AL_18,AL,numeric,raw,median,0.5045,0.7391,0.85,0.8947,0.8095
1747,AL_18,AL,numeric,sig4figs,median,0.5045,0.7391,0.85,0.8947,0.8095
1748,AL_26,AL,numeric,raw,mean,0.1441,0.7391,0.85,0.8947,0.8095
1749,AL_26,AL,numeric,significand,mean,0.1441,0.7391,0.85,0.8947,0.8095
1750,AL_26,AL,numeric,significand,median,0.1441,0.7391,0.85,0.8947,0.8095
1751,AL_26,AL,numeric,sig4figs,mean,0.1441,0.7391,0.85,0.8947,0.8095
1752,AL_38,AL,numeric,significand,mean,0.8649,0.7391,0.85,0.8947,0.8095
1753,AL_40,AL,numeric,significand,mean,0.2973,0.7391,0.85,0.8947,0.8095
1754,AL_40,AL,numeric,significand,median,0.2973,0.7391,0.85,0.8947,0.8095
1755,AL_55,AL,numeric,raw,mean,0.2973,0.7391,0.85,0.8947,0.8095
1756,AL_55,AL,numeric,raw,median,0.2973,0.7391,0.85,0.8947,0.8095
1757,AL_55,AL,numeric,sig4figs,mean,0.2973,0.7391,0.85,0.8947,0.8095
1758,AL_55,AL,numeric,sig4figs,median,0.2973,0.7391,0.85,0.8947,0.8095
1759,AL_61,AL,numeric,significand,mean,0.2973,0.7391,0.85,0.8947,0.8095
1760,AL_61,AL,numeric,significand,median,0.2973,0.7391,0.85,0.8947,0.8095
1761,AL_64,AL,numeric,significand,mean,0.2973,0.7391,0.85,0.8947,0.8095
1762,AL_64,AL,numeric,significand,median,0.2973,0.7391,0.85,0.8947,0.8095
1763,AL_70,AL,numeric,raw,median,0.2973,0.7391,0.85,0.8947,0.8095
1764,AL_70,AL,numeric,sig4figs,median,0.2973,0.7391,0.85,0.8947,0.8095
1765,AL_82,AL,numeric,significand,mean,0.3333,0.7391,0.85,0.8947,0.8095
1766,AL_82,AL,numeric,significand,median,0.3333,0.7391,0.85,0.8947,0.8095
1767,AL_91,AL,numeric,significand,mean,0.3333,0.7391,0.85,0.8947,0.8095
1768,AL_91,AL,numeric,significand,median,0.3333,0.7391,0.85,0.8947,0.8095
1769,AL_94,AL,numeric,raw,mean,0.3333,0.7391,0.85,0.8947,0.8095
1770,AL_94,AL,numeric,raw,median,0.3333,0.7391,0.85,0.8947,0.8095
1771,AL_94,AL,numeric,sig4figs,mean,0.3333,0.7391,0.85,0.8947,0.8095
1772,AL_94,AL,numeric,sig4figs,median,0.3333,0.7391,0.85,0.8947,0.8095
1773,AL_97,AL,numeric,raw,mean,0.3333,0.7391,0.85,0.8947,0.8095
1774,AL_97,AL,numeric,raw,median,0.3333,0.7391,0.85,0.8947,0.8095
1775,AL_97,AL,numeric,sig4figs,mean,0.3333,0.7391,0.85,0.8947,0.8095
1776,AL_97,AL,numeric,sig4figs,median,0.3333,0.7391,0.85,0.8947,0.8095
1777,AL_106,AL,numeric,significand,mean,0.1982,0.7391,0.85,0.8947,0.8095
1778,AL_106,AL,numeric,significand,median,0.1982,0.7391,0.85,0.8947,0.8095
1779,AL_127,AL,numeric,significand,mean,0.1982,0.7391,0.85,0.8947,0.8095
1780,AL_127,AL,numeric,significand,median,0.1982,0.7391,0.85,0.8947,0.8095
1781,AL_130,AL,numeric,raw,mean,0.1982,0.7391,0.85,0.8947,0.8095
1782,AL_130,AL,numeric,sig4figs,mean,0.1982,0.7391,0.85,0.8947,0.8095
1783,AL_136,AL,numeric,raw,mean,0.1982,0.7391,0.85,0.8947,0.8095
1784,AL_136,AL,numeric,raw,median,0.1982,0.7391,0.85,0.8947,0.8095
1785,AL_145,AL,numeric,raw,mean,0.1982,0.7391,0.85,0.8947,0.8095
1786,AL_145,AL,numeric,raw,median,0.1982,0.7391,0.85,0.8947,0.8095
1787,AL_145,AL,numeric,sig4figs,mean,0.1982,0.7391,0.85,0.8947,0.8095
1788,AL_145,AL,numeric,sig4figs,median,0.1982,0.7391,0.85,0.8947,0.8095
1789,AL_148,AL,numeric,significand,mean,0.1982,0.7391,0.85,0.8947,0.8095
1790,AL_148,AL,numeric,significand,median,0.1982,0.7391,0.85,0.8947,0.8095
1791,AL_154,AL,numeric,raw,mean,0.1982,0.7391,0.85,0.8947,0.8095
1792,AL_154,AL,numeric,sig4figs,mean,0.1982,0.7391,0.85,0.8947,0.8095
1793,AL_160,AL,numeric,raw,mean,0.1982,0.7391,0.85,0.8947,0.8095
1794,AL_160,AL,numeric,raw,median,0.1982,0.7391,0.85,0.8947,0.8095
1795,AL_160,AL,numeric,sig4figs,mean,0.1982,0.7391,0.85,0.8947,0.8095
1796,AL_160,AL,numeric,sig4figs,median,0.1982,0.7391,0.85,0.8947,0.8095
1797,AL_178,AL,numeric,significand,mean,0.1982,0.7391,0.85,0.8947,0.8095
1798,AL_178,AL,numeric,significand,median,0.1982,0.7391,0.85,0.8947,0.8095
1799,AL_186,AL,numeric,significand,mean,0.0631,0.7391,0.85,0.8947,0.8095
1800,AL_186,AL,numeric,significand,median,0.0631,0.7391,0.85,0.8947,0.8095
1801,AL_203,AL,numeric,raw,mean,0.3694,0.7391,0.85,0.8947,0.8095
1802,AL_203,AL,numeric,raw,median,0.3694,0.7391,0.85,0.8947,0.8095
1803,AL_203,AL,numeric,sig4figs,mean,0.3694,0.7391,0.85,0.8947,0.8095
1804,AL_203,AL,numeric,sig4figs,median,0.3694,0.7391,0.85,0.8947,0.8095
1805,AL_207,AL,numeric,raw,mean,0.3694,0.7391,0.85,0.8947,0.8095
1806,AL_207,AL,numeric,raw,median,0.3694,0.7391,0.85,0.8947,0.8095
1807,AL_207,AL,numeric,sig4figs,mean,0.3694,0.7391,0.85,0.8947,0.8095
1808,AL_207,AL,numeric,sig4figs,median,0.3694,0.7391,0.85,0.8947,0.8095
1809,AL_251,AL,numeric,significand,mean,0.3874,0.7391,0.85,0.8947,0.8095
1810,AL_251,AL,numeric,significand,median,0.3874,0.7391,0.85,0.8947,0.8095
1811,AL_266,AL,numeric,significand,mean,0.3694,0.7391,0.85,0.8947,0.8095
1812,AL_266,AL,numeric,significand,median,0.3694,0.7391,0.85,0.8947,0.8095
1813,AL_271,AL,numeric,raw,mean,0.3694,0.7391,0.85,0.8947,0.8095
1814,AL_271,AL,numeric,raw,median,0.3694,0.7391,0.85,0.8947,0.8095
1815,AL_271,AL,numeric,sig4figs,mean,0.3694,0.7391,0.85,0.8947,0.8095
1816,AL_271,AL,numeric,sig4figs,median,0.3694,0.7391,0.85,0.8947,0.8095
1817,AL_279,AL,numeric,significand,mean,0.3694,0.7391,0.85,0.8947,0.8095
1818,AL_279,AL,numeric,significand,median,0.3694,0.7391,0.85,0.8947,0.8095
1819,AL_298,AL,numeric,raw,mean,0.1351,0.7391,0.85,0.8947,0.8095
1820,AL_298,AL,numeric,raw,median,0.1351,0.7391,0.85,0.8947,0.8095
1821,AL_298,AL,numeric,sig4figs,mean,0.1351,0.7391,0.85,0.8947,0.8095
1822,AL_298,AL,numeric,sig4figs,median,0.1351,0.7391,0.85,0.8947,0.8095
1823,AL_311,AL,numeric,significand,mean,0.1351,0.7391,0.85,0.8947,0.8095
1824,AL_311,AL,numeric,significand,median,0.1351,0.7391,0.85,0.8947,0.8095
1825,AL_323,AL,numeric,raw,mean,0.1351,0.7391,0.85,0.8947,0.8095
1826,AL_323,AL,numeric,raw,median,0.1351,0.7391,0.85,0.8947,0.8095
1827,AL_323,AL,numeric,significand,mean,0.1351,0.7391,0.85,0.8947,0.8095
1828,AL_323,AL,numeric,significand,median,0.1351,0.7391,0.85,0.8947,0.8095
1829,AL_323,AL,numeric,sig4figs,mean,0.1351,0.7391,0.85,0.8947,0.8095
1830,AL_323,AL,numeric,sig4figs,median,0.1351,0.7391,0.85,0.8947,0.8095
1831,EK_6,EK,numeric,raw,mean,0.0,0.7391,0.85,0.8947,0.8095
1832,EK_6,EK,numeric,raw,median,0.0,0.7391,0.85,0.8947,0.8095
1833,EK_6,EK,numeric,significand,mean,0.0,0.7391,0.85,0.8947,0.8095
1834,EK_6,EK,numeric,significand,median,0.0,0.7391,0.85,0.8947,0.8095
1835,EK_6,EK,numeric,sig4figs,mean,0.0,0.7391,0.85,0.8947,0.8095
1836,EK_6,EK,numeric,sig4figs,median,0.0,0.7391,0.85,0.8947,0.8095
1837,AL_4,AL,numeric,raw,mean,0.8649,0.7391,0.8421,0.8421,0.8421
1838,AL_4,AL,numeric,sig4figs,mean,0.8649,0.7391,0.8421,0.8421,0.8421
1839,AL_17,AL,numeric,significand,mean,0.5045,0.7391,0.8421,0.8421,0.8421
1840,AL_17,AL,numeric,significand,median,0.5045,0.7391,0.8421,0.8421,0.8421
1841,AL_18,AL,numeric,significand,mean,0.5045,0.7391,0.8421,0.8421,0.8421
1842,AL_18,AL,numeric,significand,median,0.5045,0.7391,0.8421,0.8421,0.8421
1843,AL_35,AL,numeric,raw,mean,0.8649,0.7391,0.8421,0.8421,0.8421
1844,AL_35,AL,numeric,sig4figs,mean,0.8649,0.7391,0.8421,0.8421,0.8421
1845,AL_70,AL,numeric,raw,mean,0.2973,0.7391,0.8421,0.8421,0.8421
1846,AL_70,AL,numeric,sig4figs,mean,0.2973,0.7391,0.8421,0.8421,0.8421
1847,AL_76,AL,numeric,raw,mean,0.3333,0.7391,0.8421,0.8421,0.8421
1848,AL_76,AL,numeric,raw,median,0.3333,0.7391,0.8421,0.8421,0.8421
1849,AL_76,AL,numeric,sig4figs,mean,0.3333,0.7391,0.8421,0.8421,0.8421
1850,AL_76,AL,numeric,sig4figs,median,0.3333,0.7391,0.8421,0.8421,0.8421
1851,AL_88,AL,numeric,raw,median,0.3333,0.7391,0.8421,0.8421,0.8421
1852,AL_88,AL,numeric,sig4figs,median,0.3333,0.7391,0.8421,0.8421,0.8421
1853,EK_2,EK,numeric,raw,mean,0.0,0.7391,0.8421,0.8421,0.8421
1854,EK_2,EK,numeric,raw,median,0.0,0.7391,0.8421,0.8421,0.8421
1855,EK_2,EK,numeric,significand,mean,0.0,0.7391,0.8421,0.8421,0.8421
1856,EK_2,EK,numeric,significand,median,0.0,0.7391,0.8421,0.8421,0.8421
1857,EK_2,EK,numeric,sig4figs,mean,0.0,0.7391,0.8421,0.8421,0.8421
1858,EK_2,EK,numeric,sig4figs,median,0.0,0.7391,0.8421,0.8421,0.8421
1859,AL_121,AL,numeric,significand,mean,0.1982,0.7391,0.8421,0.8421,0.8421
1860,AL_121,AL,numeric,significand,median,0.1982,0.7391,0.8421,0.8421,0.8421
1861,AL_124,AL,numeric,raw,mean,0.1982,0.7391,0.8421,0.8421,0.8421
1862,AL_124,AL,numeric,raw,median,0.1982,0.7391,0.8421,0.8421,0.8421
1863,AL_124,AL,numeric,sig4figs,mean,0.1982,0.7391,0.8421,0.8421,0.8421
1864,AL_124,AL,numeric,sig4figs,median,0.1982,0.7391,0.8421,0.8421,0.8421
1865,AL_130,AL,numeric,significand,mean,0.1982,0.7391,0.8421,0.8421,0.8421
1866,AL_130,AL,numeric,significand,median,0.1982,0.7391,0.8421,0.8421,0.8421
1867,AL_142,AL,numeric,significand,mean,0.1982,0.7391,0.8421,0.8421,0.8421
1868,AL_142,AL,numeric,significand,median,0.1982,0.7391,0.8421,0.8421,0.8421
1869,AL_160,AL,numeric,significand,mean,0.1982,0.7391,0.8421,0.8421,0.8421
1870,AL_160,AL,numeric,significand,median,0.1982,0.7391,0.8421,0.8421,0.8421
1871,AL_169,AL,numeric,significand,mean,0.1982,0.7391,0.8421,0.8421,0.8421
1872,AL_169,AL,numeric,significand,median,0.1982,0.7391,0.8421,0.8421,0.8421
1873,AL_172,AL,numeric,significand,mean,0.1982,0.7391,0.8421,0.8421,0.8421
1874,AL_283,AL,numeric,significand,mean,0.3694,0.7391,0.8421,0.8421,0.8421
1875,AL_283,AL,numeric,significand,median,0.3694,0.7391,0.8421,0.8421,0.8421
1876,AL_331,AL,numeric,raw,mean,0.1351,0.7391,0.8421,0.8421,0.8421
1877,AL_331,AL,numeric,raw,median,0.1351,0.7391,0.8421,0.8421,0.8421
1878,AL_331,AL,numeric,sig4figs,mean,0.1351,0.7391,0.8421,0.8421,0.8421
1879,AL_331,AL,numeric,sig4figs,median,0.1351,0.7391,0.8421,0.8421,0.8421
1880,AL_230,AL,numeric,significand,mean,0.3694,0.7391,0.8333,0.7895,0.8824
1881,AL_230,AL,numeric,significand,median,0.3694,0.7391,0.8333,0.7895,0.8824
1882,AL_11,AL,numeric,raw,mean,0.1532,0.6957,0.8205,0.8421,0.8
1883,AL_11,AL,numeric,raw,median,0.1532,0.6957,0.8205,0.8421,0.8
1884,AL_11,AL,numeric,sig4figs,mean,0.1532,0.6957,0.8205,0.8421,0.8
1885,AL_11,AL,numeric,sig4figs,median,0.1532,0.6957,0.8205,0.8421,0.8
1886,AL_26,AL,numeric,raw,median,0.1441,0.6957,0.8205,0.8421,0.8
1887,AL_26,AL,numeric,sig4figs,median,0.1441,0.6957,0.8205,0.8421,0.8
1888,AL_27,AL,numeric,raw,mean,0.8649,0.6957,0.8205,0.8421,0.8
1889,AL_27,AL,numeric,sig4figs,mean,0.8649,0.6957,0.8205,0.8421,0.8
1890,AL_43,AL,numeric,significand,mean,0.2973,0.6957,0.8205,0.8421,0.8
1891,AL_43,AL,numeric,significand,median,0.2973,0.6957,0.8205,0.8421,0.8
1892,AL_49,AL,numeric,significand,median,0.2973,0.6957,0.8205,0.8421,0.8
1893,AL_55,AL,numeric,significand,mean,0.2973,0.6957,0.8205,0.8421,0.8
1894,AL_55,AL,numeric,significand,median,0.2973,0.6957,0.8205,0.8421,0.8
1895,AL_70,AL,numeric,significand,mean,0.2973,0.6957,0.8205,0.8421,0.8
1896,AL_70,AL,numeric,significand,median,0.2973,0.6957,0.8205,0.8421,0.8
1897,AL_73,AL,numeric,significand,mean,0.2973,0.6957,0.8205,0.8421,0.8
1898,AL_73,AL,numeric,significand,median,0.2973,0.6957,0.8205,0.8421,0.8
1899,AL_85,AL,numeric,raw,mean,0.3333,0.6957,0.8205,0.8421,0.8
1900,AL_85,AL,numeric,raw,median,0.3333,0.6957,0.8205,0.8421,0.8
1901,AL_85,AL,numeric,sig4figs,mean,0.3333,0.6957,0.8205,0.8421,0.8
1902,AL_85,AL,numeric,sig4figs,median,0.3333,0.6957,0.8205,0.8421,0.8
1903,AL_94,AL,numeric,significand,mean,0.3333,0.6957,0.8205,0.8421,0.8
1904,AL_94,AL,numeric,significand,median,0.3333,0.6957,0.8205,0.8421,0.8
1905,AL_106,AL,numeric,raw,mean,0.1982,0.6957,0.8205,0.8421,0.8
1906,AL_106,AL,numeric,raw,median,0.1982,0.6957,0.8205,0.8421,0.8
1907,AL_106,AL,numeric,sig4figs,mean,0.1982,0.6957,0.8205,0.8421,0.8
1908,AL_106,AL,numeric,sig4figs,median,0.1982,0.6957,0.8205,0.8421,0.8
1909,AL_115,AL,numeric,significand,mean,0.1982,0.6957,0.8205,0.8421,0.8
1910,AL_115,AL,numeric,significand,median,0.1982,0.6957,0.8205,0.8421,0.8
1911,AL_118,AL,numeric,significand,mean,0.1982,0.6957,0.8205,0.8421,0.8
1912,AL_118,AL,numeric,significand,median,0.1982,0.6957,0.8205,0.8421,0.8
1913,AL_133,AL,numeric,raw,mean,0.1982,0.6957,0.8205,0.8421,0.8
1914,AL_133,AL,numeric,raw,median,0.1982,0.6957,0.8205,0.8421,0.8
1915,AL_133,AL,numeric,sig4figs,mean,0.1982,0.6957,0.8205,0.8421,0.8
1916,AL_133,AL,numeric,sig4figs,median,0.1982,0.6957,0.8205,0.8421,0.8
1917,AL_154,AL,numeric,significand,mean,0.1982,0.6957,0.8205,0.8421,0.8
1918,AL_154,AL,numeric,significand,median,0.1982,0.6957,0.8205,0.8421,0.8
1919,AL_157,AL,numeric,significand,mean,0.1982,0.6957,0.8205,0.8421,0.8
1920,AL_157,AL,numeric,significand,median,0.1982,0.6957,0.8205,0.8421,0.8
1921,AL_181,AL,numeric,significand,mean,0.1982,0.6957,0.8205,0.8421,0.8
1922,AL_181,AL,numeric,significand,median,0.1982,0.6957,0.8205,0.8421,0.8
1923,AL_188,AL,numeric,raw,mean,0.3694,0.6957,0.8205,0.8421,0.8
1924,AL_188,AL,numeric,raw,median,0.3694,0.6957,0.8205,0.8421,0.8
1925,AL_188,AL,numeric,sig4figs,mean,0.3694,0.6957,0.8205,0.8421,0.8
1926,AL_188,AL,numeric,sig4figs,median,0.3694,0.6957,0.8205,0.8421,0.8
1927,AL_194,AL,numeric,significand,mean,0.3694,0.6957,0.8205,0.8421,0.8
1928,AL_194,AL,numeric,significand,median,0.3694,0.6957,0.8205,0.8421,0.8
1929,AL_199,AL,numeric,raw,mean,0.3694,0.6957,0.8205,0.8421,0.8
1930,AL_199,AL,numeric,raw,median,0.3694,0.6957,0.8205,0.8421,0.8
1931,AL_199,AL,numeric,sig4figs,mean,0.3694,0.6957,0.8205,0.8421,0.8
1932,AL_199,AL,numeric,sig4figs,median,0.3694,0.6957,0.8205,0.8421,0.8
1933,AL_203,AL,numeric,significand,mean,0.3694,0.6957,0.8205,0.8421,0.8
1934,AL_203,AL,numeric,significand,median,0.3694,0.6957,0.8205,0.8421,0.8
1935,AL_243,AL,numeric,raw,mean,0.3694,0.6957,0.8205,0.8421,0.8
1936,AL_243,AL,numeric,raw,median,0.3694,0.6957,0.8205,0.8421,0.8
1937,AL_243,AL,numeric,sig4figs,mean,0.3694,0.6957,0.8205,0.8421,0.8
1938,AL_243,AL,numeric,sig4figs,median,0.3694,0.6957,0.8205,0.8421,0.8
1939,AL_283,AL,numeric,raw,mean,0.3694,0.6957,0.8205,0.8421,0.8
1940,AL_283,AL,numeric,raw,median,0.3694,0.6957,0.8205,0.8421,0.8
1941,AL_283,AL,numeric,sig4figs,mean,0.3694,0.6957,0.8205,0.8421,0.8
1942,AL_283,AL,numeric,sig4figs,median,0.3694,0.6957,0.8205,0.8421,0.8
1943,AL_287,AL,numeric,raw,mean,0.3784,0.6957,0.8205,0.8421,0.8
1944,AL_287,AL,numeric,sig4figs,mean,0.3784,0.6957,0.8205,0.8421,0.8
1945,AL_302,AL,numeric,raw,mean,0.1351,0.6957,0.8205,0.8421,0.8
1946,AL_302,AL,numeric,raw,median,0.1351,0.6957,0.8205,0.8421,0.8
1947,AL_302,AL,numeric,sig4figs,mean,0.1351,0.6957,0.8205,0.8421,0.8
1948,AL_302,AL,numeric,sig4figs,median,0.1351,0.6957,0.8205,0.8421,0.8
1949,AL_315,AL,numeric,raw,mean,0.1351,0.6957,0.8205,0.8421,0.8
1950,AL_315,AL,numeric,raw,median,0.1351,0.6957,0.8205,0.8421,0.8
1951,AL_315,AL,numeric,significand,mean,0.1351,0.6957,0.8205,0.8421,0.8
1952,AL_315,AL,numeric,significand,median,0.1351,0.6957,0.8205,0.8421,0.8
1953,AL_315,AL,numeric,sig4figs,mean,0.1351,0.6957,0.8205,0.8421,0.8
1954,AL_315,AL,numeric,sig4figs,median,0.1351,0.6957,0.8205,0.8421,0.8
1955,AL_331,AL,numeric,significand,mean,0.1351,0.6957,0.8205,0.8421,0.8
1956,AL_331,AL,numeric,significand,median,0.1351,0.6957,0.8205,0.8421,0.8
1957,EK_5,EK,numeric,significand,mean,0.0,0.6957,0.8205,0.8421,0.8
1958,EK_5,EK,numeric,significand,median,0.0,0.6957,0.8205,0.8421,0.8
1959,AL_13,AL,numeric,raw,mean,0.1532,0.6957,0.8108,0.7895,0.8333
1960,AL_13,AL,numeric,raw,median,0.1532,0.6957,0.8108,0.7895,0.8333
1961,AL_13,AL,numeric,sig4figs,mean,0.1532,0.6957,0.8108,0.7895,0.8333
1962,AL_13,AL,numeric,sig4figs,median,0.1532,0.6957,0.8108,0.7895,0.8333
1963,AL_88,AL,numeric,raw,mean,0.3333,0.6957,0.8108,0.7895,0.8333
1964,AL_88,AL,numeric,sig4figs,mean,0.3333,0.6957,0.8108,0.7895,0.8333
1965,AL_148,AL,numeric,raw,mean,0.1982,0.6957,0.8108,0.7895,0.8333
1966,AL_148,AL,numeric,raw,median,0.1982,0.6957,0.8108,0.7895,0.8333
1967,AL_148,AL,numeric,sig4figs,mean,0.1982,0.6957,0.8108,0.7895,0.8333
1968,AL_148,AL,numeric,sig4figs,median,0.1982,0.6957,0.8108,0.7895,0.8333
1969,AL_157,AL,numeric,raw,median,0.1982,0.6957,0.8108,0.7895,0.8333
1970,AL_157,AL,numeric,sig4figs,median,0.1982,0.6957,0.8108,0.7895,0.8333
1971,AL_178,AL,numeric,raw,mean,0.1982,0.6957,0.8108,0.7895,0.8333
1972,AL_178,AL,numeric,raw,median,0.1982,0.6957,0.8108,0.7895,0.8333
1973,AL_178,AL,numeric,sig4figs,mean,0.1982,0.6957,0.8108,0.7895,0.8333
1974,AL_178,AL,numeric,sig4figs,median,0.1982,0.6957,0.8108,0.7895,0.8333
1975,AL_194,AL,numeric,raw,mean,0.3694,0.6957,0.8108,0.7895,0.8333
1976,AL_194,AL,numeric,raw,median,0.3694,0.6957,0.8108,0.7895,0.8333
1977,AL_194,AL,numeric,sig4figs,mean,0.3694,0.6957,0.8108,0.7895,0.8333
1978,AL_194,AL,numeric,sig4figs,median,0.3694,0.6957,0.8108,0.7895,0.8333
1979,AL_260,AL,numeric,raw,mean,0.3694,0.6957,0.8108,0.7895,0.8333
1980,AL_260,AL,numeric,raw,median,0.3694,0.6957,0.8108,0.7895,0.8333
1981,AL_260,AL,numeric,significand,median,0.3694,0.6957,0.8108,0.7895,0.8333
1982,AL_260,AL,numeric,sig4figs,mean,0.3694,0.6957,0.8108,0.7895,0.8333
1983,AL_260,AL,numeric,sig4figs,median,0.3694,0.6957,0.8108,0.7895,0.8333
1984,AL_127,AL,numeric,raw,median,0.1982,0.6957,0.8,0.7368,0.875
1985,AL_127,AL,numeric,sig4figs,median,0.1982,0.6957,0.8,0.7368,0.875
1986,AL_76,AL,numeric,significand,mean,0.3333,0.6522,0.7895,0.7895,0.7895
1987,AL_76,AL,numeric,significand,median,0.3333,0.6522,0.7895,0.7895,0.7895
1988,AL_88,AL,numeric,significand,mean,0.3333,0.6522,0.7895,0.7895,0.7895
1989,AL_88,AL,numeric,significand,median,0.3333,0.6522,0.7895,0.7895,0.7895
1990,AL_103,AL,numeric,raw,mean,0.1982,0.6522,0.7895,0.7895,0.7895
1991,AL_103,AL,numeric,raw,median,0.1982,0.6522,0.7895,0.7895,0.7895
1992,AL_103,AL,numeric,sig4figs,mean,0.1982,0.6522,0.7895,0.7895,0.7895
1993,AL_103,AL,numeric,sig4figs,median,0.1982,0.6522,0.7895,0.7895,0.7895
1994,AL_115,AL,numeric,raw,mean,0.1982,0.6522,0.7895,0.7895,0.7895
1995,AL_115,AL,numeric,raw,median,0.1982,0.6522,0.7895,0.7895,0.7895
1996,AL_115,AL,numeric,sig4figs,mean,0.1982,0.6522,0.7895,0.7895,0.7895
1997,AL_115,AL,numeric,sig4figs,median,0.1982,0.6522,0.7895,0.7895,0.7895
1998,AL_186,AL,numeric,raw,mean,0.0631,0.6522,0.7895,0.7895,0.7895
1999,AL_186,AL,numeric,raw,median,0.0631,0.6522,0.7895,0.7895,0.7895
2000,AL_186,AL,numeric,sig4figs,mean,0.0631,0.6522,0.7895,0.7895,0.7895
2001,AL_186,AL,numeric,sig4figs,median,0.0631,0.6522,0.7895,0.7895,0.7895
2002,AL_190,AL,numeric,raw,mean,0.3694,0.6522,0.7895,0.7895,0.7895
2003,AL_190,AL,numeric,raw,median,0.3694,0.6522,0.7895,0.7895,0.7895
2004,AL_190,AL,numeric,significand,mean,0.3694,0.6522,0.7895,0.7895,0.7895
2005,AL_190,AL,numeric,significand,median,0.3694,0.6522,0.7895,0.7895,0.7895
2006,AL_190,AL,numeric,sig4figs,mean,0.3694,0.6522,0.7895,0.7895,0.7895
2007,AL_190,AL,numeric,sig4figs,median,0.3694,0.6522,0.7895,0.7895,0.7895
2008,AL_199,AL,numeric,significand,mean,0.3694,0.6522,0.7895,0.7895,0.7895
2009,AL_199,AL,numeric,significand,median,0.3694,0.6522,0.7895,0.7895,0.7895
2010,AL_201,AL,numeric,significand,mean,0.3694,0.6522,0.7895,0.7895,0.7895
2011,AL_201,AL,numeric,significand,median,0.3694,0.6522,0.7895,0.7895,0.7895
2012,AL_239,AL,numeric,raw,mean,0.3694,0.6522,0.7895,0.7895,0.7895
2013,AL_239,AL,numeric,raw,median,0.3694,0.6522,0.7895,0.7895,0.7895
2014,AL_239,AL,numeric,sig4figs,mean,0.3694,0.6522,0.7895,0.7895,0.7895
2015,AL_239,AL,numeric,sig4figs,median,0.3694,0.6522,0.7895,0.7895,0.7895
2016,AL_247,AL,numeric,significand,mean,0.3694,0.6522,0.7895,0.7895,0.7895
2017,AL_247,AL,numeric,significand,median,0.3694,0.6522,0.7895,0.7895,0.7895
2018,AL_287,AL,numeric,raw,median,0.3784,0.6522,0.7895,0.7895,0.7895
2019,AL_287,AL,numeric,significand,median,0.3784,0.6522,0.7895,0.7895,0.7895
2020,AL_287,AL,numeric,sig4figs,median,0.3784,0.6522,0.7895,0.7895,0.7895
2021,AL_298,AL,numeric,significand,mean,0.1351,0.6522,0.7895,0.7895,0.7895
2022,AL_298,AL,numeric,significand,median,0.1351,0.6522,0.7895,0.7895,0.7895
2023,AL_327,AL,numeric,significand,mean,0.1351,0.6522,0.7895,0.7895,0.7895
2024,AL_327,AL,numeric,significand,median,0.1351,0.6522,0.7895,0.7895,0.7895
2025,AL_85,AL,numeric,significand,mean,0.3333,0.6522,0.7778,0.7368,0.8235
2026,AL_85,AL,numeric,significand,median,0.3333,0.6522,0.7778,0.7368,0.8235
2027,AL_121,AL,numeric,raw,mean,0.1982,0.6522,0.7778,0.7368,0.8235
2028,AL_121,AL,numeric,raw,median,0.1982,0.6522,0.7778,0.7368,0.8235
2029,AL_121,AL,numeric,sig4figs,mean,0.1982,0.6522,0.7778,0.7368,0.8235
2030,AL_121,AL,numeric,sig4figs,median,0.1982,0.6522,0.7778,0.7368,0.8235
2031,AL_157,AL,numeric,raw,mean,0.1982,0.6522,0.7778,0.7368,0.8235
2032,AL_157,AL,numeric,sig4figs,mean,0.1982,0.6522,0.7778,0.7368,0.8235
2033,AL_219,AL,numeric,raw,mean,0.3694,0.6522,0.7778,0.7368,0.8235
2034,AL_219,AL,numeric,raw,median,0.3694,0.6522,0.7778,0.7368,0.8235
2035,AL_219,AL,numeric,sig4figs,mean,0.3694,0.6522,0.7778,0.7368,0.8235
2036,AL_219,AL,numeric,sig4figs,median,0.3694,0.6522,0.7778,0.7368,0.8235
2037,AL_260,AL,numeric,significand,mean,0.3694,0.6522,0.7778,0.7368,0.8235
2038,EK_8,EK,numeric,raw,mean,0.0,0.6522,0.7778,0.7368,0.8235
2039,EK_8,EK,numeric,raw,median,0.0,0.6522,0.7778,0.7368,0.8235
2040,EK_8,EK,numeric,significand,mean,0.0,0.6522,0.7778,0.7368,0.8235
2041,EK_8,EK,numeric,significand,median,0.0,0.6522,0.7778,0.7368,0.8235
2042,EK_8,EK,numeric,sig4figs,mean,0.0,0.6522,0.7778,0.7368,0.8235
2043,EK_8,EK,numeric,sig4figs,median,0.0,0.6522,0.7778,0.7368,0.8235
2044,AL_9,AL,numeric,raw,mean,0.1532,0.6087,0.7568,0.7368,0.7778
2045,AL_9,AL,numeric,raw,median,0.1532,0.6087,0.7568,0.7368,0.7778
2046,AL_9,AL,numeric,sig4figs,mean,0.1532,0.6087,0.7568,0.7368,0.7778
2047,AL_9,AL,numeric,sig4figs,median,0.1532,0.6087,0.7568,0.7368,0.7778
2048,AL_133,AL,numeric,significand,mean,0.1982,0.6087,0.7568,0.7368,0.7778
2049,AL_133,AL,numeric,significand,median,0.1982,0.6087,0.7568,0.7368,0.7778
2050,AL_224,AL,numeric,significand,mean,0.3694,0.6087,0.7568,0.7368,0.7778
2051,AL_224,AL,numeric,significand,median,0.3694,0.6087,0.7568,0.7368,0.7778
2052,AL_287,AL,numeric,significand,mean,0.3784,0.6087,0.7568,0.7368,0.7778
2053,AL_302,AL,numeric,significand,mean,0.1351,0.6087,0.7568,0.7368,0.7778
2054,AL_302,AL,numeric,significand,median,0.1351,0.6087,0.7568,0.7368,0.7778
2055,AL_201,AL,numeric,raw,mean,0.3694,0.6087,0.7273,0.6316,0.8571
2056,AL_201,AL,numeric,raw,median,0.3694,0.6087,0.7273,0.6316,0.8571
2057,AL_201,AL,numeric,sig4figs,mean,0.3694,0.6087,0.7273,0.6316,0.8571
2058,AL_201,AL,numeric,sig4figs,median,0.3694,0.6087,0.7273,0.6316,0.8571
2059,AL_10,AL,numeric,raw,mean,0.1532,0.5652,0.7222,0.6842,0.7647
2060,AL_10,AL,numeric,raw,median,0.1532,0.5652,0.7222,0.6842,0.7647
2061,AL_10,AL,numeric,sig4figs,mean,0.1532,0.5652,0.7222,0.6842,0.7647
2062,AL_10,AL,numeric,sig4figs,median,0.1532,0.5652,0.7222,0.6842,0.7647
2063,AL_224,AL,numeric,raw,mean,0.3694,0.5652,0.7222,0.6842,0.7647
2064,AL_224,AL,numeric,raw,median,0.3694,0.5652,0.7222,0.6842,0.7647
2065,AL_224,AL,numeric,sig4figs,mean,0.3694,0.5652,0.7222,0.6842,0.7647
2066,AL_224,AL,numeric,sig4figs,median,0.3694,0.5652,0.7222,0.6842,0.7647
