rank,feature,prefix,kind,transform,imputation,na_fraction,accuracy,f1,recall,precision
1,AL_2,AL,numeric,raw,median,0.8997,0.7751,0.8636,0.9721,0.777
2,AL_2,AL,numeric,sig4figs,median,0.8997,0.7734,0.8627,0.9721,0.7755
3,AL_2,AL,numeric,raw,mean,0.8997,0.7717,0.8616,0.9698,0.7751
4,AL_2,AL,numeric,sig4figs,mean,0.8997,0.7717,0.8616,0.9698,0.7751
5,AL_4,AL,numeric,significand,median,0.8997,0.7717,0.861,0.9651,0.7772
6,AL_37,AL,numeric,significand,mean,0.914,0.77,0.8607,0.9698,0.7737
7,AL_6,AL,numeric,significand,mean,0.8997,0.77,0.8595,0.9605,0.7778
8,AL_29,AL,numeric,raw,mean,0.914,0.7683,0.8595,0.9674,0.7732
9,AL_29,AL,numeric,sig4figs,mean,0.914,0.7683,0.8595,0.9674,0.7732
10,AL_3,AL,numeric,significand,mean,0.8997,0.7666,0.8595,0.9744,0.7688
11,AL_34,AL,numeric,raw,mean,0.914,0.7666,0.8589,0.9698,0.7708
12,AL_3,AL,numeric,significand,median,0.8997,0.7649,0.8589,0.9767,0.7664
13,AL_2,AL,numeric,significand,mean,0.8997,0.7683,0.8586,0.9605,0.7763
14,AL_2,AL,numeric,significand,median,0.8997,0.7683,0.8586,0.9605,0.7763
15,EK_8,EK,numeric,raw,mean,0.1225,0.7632,0.8586,0.9814,0.7631
16,AL_27,AL,numeric,significand,mean,0.914,0.7666,0.8583,0.9651,0.7728
17,AL_29,AL,numeric,significand,mean,0.914,0.7666,0.8583,0.9651,0.7728
18,AL_31,AL,numeric,raw,mean,0.914,0.7666,0.8583,0.9651,0.7728
19,AL_31,AL,numeric,raw,median,0.914,0.7666,0.8583,0.9651,0.7728
20,AL_31,AL,numeric,significand,mean,0.914,0.7666,0.8583,0.9651,0.7728
21,AL_31,AL,numeric,sig4figs,mean,0.914,0.7666,0.8583,0.9651,0.7728
22,AL_31,AL,numeric,sig4figs,median,0.914,0.7666,0.8583,0.9651,0.7728
23,AL_33,AL,numeric,raw,mean,0.914,0.7666,0.8583,0.9651,0.7728
24,AL_33,AL,numeric,raw,median,0.914,0.7666,0.8583,0.9651,0.7728
25,AL_33,AL,numeric,significand,mean,0.914,0.7666,0.8583,0.9651,0.7728
26,AL_33,AL,numeric,sig4figs,mean,0.914,0.7666,0.8583,0.9651,0.7728
27,AL_33,AL,numeric,sig4figs,median,0.914,0.7666,0.8583,0.9651,0.7728
28,AL_35,AL,numeric,significand,mean,0.914,0.7666,0.8583,0.9651,0.7728
29,AL_37,AL,numeric,raw,mean,0.914,0.7666,0.8583,0.9651,0.7728
30,AL_37,AL,numeric,sig4figs,mean,0.914,0.7666,0.8583,0.9651,0.7728
31,AL_3,AL,numeric,raw,median,0.8997,0.7649,0.8583,0.9721,0.7684
32,AL_3,AL,numeric,sig4figs,median,0.8997,0.7649,0.8583,0.9721,0.7684
33,AL_1,AL,numeric,raw,mean,0.8997,0.7666,0.858,0.9628,0.7738
34,AL_1,AL,numeric,sig4figs,mean,0.8997,0.7666,0.858,0.9628,0.7738
35,AL_6,AL,numeric,significand,median,0.8997,0.7666,0.8577,0.9605,0.7749
36,AL_3,AL,numeric,sig4figs,mean,0.8997,0.7649,0.8577,0.9674,0.7704
37,AL_30,AL,numeric,raw,median,0.914,0.7649,0.8577,0.9674,0.7704
38,AL_30,AL,numeric,sig4figs,median,0.914,0.7649,0.8577,0.9674,0.7704
39,AL_28,AL,numeric,raw,mean,0.914,0.7632,0.8577,0.9744,0.766
40,AL_28,AL,numeric,raw,median,0.914,0.7632,0.8577,0.9744,0.766
41,AL_32,AL,numeric,raw,mean,0.914,0.7632,0.8574,0.9721,0.767
42,AL_32,AL,numeric,sig4figs,mean,0.914,0.7632,0.8574,0.9721,0.767
43,EK_8,EK,numeric,significand,mean,0.1225,0.7615,0.8571,0.9767,0.7636
44,EK_8,EK,numeric,significand,median,0.1225,0.7615,0.8571,0.9767,0.7636
45,AL_5,AL,numeric,raw,mean,0.8997,0.7632,0.8571,0.9698,0.768
46,AL_28,AL,numeric,significand,mean,0.914,0.7632,0.8571,0.9698,0.768
47,AL_1,AL,numeric,raw,median,0.8997,0.7649,0.8571,0.9628,0.7724
48,AL_1,AL,numeric,sig4figs,median,0.8997,0.7649,0.8571,0.9628,0.7724
49,AL_4,AL,numeric,raw,median,0.8997,0.7649,0.8571,0.9628,0.7724
50,AL_38,AL,numeric,significand,mean,0.914,0.7615,0.8569,0.9744,0.7646
51,AL_3,AL,numeric,raw,mean,0.8997,0.7632,0.8568,0.9674,0.7689
52,AL_5,AL,numeric,sig4figs,mean,0.8997,0.7632,0.8568,0.9674,0.7689
53,AL_28,AL,numeric,significand,median,0.914,0.7615,0.8566,0.9721,0.7656
54,AL_28,AL,numeric,sig4figs,mean,0.914,0.7615,0.8566,0.9721,0.7656
55,AL_34,AL,numeric,sig4figs,median,0.914,0.7615,0.8566,0.9721,0.7656
56,AL_27,AL,numeric,raw,mean,0.914,0.7632,0.8566,0.9651,0.7699
57,AL_27,AL,numeric,sig4figs,mean,0.914,0.7632,0.8566,0.9651,0.7699
58,AL_35,AL,numeric,raw,mean,0.914,0.7632,0.8566,0.9651,0.7699
59,AL_35,AL,numeric,sig4figs,mean,0.914,0.7632,0.8566,0.9651,0.7699
60,AL_6,AL,numeric,sig4figs,median,0.8997,0.7649,0.8565,0.9581,0.7744
61,AL_34,AL,numeric,sig4figs,mean,0.914,0.7615,0.8563,0.9698,0.7665
62,AL_5,AL,numeric,raw,median,0.8997,0.7615,0.856,0.9674,0.7675
63,AL_5,AL,numeric,sig4figs,median,0.8997,0.7615,0.856,0.9674,0.7675
64,AL_36,AL,numeric,sig4figs,mean,0.914,0.7615,0.856,0.9674,0.7675
65,AL_38,AL,numeric,raw,median,0.914,0.7615,0.856,0.9674,0.7675
66,AL_28,AL,numeric,sig4figs,median,0.914,0.7598,0.8557,0.9721,0.7642
67,AL_36,AL,numeric,significand,mean,0.914,0.7598,0.8557,0.9721,0.7642
68,AL_36,AL,numeric,significand,median,0.914,0.7598,0.8557,0.9721,0.7642
69,AL_38,AL,numeric,raw,mean,0.914,0.7615,0.8557,0.9651,0.7685
70,AL_4,AL,numeric,significand,mean,0.8997,0.7632,0.8557,0.9581,0.773
71,AL_6,AL,numeric,raw,median,0.8997,0.7632,0.8557,0.9581,0.773
72,AL_6,AL,numeric,sig4figs,mean,0.8997,0.7632,0.8557,0.9581,0.773
73,EK_8,EK,numeric,raw,median,0.1225,0.7564,0.8554,0.9837,0.7567
74,AL_30,AL,numeric,significand,median,0.914,0.7598,0.8554,0.9698,0.7651
75,AL_32,AL,numeric,raw,median,0.914,0.7598,0.8554,0.9698,0.7651
76,AL_36,AL,numeric,raw,mean,0.914,0.7598,0.8554,0.9698,0.7651
77,AL_5,AL,numeric,significand,mean,0.8997,0.7615,0.8554,0.9628,0.7695
78,AL_1,AL,numeric,significand,median,0.8997,0.7632,0.8554,0.9558,0.774
79,AL_38,AL,numeric,significand,median,0.914,0.7581,0.8551,0.9744,0.7618
80,EK_8,EK,numeric,sig4figs,mean,0.1225,0.7581,0.8551,0.9744,0.7618
81,AL_30,AL,numeric,significand,mean,0.914,0.7598,0.8551,0.9674,0.7661
82,AL_36,AL,numeric,raw,median,0.914,0.7598,0.8551,0.9674,0.7661
83,AL_36,AL,numeric,sig4figs,median,0.914,0.7598,0.8551,0.9674,0.7661
84,AL_32,AL,numeric,sig4figs,median,0.914,0.7581,0.8548,0.9721,0.7628
85,AL_38,AL,numeric,sig4figs,mean,0.914,0.7598,0.8548,0.9651,0.7671
86,AL_4,AL,numeric,raw,mean,0.8997,0.7615,0.8548,0.9581,0.7715
87,AL_4,AL,numeric,sig4figs,median,0.8997,0.7615,0.8548,0.9581,0.7715
88,AL_194,AL,numeric,sig4figs,median,0.6448,0.7632,0.8548,0.9512,0.7761
89,AL_32,AL,numeric,significand,mean,0.914,0.7564,0.8545,0.9767,0.7595
90,AL_34,AL,numeric,significand,median,0.914,0.7564,0.8545,0.9767,0.7595
91,AL_34,AL,numeric,raw,median,0.914,0.7581,0.8545,0.9698,0.7637
92,AL_5,AL,numeric,significand,median,0.8997,0.7598,0.8545,0.9628,0.7681
93,AL_4,AL,numeric,sig4figs,mean,0.8997,0.7615,0.8545,0.9558,0.7726
94,AL_6,AL,numeric,raw,mean,0.8997,0.7615,0.8545,0.9558,0.7726
95,AL_32,AL,numeric,significand,median,0.914,0.7564,0.8542,0.9744,0.7604
96,AL_34,AL,numeric,significand,mean,0.914,0.7564,0.8542,0.9744,0.7604
97,AL_30,AL,numeric,raw,mean,0.914,0.7581,0.8542,0.9674,0.7647
98,AL_30,AL,numeric,sig4figs,mean,0.914,0.7581,0.8542,0.9674,0.7647
99,AL_1,AL,numeric,significand,mean,0.8997,0.7598,0.8536,0.9558,0.7711
100,AL_29,AL,numeric,significand,median,0.914,0.7513,0.8534,0.9884,0.7509
101,AL_194,AL,numeric,raw,median,0.6448,0.7598,0.8533,0.9535,0.7721
102,EK_6,EK,numeric,significand,median,0.1225,0.7598,0.8533,0.9535,0.7721
103,EK_8,EK,numeric,sig4figs,median,0.1225,0.753,0.8531,0.9791,0.7558
104,AL_97,AL,numeric,raw,median,0.5916,0.7547,0.8528,0.9698,0.7609
105,EK_3,EK,numeric,significand,median,0.4538,0.7581,0.8527,0.9558,0.7697
106,AL_29,AL,numeric,raw,median,0.914,0.7496,0.8523,0.986,0.7504
107,AL_29,AL,numeric,sig4figs,median,0.914,0.7496,0.8523,0.986,0.7504
108,EK_3,EK,numeric,sig4figs,mean,0.4538,0.7581,0.8521,0.9512,0.7717
109,EK_3,EK,numeric,sig4figs,median,0.4538,0.7581,0.8521,0.9512,0.7717
110,AL_215,AL,numeric,raw,mean,0.7434,0.7581,0.8518,0.9488,0.7727
111,AL_97,AL,numeric,sig4figs,median,0.5916,0.753,0.8516,0.9674,0.7605
112,EK_4,EK,numeric,sig4figs,mean,0.1225,0.7547,0.8515,0.9605,0.7648
113,AL_38,AL,numeric,sig4figs,median,0.914,0.753,0.8513,0.9651,0.7615
114,EK_2,EK,numeric,significand,median,0.1225,0.7564,0.8509,0.9488,0.7713
115,EK_3,EK,numeric,raw,mean,0.4538,0.7564,0.8509,0.9488,0.7713
116,EK_3,EK,numeric,raw,median,0.4538,0.7564,0.8509,0.9488,0.7713
117,AL_33,AL,numeric,significand,median,0.914,0.7479,0.8508,0.9814,0.7509
118,AL_35,AL,numeric,significand,median,0.914,0.7479,0.8508,0.9814,0.7509
119,EK_6,EK,numeric,significand,mean,0.1225,0.7547,0.8506,0.9535,0.7678
120,AL_215,AL,numeric,sig4figs,median,0.7434,0.753,0.8504,0.9581,0.7644
121,EK_3,EK,numeric,significand,mean,0.4538,0.7547,0.8503,0.9512,0.7688
122,AL_275,AL,numeric,significand,median,0.6452,0.753,0.8501,0.9558,0.7654
123,EK_2,EK,numeric,significand,mean,0.1225,0.7547,0.85,0.9488,0.7698
124,AL_35,AL,numeric,raw,median,0.914,0.7462,0.8499,0.9814,0.7496
125,AL_35,AL,numeric,sig4figs,median,0.914,0.7462,0.8499,0.9814,0.7496
126,AL_214,AL,numeric,significand,mean,0.7434,0.7581,0.8499,0.9349,0.7791
127,EK_4,EK,numeric,raw,mean,0.1225,0.7513,0.8498,0.9605,0.762
128,EK_2,EK,numeric,sig4figs,mean,0.1225,0.7547,0.8497,0.9465,0.7708
129,EK_2,EK,numeric,sig4figs,median,0.1225,0.7547,0.8497,0.9465,0.7708
130,AL_94,AL,numeric,raw,mean,0.5916,0.7564,0.8496,0.9395,0.7754
131,AL_275,AL,numeric,significand,mean,0.6452,0.7513,0.8495,0.9581,0.763
132,AL_214,AL,numeric,raw,mean,0.7434,0.7564,0.849,0.9349,0.7776
133,AL_214,AL,numeric,sig4figs,mean,0.7434,0.7564,0.849,0.9349,0.7776
134,AL_94,AL,numeric,sig4figs,median,0.5916,0.7496,0.8489,0.9605,0.7606
135,AL_215,AL,numeric,sig4figs,mean,0.7434,0.7513,0.8489,0.9535,0.7649
136,AL_26,AL,numeric,sig4figs,mean,0.3702,0.7479,0.8484,0.9628,0.7582
137,CAT_2,CAT,categorical,categorical,none,0.5916,0.7428,0.8482,0.9814,0.7469
138,AL_123,AL,numeric,raw,median,0.493,0.7376,0.8481,1.0,0.7363
139,AL_123,AL,numeric,significand,mean,0.493,0.7376,0.8481,1.0,0.7363
140,AL_123,AL,numeric,significand,median,0.493,0.7376,0.8481,1.0,0.7363
141,AL_123,AL,numeric,sig4figs,median,0.493,0.7376,0.8481,1.0,0.7363
142,AL_247,AL,numeric,significand,mean,0.6448,0.7479,0.848,0.9605,0.7592
143,AL_194,AL,numeric,sig4figs,mean,0.6448,0.7513,0.8479,0.9465,0.7679
144,AL_247,AL,numeric,significand,median,0.6448,0.7479,0.8477,0.9581,0.7601
145,AL_27,AL,numeric,raw,median,0.914,0.7411,0.8477,0.9837,0.7447
146,AL_27,AL,numeric,sig4figs,median,0.914,0.7411,0.8477,0.9837,0.7447
147,CAT_1,CAT,categorical,categorical,none,0.3702,0.7445,0.8476,0.9698,0.7527
148,AL_194,AL,numeric,raw,mean,0.6448,0.7496,0.8474,0.9488,0.7655
149,AL_123,AL,numeric,raw,mean,0.493,0.7359,0.8473,1.0,0.735
150,AL_123,AL,numeric,sig4figs,mean,0.493,0.7359,0.8473,1.0,0.735
151,EK_1,EK,numeric,significand,median,0.1225,0.7376,0.8472,0.993,0.7388
152,AL_287,AL,numeric,raw,median,0.666,0.753,0.8469,0.9326,0.7756
153,AL_37,AL,numeric,raw,median,0.914,0.7394,0.8468,0.9837,0.7434
154,AL_37,AL,numeric,sig4figs,median,0.914,0.7394,0.8468,0.9837,0.7434
155,AL_219,AL,numeric,raw,mean,0.6448,0.7479,0.8465,0.9488,0.764
156,AL_48,AL,numeric,raw,mean,0.4835,0.7342,0.8465,1.0,0.7338
157,AL_48,AL,numeric,sig4figs,mean,0.4835,0.7342,0.8465,1.0,0.7338
158,AL_57,AL,numeric,raw,mean,0.4835,0.7342,0.8465,1.0,0.7338
159,AL_57,AL,numeric,sig4figs,mean,0.4835,0.7342,0.8465,1.0,0.7338
160,AL_192,AL,numeric,raw,mean,0.6448,0.7342,0.8465,1.0,0.7338
161,AL_192,AL,numeric,raw,median,0.6448,0.7342,0.8465,1.0,0.7338
162,AL_192,AL,numeric,significand,mean,0.6448,0.7342,0.8465,1.0,0.7338
163,AL_192,AL,numeric,significand,median,0.6448,0.7342,0.8465,1.0,0.7338
164,AL_192,AL,numeric,sig4figs,mean,0.6448,0.7342,0.8465,1.0,0.7338
165,AL_192,AL,numeric,sig4figs,median,0.6448,0.7342,0.8465,1.0,0.7338
166,AL_209,AL,numeric,raw,mean,0.6448,0.7342,0.8465,1.0,0.7338
167,AL_209,AL,numeric,sig4figs,mean,0.6448,0.7342,0.8465,1.0,0.7338
168,AL_228,AL,numeric,significand,mean,0.6448,0.7342,0.8465,1.0,0.7338
169,AL_228,AL,numeric,significand,median,0.6448,0.7342,0.8465,1.0,0.7338
170,AL_268,AL,numeric,significand,mean,0.6448,0.7342,0.8465,1.0,0.7338
171,AL_268,AL,numeric,significand,median,0.6448,0.7342,0.8465,1.0,0.7338
172,AL_313,AL,numeric,raw,median,0.4432,0.7342,0.8465,1.0,0.7338
173,AL_313,AL,numeric,significand,mean,0.4432,0.7342,0.8465,1.0,0.7338
174,AL_313,AL,numeric,significand,median,0.4432,0.7342,0.8465,1.0,0.7338
175,AL_313,AL,numeric,sig4figs,median,0.4432,0.7342,0.8465,1.0,0.7338
176,AL_94,AL,numeric,raw,median,0.5916,0.7496,0.8464,0.9419,0.7685
177,EK_1,EK,numeric,significand,mean,0.1225,0.7359,0.8464,0.993,0.7375
178,AL_239,AL,numeric,raw,mean,0.6448,0.7445,0.8463,0.9605,0.7564
179,AL_239,AL,numeric,sig4figs,mean,0.6448,0.7445,0.8463,0.9605,0.7564
180,AL_37,AL,numeric,significand,median,0.914,0.7376,0.8463,0.986,0.7413
181,AL_31,AL,numeric,significand,median,0.914,0.7394,0.8462,0.9791,0.7451
182,AL_273,AL,numeric,significand,mean,0.6448,0.7342,0.8462,0.9977,0.7346
183,AL_273,AL,numeric,significand,median,0.6448,0.7342,0.8462,0.9977,0.7346
184,AL_219,AL,numeric,sig4figs,mean,0.6448,0.7479,0.8462,0.9465,0.765
185,AL_275,AL,numeric,raw,median,0.6452,0.7445,0.846,0.9581,0.7574
186,EK_6,EK,numeric,sig4figs,median,0.1225,0.7462,0.8459,0.9512,0.7616
187,AL_39,AL,numeric,raw,mean,0.4835,0.7325,0.8456,1.0,0.7325
188,AL_39,AL,numeric,raw,median,0.4835,0.7325,0.8456,1.0,0.7325
189,AL_39,AL,numeric,significand,mean,0.4835,0.7325,0.8456,1.0,0.7325
190,AL_39,AL,numeric,significand,median,0.4835,0.7325,0.8456,1.0,0.7325
191,AL_39,AL,numeric,sig4figs,mean,0.4835,0.7325,0.8456,1.0,0.7325
192,AL_39,AL,numeric,sig4figs,median,0.4835,0.7325,0.8456,1.0,0.7325
193,AL_41,AL,numeric,raw,mean,0.4835,0.7325,0.8456,1.0,0.7325
194,AL_41,AL,numeric,raw,median,0.4835,0.7325,0.8456,1.0,0.7325
195,AL_41,AL,numeric,significand,mean,0.4835,0.7325,0.8456,1.0,0.7325
196,AL_41,AL,numeric,significand,median,0.4835,0.7325,0.8456,1.0,0.7325
197,AL_41,AL,numeric,sig4figs,mean,0.4835,0.7325,0.8456,1.0,0.7325
198,AL_41,AL,numeric,sig4figs,median,0.4835,0.7325,0.8456,1.0,0.7325
199,AL_42,AL,numeric,raw,mean,0.4835,0.7325,0.8456,1.0,0.7325
200,AL_42,AL,numeric,raw,median,0.4835,0.7325,0.8456,1.0,0.7325
201,AL_42,AL,numeric,significand,mean,0.4835,0.7325,0.8456,1.0,0.7325
202,AL_42,AL,numeric,significand,median,0.4835,0.7325,0.8456,1.0,0.7325
203,AL_42,AL,numeric,sig4figs,mean,0.4835,0.7325,0.8456,1.0,0.7325
204,AL_42,AL,numeric,sig4figs,median,0.4835,0.7325,0.8456,1.0,0.7325
205,AL_44,AL,numeric,raw,mean,0.4835,0.7325,0.8456,1.0,0.7325
206,AL_44,AL,numeric,raw,median,0.4835,0.7325,0.8456,1.0,0.7325
207,AL_44,AL,numeric,significand,mean,0.4835,0.7325,0.8456,1.0,0.7325
208,AL_44,AL,numeric,significand,median,0.4835,0.7325,0.8456,1.0,0.7325
209,AL_44,AL,numeric,sig4figs,mean,0.4835,0.7325,0.8456,1.0,0.7325
210,AL_44,AL,numeric,sig4figs,median,0.4835,0.7325,0.8456,1.0,0.7325
211,AL_47,AL,numeric,raw,mean,0.4835,0.7325,0.8456,1.0,0.7325
212,AL_47,AL,numeric,raw,median,0.4835,0.7325,0.8456,1.0,0.7325
213,AL_47,AL,numeric,significand,mean,0.4835,0.7325,0.8456,1.0,0.7325
214,AL_47,AL,numeric,significand,median,0.4835,0.7325,0.8456,1.0,0.7325
215,AL_47,AL,numeric,sig4figs,mean,0.4835,0.7325,0.8456,1.0,0.7325
216,AL_47,AL,numeric,sig4figs,median,0.4835,0.7325,0.8456,1.0,0.7325
217,AL_50,AL,numeric,raw,mean,0.4835,0.7325,0.8456,1.0,0.7325
218,AL_50,AL,numeric,raw,median,0.4835,0.7325,0.8456,1.0,0.7325
219,AL_50,AL,numeric,significand,mean,0.4835,0.7325,0.8456,1.0,0.7325
220,AL_50,AL,numeric,significand,median,0.4835,0.7325,0.8456,1.0,0.7325
221,AL_50,AL,numeric,sig4figs,mean,0.4835,0.7325,0.8456,1.0,0.7325
222,AL_50,AL,numeric,sig4figs,median,0.4835,0.7325,0.8456,1.0,0.7325
223,AL_51,AL,numeric,raw,mean,0.4835,0.7325,0.8456,1.0,0.7325
224,AL_51,AL,numeric,raw,median,0.4835,0.7325,0.8456,1.0,0.7325
225,AL_51,AL,numeric,significand,mean,0.4835,0.7325,0.8456,1.0,0.7325
226,AL_51,AL,numeric,significand,median,0.4835,0.7325,0.8456,1.0,0.7325
227,AL_51,AL,numeric,sig4figs,mean,0.4835,0.7325,0.8456,1.0,0.7325
228,AL_51,AL,numeric,sig4figs,median,0.4835,0.7325,0.8456,1.0,0.7325
229,AL_53,AL,numeric,raw,mean,0.4835,0.7325,0.8456,1.0,0.7325
230,AL_53,AL,numeric,raw,median,0.4835,0.7325,0.8456,1.0,0.7325
231,AL_53,AL,numeric,significand,mean,0.4835,0.7325,0.8456,1.0,0.7325
232,AL_53,AL,numeric,significand,median,0.4835,0.7325,0.8456,1.0,0.7325
233,AL_53,AL,numeric,sig4figs,mean,0.4835,0.7325,0.8456,1.0,0.7325
234,AL_53,AL,numeric,sig4figs,median,0.4835,0.7325,0.8456,1.0,0.7325
235,AL_54,AL,numeric,raw,mean,0.4835,0.7325,0.8456,1.0,0.7325
236,AL_54,AL,numeric,raw,median,0.4835,0.7325,0.8456,1.0,0.7325
237,AL_54,AL,numeric,significand,mean,0.4835,0.7325,0.8456,1.0,0.7325
238,AL_54,AL,numeric,significand,median,0.4835,0.7325,0.8456,1.0,0.7325
239,AL_54,AL,numeric,sig4figs,mean,0.4835,0.7325,0.8456,1.0,0.7325
240,AL_54,AL,numeric,sig4figs,median,0.4835,0.7325,0.8456,1.0,0.7325
241,AL_56,AL,numeric,raw,mean,0.4835,0.7325,0.8456,1.0,0.7325
242,AL_56,AL,numeric,raw,median,0.4835,0.7325,0.8456,1.0,0.7325
243,AL_56,AL,numeric,significand,mean,0.4835,0.7325,0.8456,1.0,0.7325
244,AL_56,AL,numeric,significand,median,0.4835,0.7325,0.8456,1.0,0.7325
245,AL_56,AL,numeric,sig4figs,mean,0.4835,0.7325,0.8456,1.0,0.7325
246,AL_56,AL,numeric,sig4figs,median,0.4835,0.7325,0.8456,1.0,0.7325
247,AL_59,AL,numeric,raw,mean,0.4835,0.7325,0.8456,1.0,0.7325
248,AL_59,AL,numeric,raw,median,0.4835,0.7325,0.8456,1.0,0.7325
249,AL_59,AL,numeric,significand,mean,0.4835,0.7325,0.8456,1.0,0.7325
250,AL_59,AL,numeric,significand,median,0.4835,0.7325,0.8456,1.0,0.7325
251,AL_59,AL,numeric,sig4figs,mean,0.4835,0.7325,0.8456,1.0,0.7325
252,AL_59,AL,numeric,sig4figs,median,0.4835,0.7325,0.8456,1.0,0.7325
253,AL_60,AL,numeric,raw,mean,0.4835,0.7325,0.8456,1.0,0.7325
254,AL_60,AL,numeric,raw,median,0.4835,0.7325,0.8456,1.0,0.7325
255,AL_60,AL,numeric,significand,mean,0.4835,0.7325,0.8456,1.0,0.7325
256,AL_60,AL,numeric,significand,median,0.4835,0.7325,0.8456,1.0,0.7325
257,AL_60,AL,numeric,sig4figs,mean,0.4835,0.7325,0.8456,1.0,0.7325
258,AL_60,AL,numeric,sig4figs,median,0.4835,0.7325,0.8456,1.0,0.7325
259,AL_62,AL,numeric,raw,mean,0.4835,0.7325,0.8456,1.0,0.7325
260,AL_62,AL,numeric,raw,median,0.4835,0.7325,0.8456,1.0,0.7325
261,AL_62,AL,numeric,significand,mean,0.4835,0.7325,0.8456,1.0,0.7325
262,AL_62,AL,numeric,significand,median,0.4835,0.7325,0.8456,1.0,0.7325
263,AL_62,AL,numeric,sig4figs,mean,0.4835,0.7325,0.8456,1.0,0.7325
264,AL_62,AL,numeric,sig4figs,median,0.4835,0.7325,0.8456,1.0,0.7325
265,AL_63,AL,numeric,raw,mean,0.4835,0.7325,0.8456,1.0,0.7325
266,AL_63,AL,numeric,raw,median,0.4835,0.7325,0.8456,1.0,0.7325
267,AL_63,AL,numeric,significand,mean,0.4835,0.7325,0.8456,1.0,0.7325
268,AL_63,AL,numeric,significand,median,0.4835,0.7325,0.8456,1.0,0.7325
269,AL_63,AL,numeric,sig4figs,mean,0.4835,0.7325,0.8456,1.0,0.7325
270,AL_63,AL,numeric,sig4figs,median,0.4835,0.7325,0.8456,1.0,0.7325
271,AL_65,AL,numeric,raw,mean,0.4835,0.7325,0.8456,1.0,0.7325
272,AL_65,AL,numeric,raw,median,0.4835,0.7325,0.8456,1.0,0.7325
273,AL_65,AL,numeric,significand,mean,0.4835,0.7325,0.8456,1.0,0.7325
274,AL_65,AL,numeric,significand,median,0.4835,0.7325,0.8456,1.0,0.7325
275,AL_65,AL,numeric,sig4figs,mean,0.4835,0.7325,0.8456,1.0,0.7325
276,AL_65,AL,numeric,sig4figs,median,0.4835,0.7325,0.8456,1.0,0.7325
277,AL_68,AL,numeric,raw,mean,0.4835,0.7325,0.8456,1.0,0.7325
278,AL_68,AL,numeric,raw,median,0.4835,0.7325,0.8456,1.0,0.7325
279,AL_68,AL,numeric,significand,mean,0.4835,0.7325,0.8456,1.0,0.7325
280,AL_68,AL,numeric,significand,median,0.4835,0.7325,0.8456,1.0,0.7325
281,AL_68,AL,numeric,sig4figs,mean,0.4835,0.7325,0.8456,1.0,0.7325
282,AL_68,AL,numeric,sig4figs,median,0.4835,0.7325,0.8456,1.0,0.7325
283,AL_69,AL,numeric,raw,mean,0.4835,0.7325,0.8456,1.0,0.7325
284,AL_69,AL,numeric,raw,median,0.4835,0.7325,0.8456,1.0,0.7325
285,AL_69,AL,numeric,significand,mean,0.4835,0.7325,0.8456,1.0,0.7325
286,AL_69,AL,numeric,significand,median,0.4835,0.7325,0.8456,1.0,0.7325
287,AL_69,AL,numeric,sig4figs,mean,0.4835,0.7325,0.8456,1.0,0.7325
288,AL_69,AL,numeric,sig4figs,median,0.4835,0.7325,0.8456,1.0,0.7325
289,AL_71,AL,numeric,raw,mean,0.4835,0.7325,0.8456,1.0,0.7325
290,AL_71,AL,numeric,raw,median,0.4835,0.7325,0.8456,1.0,0.7325
291,AL_71,AL,numeric,significand,mean,0.4835,0.7325,0.8456,1.0,0.7325
292,AL_71,AL,numeric,significand,median,0.4835,0.7325,0.8456,1.0,0.7325
293,AL_71,AL,numeric,sig4figs,mean,0.4835,0.7325,0.8456,1.0,0.7325
294,AL_71,AL,numeric,sig4figs,median,0.4835,0.7325,0.8456,1.0,0.7325
295,AL_72,AL,numeric,raw,mean,0.4835,0.7325,0.8456,1.0,0.7325
296,AL_72,AL,numeric,raw,median,0.4835,0.7325,0.8456,1.0,0.7325
297,AL_72,AL,numeric,significand,mean,0.4835,0.7325,0.8456,1.0,0.7325
298,AL_72,AL,numeric,significand,median,0.4835,0.7325,0.8456,1.0,0.7325
299,AL_72,AL,numeric,sig4figs,mean,0.4835,0.7325,0.8456,1.0,0.7325
300,AL_72,AL,numeric,sig4figs,median,0.4835,0.7325,0.8456,1.0,0.7325
301,AL_74,AL,numeric,raw,mean,0.4835,0.7325,0.8456,1.0,0.7325
302,AL_74,AL,numeric,raw,median,0.4835,0.7325,0.8456,1.0,0.7325
303,AL_74,AL,numeric,significand,mean,0.4835,0.7325,0.8456,1.0,0.7325
304,AL_74,AL,numeric,significand,median,0.4835,0.7325,0.8456,1.0,0.7325
305,AL_74,AL,numeric,sig4figs,mean,0.4835,0.7325,0.8456,1.0,0.7325
306,AL_74,AL,numeric,sig4figs,median,0.4835,0.7325,0.8456,1.0,0.7325
307,AL_75,AL,numeric,raw,mean,0.5916,0.7325,0.8456,1.0,0.7325
308,AL_75,AL,numeric,raw,median,0.5916,0.7325,0.8456,1.0,0.7325
309,AL_75,AL,numeric,significand,mean,0.5916,0.7325,0.8456,1.0,0.7325
310,AL_75,AL,numeric,significand,median,0.5916,0.7325,0.8456,1.0,0.7325
311,AL_75,AL,numeric,sig4figs,mean,0.5916,0.7325,0.8456,1.0,0.7325
312,AL_75,AL,numeric,sig4figs,median,0.5916,0.7325,0.8456,1.0,0.7325
313,AL_77,AL,numeric,raw,mean,0.5916,0.7325,0.8456,1.0,0.7325
314,AL_77,AL,numeric,raw,median,0.5916,0.7325,0.8456,1.0,0.7325
315,AL_77,AL,numeric,significand,mean,0.5916,0.7325,0.8456,1.0,0.7325
316,AL_77,AL,numeric,significand,median,0.5916,0.7325,0.8456,1.0,0.7325
317,AL_77,AL,numeric,sig4figs,mean,0.5916,0.7325,0.8456,1.0,0.7325
318,AL_77,AL,numeric,sig4figs,median,0.5916,0.7325,0.8456,1.0,0.7325
319,AL_78,AL,numeric,raw,mean,0.5916,0.7325,0.8456,1.0,0.7325
320,AL_78,AL,numeric,raw,median,0.5916,0.7325,0.8456,1.0,0.7325
321,AL_78,AL,numeric,significand,mean,0.5916,0.7325,0.8456,1.0,0.7325
322,AL_78,AL,numeric,significand,median,0.5916,0.7325,0.8456,1.0,0.7325
323,AL_78,AL,numeric,sig4figs,mean,0.5916,0.7325,0.8456,1.0,0.7325
324,AL_78,AL,numeric,sig4figs,median,0.5916,0.7325,0.8456,1.0,0.7325
325,AL_80,AL,numeric,raw,mean,0.5916,0.7325,0.8456,1.0,0.7325
326,AL_80,AL,numeric,raw,median,0.5916,0.7325,0.8456,1.0,0.7325
327,AL_80,AL,numeric,significand,mean,0.5916,0.7325,0.8456,1.0,0.7325
328,AL_80,AL,numeric,significand,median,0.5916,0.7325,0.8456,1.0,0.7325
329,AL_80,AL,numeric,sig4figs,mean,0.5916,0.7325,0.8456,1.0,0.7325
330,AL_80,AL,numeric,sig4figs,median,0.5916,0.7325,0.8456,1.0,0.7325
331,AL_81,AL,numeric,raw,mean,0.5916,0.7325,0.8456,1.0,0.7325
332,AL_81,AL,numeric,raw,median,0.5916,0.7325,0.8456,1.0,0.7325
333,AL_81,AL,numeric,significand,mean,0.5916,0.7325,0.8456,1.0,0.7325
334,AL_81,AL,numeric,significand,median,0.5916,0.7325,0.8456,1.0,0.7325
335,AL_81,AL,numeric,sig4figs,mean,0.5916,0.7325,0.8456,1.0,0.7325
336,AL_81,AL,numeric,sig4figs,median,0.5916,0.7325,0.8456,1.0,0.7325
337,AL_83,AL,numeric,raw,mean,0.5916,0.7325,0.8456,1.0,0.7325
338,AL_83,AL,numeric,raw,median,0.5916,0.7325,0.8456,1.0,0.7325
339,AL_83,AL,numeric,significand,mean,0.5916,0.7325,0.8456,1.0,0.7325
340,AL_83,AL,numeric,significand,median,0.5916,0.7325,0.8456,1.0,0.7325
341,AL_83,AL,numeric,sig4figs,mean,0.5916,0.7325,0.8456,1.0,0.7325
342,AL_83,AL,numeric,sig4figs,median,0.5916,0.7325,0.8456,1.0,0.7325
343,AL_84,AL,numeric,raw,mean,0.5916,0.7325,0.8456,1.0,0.7325
344,AL_84,AL,numeric,raw,median,0.5916,0.7325,0.8456,1.0,0.7325
345,AL_84,AL,numeric,significand,mean,0.5916,0.7325,0.8456,1.0,0.7325
346,AL_84,AL,numeric,significand,median,0.5916,0.7325,0.8456,1.0,0.7325
347,AL_84,AL,numeric,sig4figs,mean,0.5916,0.7325,0.8456,1.0,0.7325
348,AL_84,AL,numeric,sig4figs,median,0.5916,0.7325,0.8456,1.0,0.7325
349,AL_86,AL,numeric,raw,mean,0.5916,0.7325,0.8456,1.0,0.7325
350,AL_86,AL,numeric,raw,median,0.5916,0.7325,0.8456,1.0,0.7325
351,AL_86,AL,numeric,significand,mean,0.5916,0.7325,0.8456,1.0,0.7325
352,AL_86,AL,numeric,significand,median,0.5916,0.7325,0.8456,1.0,0.7325
353,AL_86,AL,numeric,sig4figs,mean,0.5916,0.7325,0.8456,1.0,0.7325
354,AL_86,AL,numeric,sig4figs,median,0.5916,0.7325,0.8456,1.0,0.7325
355,AL_87,AL,numeric,raw,mean,0.5916,0.7325,0.8456,1.0,0.7325
356,AL_87,AL,numeric,raw,median,0.5916,0.7325,0.8456,1.0,0.7325
357,AL_87,AL,numeric,significand,mean,0.5916,0.7325,0.8456,1.0,0.7325
358,AL_87,AL,numeric,significand,median,0.5916,0.7325,0.8456,1.0,0.7325
359,AL_87,AL,numeric,sig4figs,mean,0.5916,0.7325,0.8456,1.0,0.7325
360,AL_87,AL,numeric,sig4figs,median,0.5916,0.7325,0.8456,1.0,0.7325
361,AL_89,AL,numeric,raw,mean,0.5916,0.7325,0.8456,1.0,0.7325
362,AL_89,AL,numeric,raw,median,0.5916,0.7325,0.8456,1.0,0.7325
363,AL_89,AL,numeric,significand,mean,0.5916,0.7325,0.8456,1.0,0.7325
364,AL_89,AL,numeric,significand,median,0.5916,0.7325,0.8456,1.0,0.7325
365,AL_89,AL,numeric,sig4figs,mean,0.5916,0.7325,0.8456,1.0,0.7325
366,AL_89,AL,numeric,sig4figs,median,0.5916,0.7325,0.8456,1.0,0.7325
367,AL_90,AL,numeric,raw,mean,0.5916,0.7325,0.8456,1.0,0.7325
368,AL_90,AL,numeric,raw,median,0.5916,0.7325,0.8456,1.0,0.7325
369,AL_90,AL,numeric,significand,mean,0.5916,0.7325,0.8456,1.0,0.7325
370,AL_90,AL,numeric,significand,median,0.5916,0.7325,0.8456,1.0,0.7325
371,AL_90,AL,numeric,sig4figs,mean,0.5916,0.7325,0.8456,1.0,0.7325
372,AL_90,AL,numeric,sig4figs,median,0.5916,0.7325,0.8456,1.0,0.7325
373,AL_92,AL,numeric,raw,mean,0.5916,0.7325,0.8456,1.0,0.7325
374,AL_92,AL,numeric,raw,median,0.5916,0.7325,0.8456,1.0,0.7325
375,AL_92,AL,numeric,significand,mean,0.5916,0.7325,0.8456,1.0,0.7325
376,AL_92,AL,numeric,significand,median,0.5916,0.7325,0.8456,1.0,0.7325
377,AL_92,AL,numeric,sig4figs,mean,0.5916,0.7325,0.8456,1.0,0.7325
378,AL_92,AL,numeric,sig4figs,median,0.5916,0.7325,0.8456,1.0,0.7325
379,AL_93,AL,numeric,raw,mean,0.5916,0.7325,0.8456,1.0,0.7325
380,AL_93,AL,numeric,raw,median,0.5916,0.7325,0.8456,1.0,0.7325
381,AL_93,AL,numeric,significand,mean,0.5916,0.7325,0.8456,1.0,0.7325
382,AL_93,AL,numeric,significand,median,0.5916,0.7325,0.8456,1.0,0.7325
383,AL_93,AL,numeric,sig4figs,mean,0.5916,0.7325,0.8456,1.0,0.7325
384,AL_93,AL,numeric,sig4figs,median,0.5916,0.7325,0.8456,1.0,0.7325
385,AL_96,AL,numeric,raw,mean,0.5916,0.7325,0.8456,1.0,0.7325
386,AL_96,AL,numeric,sig4figs,mean,0.5916,0.7325,0.8456,1.0,0.7325
387,AL_98,AL,numeric,raw,mean,0.5916,0.7325,0.8456,1.0,0.7325
388,AL_98,AL,numeric,raw,median,0.5916,0.7325,0.8456,1.0,0.7325
389,AL_98,AL,numeric,significand,mean,0.5916,0.7325,0.8456,1.0,0.7325
390,AL_98,AL,numeric,significand,median,0.5916,0.7325,0.8456,1.0,0.7325
391,AL_98,AL,numeric,sig4figs,mean,0.5916,0.7325,0.8456,1.0,0.7325
392,AL_98,AL,numeric,sig4figs,median,0.5916,0.7325,0.8456,1.0,0.7325
393,CAT_3,CAT,categorical,categorical,none,0.1225,0.7325,0.8456,1.0,0.7325
394,CAT_4,CAT,categorical,categorical,none,0.1225,0.7325,0.8456,1.0,0.7325
395,AL_99,AL,numeric,raw,mean,0.493,0.7325,0.8456,1.0,0.7325
396,AL_99,AL,numeric,raw,median,0.493,0.7325,0.8456,1.0,0.7325
397,AL_99,AL,numeric,significand,mean,0.493,0.7325,0.8456,1.0,0.7325
398,AL_99,AL,numeric,significand,median,0.493,0.7325,0.8456,1.0,0.7325
399,AL_99,AL,numeric,sig4figs,mean,0.493,0.7325,0.8456,1.0,0.7325
400,AL_99,AL,numeric,sig4figs,median,0.493,0.7325,0.8456,1.0,0.7325
401,AL_101,AL,numeric,raw,mean,0.493,0.7325,0.8456,1.0,0.7325
402,AL_101,AL,numeric,raw,median,0.493,0.7325,0.8456,1.0,0.7325
403,AL_101,AL,numeric,significand,mean,0.493,0.7325,0.8456,1.0,0.7325
404,AL_101,AL,numeric,significand,median,0.493,0.7325,0.8456,1.0,0.7325
405,AL_101,AL,numeric,sig4figs,mean,0.493,0.7325,0.8456,1.0,0.7325
406,AL_101,AL,numeric,sig4figs,median,0.493,0.7325,0.8456,1.0,0.7325
407,AL_102,AL,numeric,raw,mean,0.493,0.7325,0.8456,1.0,0.7325
408,AL_102,AL,numeric,raw,median,0.493,0.7325,0.8456,1.0,0.7325
409,AL_102,AL,numeric,significand,mean,0.493,0.7325,0.8456,1.0,0.7325
410,AL_102,AL,numeric,significand,median,0.493,0.7325,0.8456,1.0,0.7325
411,AL_102,AL,numeric,sig4figs,mean,0.493,0.7325,0.8456,1.0,0.7325
412,AL_102,AL,numeric,sig4figs,median,0.493,0.7325,0.8456,1.0,0.7325
413,AL_104,AL,numeric,raw,mean,0.493,0.7325,0.8456,1.0,0.7325
414,AL_104,AL,numeric,raw,median,0.493,0.7325,0.8456,1.0,0.7325
415,AL_104,AL,numeric,significand,mean,0.493,0.7325,0.8456,1.0,0.7325
416,AL_104,AL,numeric,significand,median,0.493,0.7325,0.8456,1.0,0.7325
417,AL_104,AL,numeric,sig4figs,mean,0.493,0.7325,0.8456,1.0,0.7325
418,AL_104,AL,numeric,sig4figs,median,0.493,0.7325,0.8456,1.0,0.7325
419,AL_107,AL,numeric,raw,mean,0.493,0.7325,0.8456,1.0,0.7325
420,AL_107,AL,numeric,raw,median,0.493,0.7325,0.8456,1.0,0.7325
421,AL_107,AL,numeric,significand,mean,0.493,0.7325,0.8456,1.0,0.7325
422,AL_107,AL,numeric,significand,median,0.493,0.7325,0.8456,1.0,0.7325
423,AL_107,AL,numeric,sig4figs,mean,0.493,0.7325,0.8456,1.0,0.7325
424,AL_107,AL,numeric,sig4figs,median,0.493,0.7325,0.8456,1.0,0.7325
425,AL_108,AL,numeric,raw,mean,0.493,0.7325,0.8456,1.0,0.7325
426,AL_108,AL,numeric,raw,median,0.493,0.7325,0.8456,1.0,0.7325
427,AL_108,AL,numeric,significand,mean,0.493,0.7325,0.8456,1.0,0.7325
428,AL_108,AL,numeric,significand,median,0.493,0.7325,0.8456,1.0,0.7325
429,AL_108,AL,numeric,sig4figs,mean,0.493,0.7325,0.8456,1.0,0.7325
430,AL_108,AL,numeric,sig4figs,median,0.493,0.7325,0.8456,1.0,0.7325
431,AL_110,AL,numeric,raw,mean,0.493,0.7325,0.8456,1.0,0.7325
432,AL_110,AL,numeric,raw,median,0.493,0.7325,0.8456,1.0,0.7325
433,AL_110,AL,numeric,significand,mean,0.493,0.7325,0.8456,1.0,0.7325
434,AL_110,AL,numeric,significand,median,0.493,0.7325,0.8456,1.0,0.7325
435,AL_110,AL,numeric,sig4figs,mean,0.493,0.7325,0.8456,1.0,0.7325
436,AL_110,AL,numeric,sig4figs,median,0.493,0.7325,0.8456,1.0,0.7325
437,AL_111,AL,numeric,raw,mean,0.493,0.7325,0.8456,1.0,0.7325
438,AL_111,AL,numeric,raw,median,0.493,0.7325,0.8456,1.0,0.7325
439,AL_111,AL,numeric,significand,mean,0.493,0.7325,0.8456,1.0,0.7325
440,AL_111,AL,numeric,significand,median,0.493,0.7325,0.8456,1.0,0.7325
441,AL_111,AL,numeric,sig4figs,mean,0.493,0.7325,0.8456,1.0,0.7325
442,AL_111,AL,numeric,sig4figs,median,0.493,0.7325,0.8456,1.0,0.7325
443,AL_113,AL,numeric,raw,mean,0.493,0.7325,0.8456,1.0,0.7325
444,AL_113,AL,numeric,raw,median,0.493,0.7325,0.8456,1.0,0.7325
445,AL_113,AL,numeric,significand,mean,0.493,0.7325,0.8456,1.0,0.7325
446,AL_113,AL,numeric,significand,median,0.493,0.7325,0.8456,1.0,0.7325
447,AL_113,AL,numeric,sig4figs,mean,0.493,0.7325,0.8456,1.0,0.7325
448,AL_113,AL,numeric,sig4figs,median,0.493,0.7325,0.8456,1.0,0.7325
449,AL_114,AL,numeric,raw,mean,0.493,0.7325,0.8456,1.0,0.7325
450,AL_114,AL,numeric,raw,median,0.493,0.7325,0.8456,1.0,0.7325
451,AL_114,AL,numeric,significand,mean,0.493,0.7325,0.8456,1.0,0.7325
452,AL_114,AL,numeric,significand,median,0.493,0.7325,0.8456,1.0,0.7325
453,AL_114,AL,numeric,sig4figs,mean,0.493,0.7325,0.8456,1.0,0.7325
454,AL_114,AL,numeric,sig4figs,median,0.493,0.7325,0.8456,1.0,0.7325
455,AL_116,AL,numeric,raw,mean,0.493,0.7325,0.8456,1.0,0.7325
456,AL_116,AL,numeric,raw,median,0.493,0.7325,0.8456,1.0,0.7325
457,AL_116,AL,numeric,significand,mean,0.493,0.7325,0.8456,1.0,0.7325
458,AL_116,AL,numeric,significand,median,0.493,0.7325,0.8456,1.0,0.7325
459,AL_116,AL,numeric,sig4figs,mean,0.493,0.7325,0.8456,1.0,0.7325
460,AL_116,AL,numeric,sig4figs,median,0.493,0.7325,0.8456,1.0,0.7325
461,AL_117,AL,numeric,raw,mean,0.493,0.7325,0.8456,1.0,0.7325
462,AL_117,AL,numeric,raw,median,0.493,0.7325,0.8456,1.0,0.7325
463,AL_117,AL,numeric,significand,mean,0.493,0.7325,0.8456,1.0,0.7325
464,AL_117,AL,numeric,significand,median,0.493,0.7325,0.8456,1.0,0.7325
465,AL_117,AL,numeric,sig4figs,mean,0.493,0.7325,0.8456,1.0,0.7325
466,AL_117,AL,numeric,sig4figs,median,0.493,0.7325,0.8456,1.0,0.7325
467,AL_119,AL,numeric,raw,mean,0.493,0.7325,0.8456,1.0,0.7325
468,AL_119,AL,numeric,raw,median,0.493,0.7325,0.8456,1.0,0.7325
469,AL_119,AL,numeric,significand,mean,0.493,0.7325,0.8456,1.0,0.7325
470,AL_119,AL,numeric,significand,median,0.493,0.7325,0.8456,1.0,0.7325
471,AL_119,AL,numeric,sig4figs,mean,0.493,0.7325,0.8456,1.0,0.7325
472,AL_119,AL,numeric,sig4figs,median,0.493,0.7325,0.8456,1.0,0.7325
473,AL_120,AL,numeric,raw,mean,0.493,0.7325,0.8456,1.0,0.7325
474,AL_120,AL,numeric,raw,median,0.493,0.7325,0.8456,1.0,0.7325
475,AL_120,AL,numeric,significand,mean,0.493,0.7325,0.8456,1.0,0.7325
476,AL_120,AL,numeric,significand,median,0.493,0.7325,0.8456,1.0,0.7325
477,AL_120,AL,numeric,sig4figs,mean,0.493,0.7325,0.8456,1.0,0.7325
478,AL_120,AL,numeric,sig4figs,median,0.493,0.7325,0.8456,1.0,0.7325
479,AL_122,AL,numeric,raw,mean,0.493,0.7325,0.8456,1.0,0.7325
480,AL_122,AL,numeric,raw,median,0.493,0.7325,0.8456,1.0,0.7325
481,AL_122,AL,numeric,significand,mean,0.493,0.7325,0.8456,1.0,0.7325
482,AL_122,AL,numeric,significand,median,0.493,0.7325,0.8456,1.0,0.7325
483,AL_122,AL,numeric,sig4figs,mean,0.493,0.7325,0.8456,1.0,0.7325
484,AL_122,AL,numeric,sig4figs,median,0.493,0.7325,0.8456,1.0,0.7325
485,AL_125,AL,numeric,raw,mean,0.493,0.7325,0.8456,1.0,0.7325
486,AL_125,AL,numeric,raw,median,0.493,0.7325,0.8456,1.0,0.7325
487,AL_125,AL,numeric,significand,mean,0.493,0.7325,0.8456,1.0,0.7325
488,AL_125,AL,numeric,significand,median,0.493,0.7325,0.8456,1.0,0.7325
489,AL_125,AL,numeric,sig4figs,mean,0.493,0.7325,0.8456,1.0,0.7325
490,AL_125,AL,numeric,sig4figs,median,0.493,0.7325,0.8456,1.0,0.7325
491,AL_126,AL,numeric,raw,mean,0.493,0.7325,0.8456,1.0,0.7325
492,AL_126,AL,numeric,raw,median,0.493,0.7325,0.8456,1.0,0.7325
493,AL_126,AL,numeric,significand,mean,0.493,0.7325,0.8456,1.0,0.7325
494,AL_126,AL,numeric,significand,median,0.493,0.7325,0.8456,1.0,0.7325
495,AL_126,AL,numeric,sig4figs,mean,0.493,0.7325,0.8456,1.0,0.7325
496,AL_126,AL,numeric,sig4figs,median,0.493,0.7325,0.8456,1.0,0.7325
497,AL_128,AL,numeric,raw,mean,0.493,0.7325,0.8456,1.0,0.7325
498,AL_128,AL,numeric,raw,median,0.493,0.7325,0.8456,1.0,0.7325
499,AL_128,AL,numeric,significand,mean,0.493,0.7325,0.8456,1.0,0.7325
500,AL_128,AL,numeric,significand,median,0.493,0.7325,0.8456,1.0,0.7325
501,AL_128,AL,numeric,sig4figs,mean,0.493,0.7325,0.8456,1.0,0.7325
502,AL_128,AL,numeric,sig4figs,median,0.493,0.7325,0.8456,1.0,0.7325
503,AL_131,AL,numeric,raw,mean,0.493,0.7325,0.8456,1.0,0.7325
504,AL_131,AL,numeric,raw,median,0.493,0.7325,0.8456,1.0,0.7325
505,AL_131,AL,numeric,significand,mean,0.493,0.7325,0.8456,1.0,0.7325
506,AL_131,AL,numeric,significand,median,0.493,0.7325,0.8456,1.0,0.7325
507,AL_131,AL,numeric,sig4figs,mean,0.493,0.7325,0.8456,1.0,0.7325
508,AL_131,AL,numeric,sig4figs,median,0.493,0.7325,0.8456,1.0,0.7325
509,AL_132,AL,numeric,raw,mean,0.493,0.7325,0.8456,1.0,0.7325
510,AL_132,AL,numeric,raw,median,0.493,0.7325,0.8456,1.0,0.7325
511,AL_132,AL,numeric,significand,mean,0.493,0.7325,0.8456,1.0,0.7325
512,AL_132,AL,numeric,significand,median,0.493,0.7325,0.8456,1.0,0.7325
513,AL_132,AL,numeric,sig4figs,mean,0.493,0.7325,0.8456,1.0,0.7325
514,AL_132,AL,numeric,sig4figs,median,0.493,0.7325,0.8456,1.0,0.7325
515,AL_134,AL,numeric,raw,mean,0.493,0.7325,0.8456,1.0,0.7325
516,AL_134,AL,numeric,raw,median,0.493,0.7325,0.8456,1.0,0.7325
517,AL_134,AL,numeric,significand,mean,0.493,0.7325,0.8456,1.0,0.7325
518,AL_134,AL,numeric,significand,median,0.493,0.7325,0.8456,1.0,0.7325
519,AL_134,AL,numeric,sig4figs,mean,0.493,0.7325,0.8456,1.0,0.7325
520,AL_134,AL,numeric,sig4figs,median,0.493,0.7325,0.8456,1.0,0.7325
521,AL_135,AL,numeric,raw,mean,0.493,0.7325,0.8456,1.0,0.7325
522,AL_135,AL,numeric,raw,median,0.493,0.7325,0.8456,1.0,0.7325
523,AL_135,AL,numeric,significand,mean,0.493,0.7325,0.8456,1.0,0.7325
524,AL_135,AL,numeric,significand,median,0.493,0.7325,0.8456,1.0,0.7325
525,AL_135,AL,numeric,sig4figs,mean,0.493,0.7325,0.8456,1.0,0.7325
526,AL_135,AL,numeric,sig4figs,median,0.493,0.7325,0.8456,1.0,0.7325
527,AL_137,AL,numeric,raw,mean,0.493,0.7325,0.8456,1.0,0.7325
528,AL_137,AL,numeric,raw,median,0.493,0.7325,0.8456,1.0,0.7325
529,AL_137,AL,numeric,significand,mean,0.493,0.7325,0.8456,1.0,0.7325
530,AL_137,AL,numeric,significand,median,0.493,0.7325,0.8456,1.0,0.7325
531,AL_137,AL,numeric,sig4figs,mean,0.493,0.7325,0.8456,1.0,0.7325
532,AL_137,AL,numeric,sig4figs,median,0.493,0.7325,0.8456,1.0,0.7325
533,AL_138,AL,numeric,raw,mean,0.493,0.7325,0.8456,1.0,0.7325
534,AL_138,AL,numeric,raw,median,0.493,0.7325,0.8456,1.0,0.7325
535,AL_138,AL,numeric,significand,mean,0.493,0.7325,0.8456,1.0,0.7325
536,AL_138,AL,numeric,significand,median,0.493,0.7325,0.8456,1.0,0.7325
537,AL_138,AL,numeric,sig4figs,mean,0.493,0.7325,0.8456,1.0,0.7325
538,AL_138,AL,numeric,sig4figs,median,0.493,0.7325,0.8456,1.0,0.7325
539,AL_140,AL,numeric,raw,mean,0.493,0.7325,0.8456,1.0,0.7325
540,AL_140,AL,numeric,raw,median,0.493,0.7325,0.8456,1.0,0.7325
541,AL_140,AL,numeric,significand,mean,0.493,0.7325,0.8456,1.0,0.7325
542,AL_140,AL,numeric,significand,median,0.493,0.7325,0.8456,1.0,0.7325
543,AL_140,AL,numeric,sig4figs,mean,0.493,0.7325,0.8456,1.0,0.7325
544,AL_140,AL,numeric,sig4figs,median,0.493,0.7325,0.8456,1.0,0.7325
545,AL_141,AL,numeric,raw,mean,0.493,0.7325,0.8456,1.0,0.7325
546,AL_141,AL,numeric,raw,median,0.493,0.7325,0.8456,1.0,0.7325
547,AL_141,AL,numeric,significand,mean,0.493,0.7325,0.8456,1.0,0.7325
548,AL_141,AL,numeric,significand,median,0.493,0.7325,0.8456,1.0,0.7325
549,AL_141,AL,numeric,sig4figs,mean,0.493,0.7325,0.8456,1.0,0.7325
550,AL_141,AL,numeric,sig4figs,median,0.493,0.7325,0.8456,1.0,0.7325
551,AL_143,AL,numeric,raw,mean,0.493,0.7325,0.8456,1.0,0.7325
552,AL_143,AL,numeric,raw,median,0.493,0.7325,0.8456,1.0,0.7325
553,AL_143,AL,numeric,significand,mean,0.493,0.7325,0.8456,1.0,0.7325
554,AL_143,AL,numeric,significand,median,0.493,0.7325,0.8456,1.0,0.7325
555,AL_143,AL,numeric,sig4figs,mean,0.493,0.7325,0.8456,1.0,0.7325
556,AL_143,AL,numeric,sig4figs,median,0.493,0.7325,0.8456,1.0,0.7325
557,AL_144,AL,numeric,raw,mean,0.493,0.7325,0.8456,1.0,0.7325
558,AL_144,AL,numeric,raw,median,0.493,0.7325,0.8456,1.0,0.7325
559,AL_144,AL,numeric,significand,mean,0.493,0.7325,0.8456,1.0,0.7325
560,AL_144,AL,numeric,significand,median,0.493,0.7325,0.8456,1.0,0.7325
561,AL_144,AL,numeric,sig4figs,mean,0.493,0.7325,0.8456,1.0,0.7325
562,AL_144,AL,numeric,sig4figs,median,0.493,0.7325,0.8456,1.0,0.7325
563,AL_146,AL,numeric,raw,mean,0.493,0.7325,0.8456,1.0,0.7325
564,AL_146,AL,numeric,raw,median,0.493,0.7325,0.8456,1.0,0.7325
565,AL_146,AL,numeric,significand,mean,0.493,0.7325,0.8456,1.0,0.7325
566,AL_146,AL,numeric,significand,median,0.493,0.7325,0.8456,1.0,0.7325
567,AL_146,AL,numeric,sig4figs,mean,0.493,0.7325,0.8456,1.0,0.7325
568,AL_146,AL,numeric,sig4figs,median,0.493,0.7325,0.8456,1.0,0.7325
569,AL_147,AL,numeric,raw,mean,0.493,0.7325,0.8456,1.0,0.7325
570,AL_147,AL,numeric,raw,median,0.493,0.7325,0.8456,1.0,0.7325
571,AL_147,AL,numeric,significand,mean,0.493,0.7325,0.8456,1.0,0.7325
572,AL_147,AL,numeric,significand,median,0.493,0.7325,0.8456,1.0,0.7325
573,AL_147,AL,numeric,sig4figs,mean,0.493,0.7325,0.8456,1.0,0.7325
574,AL_147,AL,numeric,sig4figs,median,0.493,0.7325,0.8456,1.0,0.7325
575,AL_149,AL,numeric,raw,mean,0.493,0.7325,0.8456,1.0,0.7325
576,AL_149,AL,numeric,raw,median,0.493,0.7325,0.8456,1.0,0.7325
577,AL_149,AL,numeric,significand,mean,0.493,0.7325,0.8456,1.0,0.7325
578,AL_149,AL,numeric,significand,median,0.493,0.7325,0.8456,1.0,0.7325
579,AL_149,AL,numeric,sig4figs,mean,0.493,0.7325,0.8456,1.0,0.7325
580,AL_149,AL,numeric,sig4figs,median,0.493,0.7325,0.8456,1.0,0.7325
581,AL_152,AL,numeric,raw,mean,0.493,0.7325,0.8456,1.0,0.7325
582,AL_152,AL,numeric,raw,median,0.493,0.7325,0.8456,1.0,0.7325
583,AL_152,AL,numeric,significand,mean,0.493,0.7325,0.8456,1.0,0.7325
584,AL_152,AL,numeric,significand,median,0.493,0.7325,0.8456,1.0,0.7325
585,AL_152,AL,numeric,sig4figs,mean,0.493,0.7325,0.8456,1.0,0.7325
586,AL_152,AL,numeric,sig4figs,median,0.493,0.7325,0.8456,1.0,0.7325
587,AL_153,AL,numeric,raw,mean,0.493,0.7325,0.8456,1.0,0.7325
588,AL_153,AL,numeric,raw,median,0.493,0.7325,0.8456,1.0,0.7325
589,AL_153,AL,numeric,significand,mean,0.493,0.7325,0.8456,1.0,0.7325
590,AL_153,AL,numeric,significand,median,0.493,0.7325,0.8456,1.0,0.7325
591,AL_153,AL,numeric,sig4figs,mean,0.493,0.7325,0.8456,1.0,0.7325
592,AL_153,AL,numeric,sig4figs,median,0.493,0.7325,0.8456,1.0,0.7325
593,AL_155,AL,numeric,raw,mean,0.493,0.7325,0.8456,1.0,0.7325
594,AL_155,AL,numeric,raw,median,0.493,0.7325,0.8456,1.0,0.7325
595,AL_155,AL,numeric,significand,mean,0.493,0.7325,0.8456,1.0,0.7325
596,AL_155,AL,numeric,significand,median,0.493,0.7325,0.8456,1.0,0.7325
597,AL_155,AL,numeric,sig4figs,mean,0.493,0.7325,0.8456,1.0,0.7325
598,AL_155,AL,numeric,sig4figs,median,0.493,0.7325,0.8456,1.0,0.7325
599,AL_156,AL,numeric,raw,mean,0.493,0.7325,0.8456,1.0,0.7325
600,AL_156,AL,numeric,raw,median,0.493,0.7325,0.8456,1.0,0.7325
601,AL_156,AL,numeric,significand,mean,0.493,0.7325,0.8456,1.0,0.7325
602,AL_156,AL,numeric,significand,median,0.493,0.7325,0.8456,1.0,0.7325
603,AL_156,AL,numeric,sig4figs,mean,0.493,0.7325,0.8456,1.0,0.7325
604,AL_156,AL,numeric,sig4figs,median,0.493,0.7325,0.8456,1.0,0.7325
605,AL_158,AL,numeric,raw,mean,0.493,0.7325,0.8456,1.0,0.7325
606,AL_158,AL,numeric,raw,median,0.493,0.7325,0.8456,1.0,0.7325
607,AL_158,AL,numeric,significand,mean,0.493,0.7325,0.8456,1.0,0.7325
608,AL_158,AL,numeric,significand,median,0.493,0.7325,0.8456,1.0,0.7325
609,AL_158,AL,numeric,sig4figs,mean,0.493,0.7325,0.8456,1.0,0.7325
610,AL_158,AL,numeric,sig4figs,median,0.493,0.7325,0.8456,1.0,0.7325
611,AL_159,AL,numeric,raw,mean,0.493,0.7325,0.8456,1.0,0.7325
612,AL_159,AL,numeric,raw,median,0.493,0.7325,0.8456,1.0,0.7325
613,AL_159,AL,numeric,significand,mean,0.493,0.7325,0.8456,1.0,0.7325
614,AL_159,AL,numeric,significand,median,0.493,0.7325,0.8456,1.0,0.7325
615,AL_159,AL,numeric,sig4figs,mean,0.493,0.7325,0.8456,1.0,0.7325
616,AL_159,AL,numeric,sig4figs,median,0.493,0.7325,0.8456,1.0,0.7325
617,AL_161,AL,numeric,raw,mean,0.493,0.7325,0.8456,1.0,0.7325
618,AL_161,AL,numeric,raw,median,0.493,0.7325,0.8456,1.0,0.7325
619,AL_161,AL,numeric,significand,mean,0.493,0.7325,0.8456,1.0,0.7325
620,AL_161,AL,numeric,significand,median,0.493,0.7325,0.8456,1.0,0.7325
621,AL_161,AL,numeric,sig4figs,mean,0.493,0.7325,0.8456,1.0,0.7325
622,AL_161,AL,numeric,sig4figs,median,0.493,0.7325,0.8456,1.0,0.7325
623,AL_162,AL,numeric,raw,mean,0.493,0.7325,0.8456,1.0,0.7325
624,AL_162,AL,numeric,raw,median,0.493,0.7325,0.8456,1.0,0.7325
625,AL_162,AL,numeric,significand,mean,0.493,0.7325,0.8456,1.0,0.7325
626,AL_162,AL,numeric,significand,median,0.493,0.7325,0.8456,1.0,0.7325
627,AL_162,AL,numeric,sig4figs,mean,0.493,0.7325,0.8456,1.0,0.7325
628,AL_162,AL,numeric,sig4figs,median,0.493,0.7325,0.8456,1.0,0.7325
629,AL_164,AL,numeric,raw,mean,0.493,0.7325,0.8456,1.0,0.7325
630,AL_164,AL,numeric,raw,median,0.493,0.7325,0.8456,1.0,0.7325
631,AL_164,AL,numeric,significand,mean,0.493,0.7325,0.8456,1.0,0.7325
632,AL_164,AL,numeric,significand,median,0.493,0.7325,0.8456,1.0,0.7325
633,AL_164,AL,numeric,sig4figs,mean,0.493,0.7325,0.8456,1.0,0.7325
634,AL_164,AL,numeric,sig4figs,median,0.493,0.7325,0.8456,1.0,0.7325
635,AL_165,AL,numeric,raw,mean,0.493,0.7325,0.8456,1.0,0.7325
636,AL_165,AL,numeric,raw,median,0.493,0.7325,0.8456,1.0,0.7325
637,AL_165,AL,numeric,significand,mean,0.493,0.7325,0.8456,1.0,0.7325
638,AL_165,AL,numeric,significand,median,0.493,0.7325,0.8456,1.0,0.7325
639,AL_165,AL,numeric,sig4figs,mean,0.493,0.7325,0.8456,1.0,0.7325
640,AL_165,AL,numeric,sig4figs,median,0.493,0.7325,0.8456,1.0,0.7325
641,AL_167,AL,numeric,raw,mean,0.493,0.7325,0.8456,1.0,0.7325
642,AL_167,AL,numeric,raw,median,0.493,0.7325,0.8456,1.0,0.7325
643,AL_167,AL,numeric,significand,mean,0.493,0.7325,0.8456,1.0,0.7325
644,AL_167,AL,numeric,significand,median,0.493,0.7325,0.8456,1.0,0.7325
645,AL_167,AL,numeric,sig4figs,mean,0.493,0.7325,0.8456,1.0,0.7325
646,AL_167,AL,numeric,sig4figs,median,0.493,0.7325,0.8456,1.0,0.7325
647,AL_170,AL,numeric,raw,mean,0.493,0.7325,0.8456,1.0,0.7325
648,AL_170,AL,numeric,raw,median,0.493,0.7325,0.8456,1.0,0.7325
649,AL_170,AL,numeric,significand,mean,0.493,0.7325,0.8456,1.0,0.7325
650,AL_170,AL,numeric,significand,median,0.493,0.7325,0.8456,1.0,0.7325
651,AL_170,AL,numeric,sig4figs,mean,0.493,0.7325,0.8456,1.0,0.7325
652,AL_170,AL,numeric,sig4figs,median,0.493,0.7325,0.8456,1.0,0.7325
653,AL_171,AL,numeric,raw,mean,0.493,0.7325,0.8456,1.0,0.7325
654,AL_171,AL,numeric,raw,median,0.493,0.7325,0.8456,1.0,0.7325
655,AL_171,AL,numeric,significand,mean,0.493,0.7325,0.8456,1.0,0.7325
656,AL_171,AL,numeric,significand,median,0.493,0.7325,0.8456,1.0,0.7325
657,AL_171,AL,numeric,sig4figs,mean,0.493,0.7325,0.8456,1.0,0.7325
658,AL_171,AL,numeric,sig4figs,median,0.493,0.7325,0.8456,1.0,0.7325
659,AL_173,AL,numeric,raw,mean,0.493,0.7325,0.8456,1.0,0.7325
660,AL_173,AL,numeric,raw,median,0.493,0.7325,0.8456,1.0,0.7325
661,AL_173,AL,numeric,significand,mean,0.493,0.7325,0.8456,1.0,0.7325
662,AL_173,AL,numeric,significand,median,0.493,0.7325,0.8456,1.0,0.7325
663,AL_173,AL,numeric,sig4figs,mean,0.493,0.7325,0.8456,1.0,0.7325
664,AL_173,AL,numeric,sig4figs,median,0.493,0.7325,0.8456,1.0,0.7325
665,AL_174,AL,numeric,raw,mean,0.493,0.7325,0.8456,1.0,0.7325
666,AL_174,AL,numeric,raw,median,0.493,0.7325,0.8456,1.0,0.7325
667,AL_174,AL,numeric,significand,mean,0.493,0.7325,0.8456,1.0,0.7325
668,AL_174,AL,numeric,significand,median,0.493,0.7325,0.8456,1.0,0.7325
669,AL_174,AL,numeric,sig4figs,mean,0.493,0.7325,0.8456,1.0,0.7325
670,AL_174,AL,numeric,sig4figs,median,0.493,0.7325,0.8456,1.0,0.7325
671,AL_176,AL,numeric,raw,mean,0.493,0.7325,0.8456,1.0,0.7325
672,AL_176,AL,numeric,raw,median,0.493,0.7325,0.8456,1.0,0.7325
673,AL_176,AL,numeric,significand,mean,0.493,0.7325,0.8456,1.0,0.7325
674,AL_176,AL,numeric,significand,median,0.493,0.7325,0.8456,1.0,0.7325
675,AL_176,AL,numeric,sig4figs,mean,0.493,0.7325,0.8456,1.0,0.7325
676,AL_176,AL,numeric,sig4figs,median,0.493,0.7325,0.8456,1.0,0.7325
677,AL_177,AL,numeric,raw,mean,0.493,0.7325,0.8456,1.0,0.7325
678,AL_177,AL,numeric,raw,median,0.493,0.7325,0.8456,1.0,0.7325
679,AL_177,AL,numeric,significand,mean,0.493,0.7325,0.8456,1.0,0.7325
680,AL_177,AL,numeric,significand,median,0.493,0.7325,0.8456,1.0,0.7325
681,AL_177,AL,numeric,sig4figs,mean,0.493,0.7325,0.8456,1.0,0.7325
682,AL_177,AL,numeric,sig4figs,median,0.493,0.7325,0.8456,1.0,0.7325
683,AL_179,AL,numeric,raw,mean,0.493,0.7325,0.8456,1.0,0.7325
684,AL_179,AL,numeric,raw,median,0.493,0.7325,0.8456,1.0,0.7325
685,AL_179,AL,numeric,significand,mean,0.493,0.7325,0.8456,1.0,0.7325
686,AL_179,AL,numeric,significand,median,0.493,0.7325,0.8456,1.0,0.7325
687,AL_179,AL,numeric,sig4figs,mean,0.493,0.7325,0.8456,1.0,0.7325
688,AL_179,AL,numeric,sig4figs,median,0.493,0.7325,0.8456,1.0,0.7325
689,AL_180,AL,numeric,raw,mean,0.493,0.7325,0.8456,1.0,0.7325
690,AL_180,AL,numeric,raw,median,0.493,0.7325,0.8456,1.0,0.7325
691,AL_180,AL,numeric,significand,mean,0.493,0.7325,0.8456,1.0,0.7325
692,AL_180,AL,numeric,significand,median,0.493,0.7325,0.8456,1.0,0.7325
693,AL_180,AL,numeric,sig4figs,mean,0.493,0.7325,0.8456,1.0,0.7325
694,AL_180,AL,numeric,sig4figs,median,0.493,0.7325,0.8456,1.0,0.7325
695,AL_182,AL,numeric,raw,mean,0.493,0.7325,0.8456,1.0,0.7325
696,AL_182,AL,numeric,raw,median,0.493,0.7325,0.8456,1.0,0.7325
697,AL_182,AL,numeric,significand,mean,0.493,0.7325,0.8456,1.0,0.7325
698,AL_182,AL,numeric,significand,median,0.493,0.7325,0.8456,1.0,0.7325
699,AL_182,AL,numeric,sig4figs,mean,0.493,0.7325,0.8456,1.0,0.7325
700,AL_182,AL,numeric,sig4figs,median,0.493,0.7325,0.8456,1.0,0.7325
701,AL_183,AL,numeric,raw,mean,0.6639,0.7325,0.8456,1.0,0.7325
702,AL_183,AL,numeric,raw,median,0.6639,0.7325,0.8456,1.0,0.7325
703,AL_183,AL,numeric,significand,mean,0.6639,0.7325,0.8456,1.0,0.7325
704,AL_183,AL,numeric,significand,median,0.6639,0.7325,0.8456,1.0,0.7325
705,AL_183,AL,numeric,sig4figs,mean,0.6639,0.7325,0.8456,1.0,0.7325
706,AL_183,AL,numeric,sig4figs,median,0.6639,0.7325,0.8456,1.0,0.7325
707,AL_185,AL,numeric,raw,mean,0.6639,0.7325,0.8456,1.0,0.7325
708,AL_185,AL,numeric,raw,median,0.6639,0.7325,0.8456,1.0,0.7325
709,AL_185,AL,numeric,significand,mean,0.6639,0.7325,0.8456,1.0,0.7325
710,AL_185,AL,numeric,significand,median,0.6639,0.7325,0.8456,1.0,0.7325
711,AL_185,AL,numeric,sig4figs,mean,0.6639,0.7325,0.8456,1.0,0.7325
712,AL_185,AL,numeric,sig4figs,median,0.6639,0.7325,0.8456,1.0,0.7325
713,CAT_5,CAT,categorical,categorical,none,0.1225,0.7325,0.8456,1.0,0.7325
714,AL_187,AL,numeric,raw,mean,0.6448,0.7325,0.8456,1.0,0.7325
715,AL_187,AL,numeric,raw,median,0.6448,0.7325,0.8456,1.0,0.7325
716,AL_187,AL,numeric,significand,mean,0.6448,0.7325,0.8456,1.0,0.7325
717,AL_187,AL,numeric,significand,median,0.6448,0.7325,0.8456,1.0,0.7325
718,AL_187,AL,numeric,sig4figs,mean,0.6448,0.7325,0.8456,1.0,0.7325
719,AL_187,AL,numeric,sig4figs,median,0.6448,0.7325,0.8456,1.0,0.7325
720,AL_189,AL,numeric,raw,mean,0.6448,0.7325,0.8456,1.0,0.7325
721,AL_189,AL,numeric,raw,median,0.6448,0.7325,0.8456,1.0,0.7325
722,AL_189,AL,numeric,significand,mean,0.6448,0.7325,0.8456,1.0,0.7325
723,AL_189,AL,numeric,significand,median,0.6448,0.7325,0.8456,1.0,0.7325
724,AL_189,AL,numeric,sig4figs,mean,0.6448,0.7325,0.8456,1.0,0.7325
725,AL_189,AL,numeric,sig4figs,median,0.6448,0.7325,0.8456,1.0,0.7325
726,AL_191,AL,numeric,raw,mean,0.6448,0.7325,0.8456,1.0,0.7325
727,AL_191,AL,numeric,raw,median,0.6448,0.7325,0.8456,1.0,0.7325
728,AL_191,AL,numeric,significand,mean,0.6448,0.7325,0.8456,1.0,0.7325
729,AL_191,AL,numeric,significand,median,0.6448,0.7325,0.8456,1.0,0.7325
730,AL_191,AL,numeric,sig4figs,mean,0.6448,0.7325,0.8456,1.0,0.7325
731,AL_191,AL,numeric,sig4figs,median,0.6448,0.7325,0.8456,1.0,0.7325
732,AL_193,AL,numeric,raw,mean,0.6448,0.7325,0.8456,1.0,0.7325
733,AL_193,AL,numeric,raw,median,0.6448,0.7325,0.8456,1.0,0.7325
734,AL_193,AL,numeric,significand,mean,0.6448,0.7325,0.8456,1.0,0.7325
735,AL_193,AL,numeric,significand,median,0.6448,0.7325,0.8456,1.0,0.7325
736,AL_193,AL,numeric,sig4figs,mean,0.6448,0.7325,0.8456,1.0,0.7325
737,AL_193,AL,numeric,sig4figs,median,0.6448,0.7325,0.8456,1.0,0.7325
738,AL_195,AL,numeric,raw,mean,0.6448,0.7325,0.8456,1.0,0.7325
739,AL_195,AL,numeric,raw,median,0.6448,0.7325,0.8456,1.0,0.7325
740,AL_195,AL,numeric,significand,mean,0.6448,0.7325,0.8456,1.0,0.7325
741,AL_195,AL,numeric,significand,median,0.6448,0.7325,0.8456,1.0,0.7325
742,AL_195,AL,numeric,sig4figs,mean,0.6448,0.7325,0.8456,1.0,0.7325
743,AL_195,AL,numeric,sig4figs,median,0.6448,0.7325,0.8456,1.0,0.7325
744,AL_196,AL,numeric,raw,mean,0.6448,0.7325,0.8456,1.0,0.7325
745,AL_196,AL,numeric,raw,median,0.6448,0.7325,0.8456,1.0,0.7325
746,AL_196,AL,numeric,sig4figs,mean,0.6448,0.7325,0.8456,1.0,0.7325
747,AL_196,AL,numeric,sig4figs,median,0.6448,0.7325,0.8456,1.0,0.7325
748,AL_197,AL,numeric,raw,mean,0.6448,0.7325,0.8456,1.0,0.7325
749,AL_197,AL,numeric,raw,median,0.6448,0.7325,0.8456,1.0,0.7325
750,AL_197,AL,numeric,significand,mean,0.6448,0.7325,0.8456,1.0,0.7325
751,AL_197,AL,numeric,significand,median,0.6448,0.7325,0.8456,1.0,0.7325
752,AL_197,AL,numeric,sig4figs,mean,0.6448,0.7325,0.8456,1.0,0.7325
753,AL_197,AL,numeric,sig4figs,median,0.6448,0.7325,0.8456,1.0,0.7325
754,AL_200,AL,numeric,raw,mean,0.6448,0.7325,0.8456,1.0,0.7325
755,AL_200,AL,numeric,raw,median,0.6448,0.7325,0.8456,1.0,0.7325
756,AL_200,AL,numeric,significand,mean,0.6448,0.7325,0.8456,1.0,0.7325
757,AL_200,AL,numeric,significand,median,0.6448,0.7325,0.8456,1.0,0.7325
758,AL_200,AL,numeric,sig4figs,mean,0.6448,0.7325,0.8456,1.0,0.7325
759,AL_200,AL,numeric,sig4figs,median,0.6448,0.7325,0.8456,1.0,0.7325
760,AL_202,AL,numeric,raw,mean,0.6448,0.7325,0.8456,1.0,0.7325
761,AL_202,AL,numeric,raw,median,0.6448,0.7325,0.8456,1.0,0.7325
762,AL_202,AL,numeric,sig4figs,mean,0.6448,0.7325,0.8456,1.0,0.7325
763,AL_202,AL,numeric,sig4figs,median,0.6448,0.7325,0.8456,1.0,0.7325
764,AL_204,AL,numeric,raw,mean,0.6448,0.7325,0.8456,1.0,0.7325
765,AL_204,AL,numeric,raw,median,0.6448,0.7325,0.8456,1.0,0.7325
766,AL_204,AL,numeric,significand,mean,0.6448,0.7325,0.8456,1.0,0.7325
767,AL_204,AL,numeric,significand,median,0.6448,0.7325,0.8456,1.0,0.7325
768,AL_204,AL,numeric,sig4figs,mean,0.6448,0.7325,0.8456,1.0,0.7325
769,AL_204,AL,numeric,sig4figs,median,0.6448,0.7325,0.8456,1.0,0.7325
770,AL_206,AL,numeric,raw,mean,0.6448,0.7325,0.8456,1.0,0.7325
771,AL_206,AL,numeric,raw,median,0.6448,0.7325,0.8456,1.0,0.7325
772,AL_206,AL,numeric,significand,mean,0.6448,0.7325,0.8456,1.0,0.7325
773,AL_206,AL,numeric,significand,median,0.6448,0.7325,0.8456,1.0,0.7325
774,AL_206,AL,numeric,sig4figs,mean,0.6448,0.7325,0.8456,1.0,0.7325
775,AL_206,AL,numeric,sig4figs,median,0.6448,0.7325,0.8456,1.0,0.7325
776,AL_208,AL,numeric,raw,mean,0.6448,0.7325,0.8456,1.0,0.7325
777,AL_208,AL,numeric,raw,median,0.6448,0.7325,0.8456,1.0,0.7325
778,AL_208,AL,numeric,significand,mean,0.6448,0.7325,0.8456,1.0,0.7325
779,AL_208,AL,numeric,significand,median,0.6448,0.7325,0.8456,1.0,0.7325
780,AL_208,AL,numeric,sig4figs,mean,0.6448,0.7325,0.8456,1.0,0.7325
781,AL_208,AL,numeric,sig4figs,median,0.6448,0.7325,0.8456,1.0,0.7325
782,AL_209,AL,numeric,raw,median,0.6448,0.7325,0.8456,1.0,0.7325
783,AL_209,AL,numeric,significand,mean,0.6448,0.7325,0.8456,1.0,0.7325
784,AL_209,AL,numeric,significand,median,0.6448,0.7325,0.8456,1.0,0.7325
785,AL_209,AL,numeric,sig4figs,median,0.6448,0.7325,0.8456,1.0,0.7325
786,AL_210,AL,numeric,raw,mean,0.6448,0.7325,0.8456,1.0,0.7325
787,AL_210,AL,numeric,raw,median,0.6448,0.7325,0.8456,1.0,0.7325
788,AL_210,AL,numeric,significand,mean,0.6448,0.7325,0.8456,1.0,0.7325
789,AL_210,AL,numeric,significand,median,0.6448,0.7325,0.8456,1.0,0.7325
790,AL_210,AL,numeric,sig4figs,mean,0.6448,0.7325,0.8456,1.0,0.7325
791,AL_210,AL,numeric,sig4figs,median,0.6448,0.7325,0.8456,1.0,0.7325
792,AL_212,AL,numeric,raw,mean,0.6448,0.7325,0.8456,1.0,0.7325
793,AL_212,AL,numeric,raw,median,0.6448,0.7325,0.8456,1.0,0.7325
794,AL_212,AL,numeric,significand,mean,0.6448,0.7325,0.8456,1.0,0.7325
795,AL_212,AL,numeric,significand,median,0.6448,0.7325,0.8456,1.0,0.7325
796,AL_212,AL,numeric,sig4figs,mean,0.6448,0.7325,0.8456,1.0,0.7325
797,AL_212,AL,numeric,sig4figs,median,0.6448,0.7325,0.8456,1.0,0.7325
798,AL_213,AL,numeric,raw,mean,0.6448,0.7325,0.8456,1.0,0.7325
799,AL_213,AL,numeric,raw,median,0.6448,0.7325,0.8456,1.0,0.7325
800,AL_213,AL,numeric,significand,mean,0.6448,0.7325,0.8456,1.0,0.7325
801,AL_213,AL,numeric,significand,median,0.6448,0.7325,0.8456,1.0,0.7325
802,AL_213,AL,numeric,sig4figs,mean,0.6448,0.7325,0.8456,1.0,0.7325
803,AL_213,AL,numeric,sig4figs,median,0.6448,0.7325,0.8456,1.0,0.7325
804,AL_214,AL,numeric,raw,median,0.7434,0.7325,0.8456,1.0,0.7325
805,AL_214,AL,numeric,significand,median,0.7434,0.7325,0.8456,1.0,0.7325
806,AL_214,AL,numeric,sig4figs,median,0.7434,0.7325,0.8456,1.0,0.7325
807,AL_216,AL,numeric,raw,mean,0.7434,0.7325,0.8456,1.0,0.7325
808,AL_216,AL,numeric,raw,median,0.7434,0.7325,0.8456,1.0,0.7325
809,AL_216,AL,numeric,significand,mean,0.7434,0.7325,0.8456,1.0,0.7325
810,AL_216,AL,numeric,significand,median,0.7434,0.7325,0.8456,1.0,0.7325
811,AL_216,AL,numeric,sig4figs,mean,0.7434,0.7325,0.8456,1.0,0.7325
812,AL_216,AL,numeric,sig4figs,median,0.7434,0.7325,0.8456,1.0,0.7325
813,AL_217,AL,numeric,raw,mean,0.7434,0.7325,0.8456,1.0,0.7325
814,AL_217,AL,numeric,raw,median,0.7434,0.7325,0.8456,1.0,0.7325
815,AL_217,AL,numeric,significand,mean,0.7434,0.7325,0.8456,1.0,0.7325
816,AL_217,AL,numeric,significand,median,0.7434,0.7325,0.8456,1.0,0.7325
817,AL_217,AL,numeric,sig4figs,mean,0.7434,0.7325,0.8456,1.0,0.7325
818,AL_217,AL,numeric,sig4figs,median,0.7434,0.7325,0.8456,1.0,0.7325
819,AL_218,AL,numeric,raw,mean,0.6448,0.7325,0.8456,1.0,0.7325
820,AL_218,AL,numeric,raw,median,0.6448,0.7325,0.8456,1.0,0.7325
821,AL_218,AL,numeric,significand,mean,0.6448,0.7325,0.8456,1.0,0.7325
822,AL_218,AL,numeric,significand,median,0.6448,0.7325,0.8456,1.0,0.7325
823,AL_218,AL,numeric,sig4figs,mean,0.6448,0.7325,0.8456,1.0,0.7325
824,AL_218,AL,numeric,sig4figs,median,0.6448,0.7325,0.8456,1.0,0.7325
825,AL_220,AL,numeric,raw,mean,0.6448,0.7325,0.8456,1.0,0.7325
826,AL_220,AL,numeric,raw,median,0.6448,0.7325,0.8456,1.0,0.7325
827,AL_220,AL,numeric,significand,mean,0.6448,0.7325,0.8456,1.0,0.7325
828,AL_220,AL,numeric,significand,median,0.6448,0.7325,0.8456,1.0,0.7325
829,AL_220,AL,numeric,sig4figs,mean,0.6448,0.7325,0.8456,1.0,0.7325
830,AL_220,AL,numeric,sig4figs,median,0.6448,0.7325,0.8456,1.0,0.7325
831,AL_221,AL,numeric,raw,mean,0.6448,0.7325,0.8456,1.0,0.7325
832,AL_221,AL,numeric,raw,median,0.6448,0.7325,0.8456,1.0,0.7325
833,AL_221,AL,numeric,significand,mean,0.6448,0.7325,0.8456,1.0,0.7325
834,AL_221,AL,numeric,significand,median,0.6448,0.7325,0.8456,1.0,0.7325
835,AL_221,AL,numeric,sig4figs,mean,0.6448,0.7325,0.8456,1.0,0.7325
836,AL_221,AL,numeric,sig4figs,median,0.6448,0.7325,0.8456,1.0,0.7325
837,AL_222,AL,numeric,raw,mean,0.6448,0.7325,0.8456,1.0,0.7325
838,AL_222,AL,numeric,raw,median,0.6448,0.7325,0.8456,1.0,0.7325
839,AL_222,AL,numeric,significand,mean,0.6448,0.7325,0.8456,1.0,0.7325
840,AL_222,AL,numeric,significand,median,0.6448,0.7325,0.8456,1.0,0.7325
841,AL_222,AL,numeric,sig4figs,mean,0.6448,0.7325,0.8456,1.0,0.7325
842,AL_222,AL,numeric,sig4figs,median,0.6448,0.7325,0.8456,1.0,0.7325
843,AL_223,AL,numeric,raw,mean,0.6448,0.7325,0.8456,1.0,0.7325
844,AL_223,AL,numeric,raw,median,0.6448,0.7325,0.8456,1.0,0.7325
845,AL_223,AL,numeric,significand,mean,0.6448,0.7325,0.8456,1.0,0.7325
846,AL_223,AL,numeric,significand,median,0.6448,0.7325,0.8456,1.0,0.7325
847,AL_223,AL,numeric,sig4figs,mean,0.6448,0.7325,0.8456,1.0,0.7325
848,AL_223,AL,numeric,sig4figs,median,0.6448,0.7325,0.8456,1.0,0.7325
849,AL_225,AL,numeric,raw,mean,0.6448,0.7325,0.8456,1.0,0.7325
850,AL_225,AL,numeric,raw,median,0.6448,0.7325,0.8456,1.0,0.7325
851,AL_225,AL,numeric,significand,mean,0.6448,0.7325,0.8456,1.0,0.7325
852,AL_225,AL,numeric,significand,median,0.6448,0.7325,0.8456,1.0,0.7325
853,AL_225,AL,numeric,sig4figs,mean,0.6448,0.7325,0.8456,1.0,0.7325
854,AL_225,AL,numeric,sig4figs,median,0.6448,0.7325,0.8456,1.0,0.7325
855,AL_227,AL,numeric,raw,mean,0.6448,0.7325,0.8456,1.0,0.7325
856,AL_227,AL,numeric,raw,median,0.6448,0.7325,0.8456,1.0,0.7325
857,AL_227,AL,numeric,significand,mean,0.6448,0.7325,0.8456,1.0,0.7325
858,AL_227,AL,numeric,significand,median,0.6448,0.7325,0.8456,1.0,0.7325
859,AL_227,AL,numeric,sig4figs,mean,0.6448,0.7325,0.8456,1.0,0.7325
860,AL_227,AL,numeric,sig4figs,median,0.6448,0.7325,0.8456,1.0,0.7325
861,AL_229,AL,numeric,raw,mean,0.6448,0.7325,0.8456,1.0,0.7325
862,AL_229,AL,numeric,raw,median,0.6448,0.7325,0.8456,1.0,0.7325
863,AL_229,AL,numeric,significand,mean,0.6448,0.7325,0.8456,1.0,0.7325
864,AL_229,AL,numeric,significand,median,0.6448,0.7325,0.8456,1.0,0.7325
865,AL_229,AL,numeric,sig4figs,mean,0.6448,0.7325,0.8456,1.0,0.7325
866,AL_229,AL,numeric,sig4figs,median,0.6448,0.7325,0.8456,1.0,0.7325
867,AL_231,AL,numeric,raw,mean,0.6448,0.7325,0.8456,1.0,0.7325
868,AL_231,AL,numeric,raw,median,0.6448,0.7325,0.8456,1.0,0.7325
869,AL_231,AL,numeric,significand,mean,0.6448,0.7325,0.8456,1.0,0.7325
870,AL_231,AL,numeric,significand,median,0.6448,0.7325,0.8456,1.0,0.7325
871,AL_231,AL,numeric,sig4figs,mean,0.6448,0.7325,0.8456,1.0,0.7325
872,AL_231,AL,numeric,sig4figs,median,0.6448,0.7325,0.8456,1.0,0.7325
873,AL_232,AL,numeric,raw,mean,0.6448,0.7325,0.8456,1.0,0.7325
874,AL_232,AL,numeric,raw,median,0.6448,0.7325,0.8456,1.0,0.7325
875,AL_232,AL,numeric,significand,mean,0.6448,0.7325,0.8456,1.0,0.7325
876,AL_232,AL,numeric,significand,median,0.6448,0.7325,0.8456,1.0,0.7325
877,AL_232,AL,numeric,sig4figs,mean,0.6448,0.7325,0.8456,1.0,0.7325
878,AL_232,AL,numeric,sig4figs,median,0.6448,0.7325,0.8456,1.0,0.7325
879,AL_233,AL,numeric,raw,mean,0.6448,0.7325,0.8456,1.0,0.7325
880,AL_233,AL,numeric,raw,median,0.6448,0.7325,0.8456,1.0,0.7325
881,AL_233,AL,numeric,significand,mean,0.6448,0.7325,0.8456,1.0,0.7325
882,AL_233,AL,numeric,significand,median,0.6448,0.7325,0.8456,1.0,0.7325
883,AL_233,AL,numeric,sig4figs,mean,0.6448,0.7325,0.8456,1.0,0.7325
884,AL_233,AL,numeric,sig4figs,median,0.6448,0.7325,0.8456,1.0,0.7325
885,AL_234,AL,numeric,raw,mean,0.6448,0.7325,0.8456,1.0,0.7325
886,AL_234,AL,numeric,raw,median,0.6448,0.7325,0.8456,1.0,0.7325
887,AL_234,AL,numeric,significand,mean,0.6448,0.7325,0.8456,1.0,0.7325
888,AL_234,AL,numeric,significand,median,0.6448,0.7325,0.8456,1.0,0.7325
889,AL_234,AL,numeric,sig4figs,mean,0.6448,0.7325,0.8456,1.0,0.7325
890,AL_234,AL,numeric,sig4figs,median,0.6448,0.7325,0.8456,1.0,0.7325
891,AL_236,AL,numeric,raw,mean,0.6448,0.7325,0.8456,1.0,0.7325
892,AL_236,AL,numeric,raw,median,0.6448,0.7325,0.8456,1.0,0.7325
893,AL_236,AL,numeric,significand,mean,0.6448,0.7325,0.8456,1.0,0.7325
894,AL_236,AL,numeric,significand,median,0.6448,0.7325,0.8456,1.0,0.7325
895,AL_236,AL,numeric,sig4figs,mean,0.6448,0.7325,0.8456,1.0,0.7325
896,AL_236,AL,numeric,sig4figs,median,0.6448,0.7325,0.8456,1.0,0.7325
897,AL_237,AL,numeric,raw,mean,0.6448,0.7325,0.8456,1.0,0.7325
898,AL_237,AL,numeric,raw,median,0.6448,0.7325,0.8456,1.0,0.7325
899,AL_237,AL,numeric,significand,mean,0.6448,0.7325,0.8456,1.0,0.7325
900,AL_237,AL,numeric,significand,median,0.6448,0.7325,0.8456,1.0,0.7325
901,AL_237,AL,numeric,sig4figs,mean,0.6448,0.7325,0.8456,1.0,0.7325
902,AL_237,AL,numeric,sig4figs,median,0.6448,0.7325,0.8456,1.0,0.7325
903,AL_238,AL,numeric,raw,mean,0.6448,0.7325,0.8456,1.0,0.7325
904,AL_238,AL,numeric,raw,median,0.6448,0.7325,0.8456,1.0,0.7325
905,AL_238,AL,numeric,significand,mean,0.6448,0.7325,0.8456,1.0,0.7325
906,AL_238,AL,numeric,significand,median,0.6448,0.7325,0.8456,1.0,0.7325
907,AL_238,AL,numeric,sig4figs,mean,0.6448,0.7325,0.8456,1.0,0.7325
908,AL_238,AL,numeric,sig4figs,median,0.6448,0.7325,0.8456,1.0,0.7325
909,AL_240,AL,numeric,raw,mean,0.6448,0.7325,0.8456,1.0,0.7325
910,AL_240,AL,numeric,raw,median,0.6448,0.7325,0.8456,1.0,0.7325
911,AL_240,AL,numeric,significand,mean,0.6448,0.7325,0.8456,1.0,0.7325
912,AL_240,AL,numeric,significand,median,0.6448,0.7325,0.8456,1.0,0.7325
913,AL_240,AL,numeric,sig4figs,mean,0.6448,0.7325,0.8456,1.0,0.7325
914,AL_240,AL,numeric,sig4figs,median,0.6448,0.7325,0.8456,1.0,0.7325
915,AL_241,AL,numeric,raw,mean,0.6448,0.7325,0.8456,1.0,0.7325
916,AL_241,AL,numeric,raw,median,0.6448,0.7325,0.8456,1.0,0.7325
917,AL_241,AL,numeric,significand,mean,0.6448,0.7325,0.8456,1.0,0.7325
918,AL_241,AL,numeric,significand,median,0.6448,0.7325,0.8456,1.0,0.7325
919,AL_241,AL,numeric,sig4figs,mean,0.6448,0.7325,0.8456,1.0,0.7325
920,AL_241,AL,numeric,sig4figs,median,0.6448,0.7325,0.8456,1.0,0.7325
921,AL_242,AL,numeric,raw,mean,0.6448,0.7325,0.8456,1.0,0.7325
922,AL_242,AL,numeric,raw,median,0.6448,0.7325,0.8456,1.0,0.7325
923,AL_242,AL,numeric,significand,mean,0.6448,0.7325,0.8456,1.0,0.7325
924,AL_242,AL,numeric,significand,median,0.6448,0.7325,0.8456,1.0,0.7325
925,AL_242,AL,numeric,sig4figs,mean,0.6448,0.7325,0.8456,1.0,0.7325
926,AL_242,AL,numeric,sig4figs,median,0.6448,0.7325,0.8456,1.0,0.7325
927,AL_244,AL,numeric,raw,mean,0.6448,0.7325,0.8456,1.0,0.7325
928,AL_244,AL,numeric,raw,median,0.6448,0.7325,0.8456,1.0,0.7325
929,AL_244,AL,numeric,significand,mean,0.6448,0.7325,0.8456,1.0,0.7325
930,AL_244,AL,numeric,significand,median,0.6448,0.7325,0.8456,1.0,0.7325
931,AL_244,AL,numeric,sig4figs,mean,0.6448,0.7325,0.8456,1.0,0.7325
932,AL_244,AL,numeric,sig4figs,median,0.6448,0.7325,0.8456,1.0,0.7325
933,AL_245,AL,numeric,raw,mean,0.6448,0.7325,0.8456,1.0,0.7325
934,AL_245,AL,numeric,raw,median,0.6448,0.7325,0.8456,1.0,0.7325
935,AL_245,AL,numeric,significand,mean,0.6448,0.7325,0.8456,1.0,0.7325
936,AL_245,AL,numeric,significand,median,0.6448,0.7325,0.8456,1.0,0.7325
937,AL_245,AL,numeric,sig4figs,mean,0.6448,0.7325,0.8456,1.0,0.7325
938,AL_245,AL,numeric,sig4figs,median,0.6448,0.7325,0.8456,1.0,0.7325
939,AL_246,AL,numeric,raw,mean,0.6448,0.7325,0.8456,1.0,0.7325
940,AL_246,AL,numeric,raw,median,0.6448,0.7325,0.8456,1.0,0.7325
941,AL_246,AL,numeric,significand,mean,0.6448,0.7325,0.8456,1.0,0.7325
942,AL_246,AL,numeric,significand,median,0.6448,0.7325,0.8456,1.0,0.7325
943,AL_246,AL,numeric,sig4figs,mean,0.6448,0.7325,0.8456,1.0,0.7325
944,AL_246,AL,numeric,sig4figs,median,0.6448,0.7325,0.8456,1.0,0.7325
945,AL_248,AL,numeric,raw,mean,0.6448,0.7325,0.8456,1.0,0.7325
946,AL_248,AL,numeric,raw,median,0.6448,0.7325,0.8456,1.0,0.7325
947,AL_248,AL,numeric,significand,mean,0.6448,0.7325,0.8456,1.0,0.7325
948,AL_248,AL,numeric,significand,median,0.6448,0.7325,0.8456,1.0,0.7325
949,AL_248,AL,numeric,sig4figs,mean,0.6448,0.7325,0.8456,1.0,0.7325
950,AL_248,AL,numeric,sig4figs,median,0.6448,0.7325,0.8456,1.0,0.7325
951,AL_249,AL,numeric,raw,mean,0.6448,0.7325,0.8456,1.0,0.7325
952,AL_249,AL,numeric,raw,median,0.6448,0.7325,0.8456,1.0,0.7325
953,AL_249,AL,numeric,significand,mean,0.6448,0.7325,0.8456,1.0,0.7325
954,AL_249,AL,numeric,significand,median,0.6448,0.7325,0.8456,1.0,0.7325
955,AL_249,AL,numeric,sig4figs,mean,0.6448,0.7325,0.8456,1.0,0.7325
956,AL_249,AL,numeric,sig4figs,median,0.6448,0.7325,0.8456,1.0,0.7325
957,AL_250,AL,numeric,raw,mean,0.6619,0.7325,0.8456,1.0,0.7325
958,AL_250,AL,numeric,raw,median,0.6619,0.7325,0.8456,1.0,0.7325
959,AL_250,AL,numeric,significand,mean,0.6619,0.7325,0.8456,1.0,0.7325
960,AL_250,AL,numeric,significand,median,0.6619,0.7325,0.8456,1.0,0.7325
961,AL_250,AL,numeric,sig4figs,mean,0.6619,0.7325,0.8456,1.0,0.7325
962,AL_250,AL,numeric,sig4figs,median,0.6619,0.7325,0.8456,1.0,0.7325
963,AL_252,AL,numeric,raw,mean,0.6619,0.7325,0.8456,1.0,0.7325
964,AL_252,AL,numeric,raw,median,0.6619,0.7325,0.8456,1.0,0.7325
965,AL_252,AL,numeric,significand,mean,0.6619,0.7325,0.8456,1.0,0.7325
966,AL_252,AL,numeric,significand,median,0.6619,0.7325,0.8456,1.0,0.7325
967,AL_252,AL,numeric,sig4figs,mean,0.6619,0.7325,0.8456,1.0,0.7325
968,AL_252,AL,numeric,sig4figs,median,0.6619,0.7325,0.8456,1.0,0.7325
969,AL_253,AL,numeric,raw,mean,0.6619,0.7325,0.8456,1.0,0.7325
970,AL_253,AL,numeric,raw,median,0.6619,0.7325,0.8456,1.0,0.7325
971,AL_253,AL,numeric,significand,mean,0.6619,0.7325,0.8456,1.0,0.7325
972,AL_253,AL,numeric,significand,median,0.6619,0.7325,0.8456,1.0,0.7325
973,AL_253,AL,numeric,sig4figs,mean,0.6619,0.7325,0.8456,1.0,0.7325
974,AL_253,AL,numeric,sig4figs,median,0.6619,0.7325,0.8456,1.0,0.7325
975,AL_254,AL,numeric,raw,mean,0.6448,0.7325,0.8456,1.0,0.7325
976,AL_254,AL,numeric,raw,median,0.6448,0.7325,0.8456,1.0,0.7325
977,AL_254,AL,numeric,significand,mean,0.6448,0.7325,0.8456,1.0,0.7325
978,AL_254,AL,numeric,significand,median,0.6448,0.7325,0.8456,1.0,0.7325
979,AL_254,AL,numeric,sig4figs,mean,0.6448,0.7325,0.8456,1.0,0.7325
980,AL_254,AL,numeric,sig4figs,median,0.6448,0.7325,0.8456,1.0,0.7325
981,AL_256,AL,numeric,raw,mean,0.6448,0.7325,0.8456,1.0,0.7325
982,AL_256,AL,numeric,raw,median,0.6448,0.7325,0.8456,1.0,0.7325
983,AL_256,AL,numeric,significand,mean,0.6448,0.7325,0.8456,1.0,0.7325
984,AL_256,AL,numeric,significand,median,0.6448,0.7325,0.8456,1.0,0.7325
985,AL_256,AL,numeric,sig4figs,mean,0.6448,0.7325,0.8456,1.0,0.7325
986,AL_256,AL,numeric,sig4figs,median,0.6448,0.7325,0.8456,1.0,0.7325
987,AL_257,AL,numeric,raw,mean,0.6448,0.7325,0.8456,1.0,0.7325
988,AL_257,AL,numeric,raw,median,0.6448,0.7325,0.8456,1.0,0.7325
989,AL_257,AL,numeric,significand,mean,0.6448,0.7325,0.8456,1.0,0.7325
990,AL_257,AL,numeric,significand,median,0.6448,0.7325,0.8456,1.0,0.7325
991,AL_257,AL,numeric,sig4figs,mean,0.6448,0.7325,0.8456,1.0,0.7325
992,AL_257,AL,numeric,sig4figs,median,0.6448,0.7325,0.8456,1.0,0.7325
993,AL_258,AL,numeric,raw,mean,0.6448,0.7325,0.8456,1.0,0.7325
994,AL_258,AL,numeric,raw,median,0.6448,0.7325,0.8456,1.0,0.7325
995,AL_258,AL,numeric,significand,mean,0.6448,0.7325,0.8456,1.0,0.7325
996,AL_258,AL,numeric,significand,median,0.6448,0.7325,0.8456,1.0,0.7325
997,AL_258,AL,numeric,sig4figs,mean,0.6448,0.7325,0.8456,1.0,0.7325
998,AL_258,AL,numeric,sig4figs,median,0.6448,0.7325,0.8456,1.0,0.7325
999,AL_259,AL,numeric,raw,mean,0.6448,0.7325,0.8456,1.0,0.7325
1000,AL_259,AL,numeric,raw,median,0.6448,0.7325,0.8456,1.0,0.7325
1001,AL_259,AL,numeric,significand,mean,0.6448,0.7325,0.8456,1.0,0.7325
1002,AL_259,AL,numeric,significand,median,0.6448,0.7325,0.8456,1.0,0.7325
1003,AL_259,AL,numeric,sig4figs,mean,0.6448,0.7325,0.8456,1.0,0.7325
1004,AL_259,AL,numeric,sig4figs,median,0.6448,0.7325,0.8456,1.0,0.7325
1005,AL_261,AL,numeric,raw,mean,0.6448,0.7325,0.8456,1.0,0.7325
1006,AL_261,AL,numeric,raw,median,0.6448,0.7325,0.8456,1.0,0.7325
1007,AL_261,AL,numeric,significand,mean,0.6448,0.7325,0.8456,1.0,0.7325
1008,AL_261,AL,numeric,significand,median,0.6448,0.7325,0.8456,1.0,0.7325
1009,AL_261,AL,numeric,sig4figs,mean,0.6448,0.7325,0.8456,1.0,0.7325
1010,AL_261,AL,numeric,sig4figs,median,0.6448,0.7325,0.8456,1.0,0.7325
1011,AL_263,AL,numeric,raw,mean,0.6448,0.7325,0.8456,1.0,0.7325
1012,AL_263,AL,numeric,raw,median,0.6448,0.7325,0.8456,1.0,0.7325
1013,AL_263,AL,numeric,significand,mean,0.6448,0.7325,0.8456,1.0,0.7325
1014,AL_263,AL,numeric,significand,median,0.6448,0.7325,0.8456,1.0,0.7325
1015,AL_263,AL,numeric,sig4figs,mean,0.6448,0.7325,0.8456,1.0,0.7325
1016,AL_263,AL,numeric,sig4figs,median,0.6448,0.7325,0.8456,1.0,0.7325
1017,AL_264,AL,numeric,raw,mean,0.6448,0.7325,0.8456,1.0,0.7325
1018,AL_264,AL,numeric,sig4figs,mean,0.6448,0.7325,0.8456,1.0,0.7325
1019,AL_265,AL,numeric,raw,mean,0.6448,0.7325,0.8456,1.0,0.7325
1020,AL_265,AL,numeric,raw,median,0.6448,0.7325,0.8456,1.0,0.7325
1021,AL_265,AL,numeric,significand,mean,0.6448,0.7325,0.8456,1.0,0.7325
1022,AL_265,AL,numeric,significand,median,0.6448,0.7325,0.8456,1.0,0.7325
1023,AL_265,AL,numeric,sig4figs,mean,0.6448,0.7325,0.8456,1.0,0.7325
1024,AL_265,AL,numeric,sig4figs,median,0.6448,0.7325,0.8456,1.0,0.7325
1025,AL_267,AL,numeric,raw,mean,0.6448,0.7325,0.8456,1.0,0.7325
1026,AL_267,AL,numeric,raw,median,0.6448,0.7325,0.8456,1.0,0.7325
1027,AL_267,AL,numeric,significand,mean,0.6448,0.7325,0.8456,1.0,0.7325
1028,AL_267,AL,numeric,significand,median,0.6448,0.7325,0.8456,1.0,0.7325
1029,AL_267,AL,numeric,sig4figs,mean,0.6448,0.7325,0.8456,1.0,0.7325
1030,AL_267,AL,numeric,sig4figs,median,0.6448,0.7325,0.8456,1.0,0.7325
1031,AL_268,AL,numeric,raw,mean,0.6448,0.7325,0.8456,1.0,0.7325
1032,AL_268,AL,numeric,raw,median,0.6448,0.7325,0.8456,1.0,0.7325
1033,AL_268,AL,numeric,sig4figs,mean,0.6448,0.7325,0.8456,1.0,0.7325
1034,AL_268,AL,numeric,sig4figs,median,0.6448,0.7325,0.8456,1.0,0.7325
1035,AL_269,AL,numeric,raw,mean,0.6448,0.7325,0.8456,1.0,0.7325
1036,AL_269,AL,numeric,raw,median,0.6448,0.7325,0.8456,1.0,0.7325
1037,AL_269,AL,numeric,significand,mean,0.6448,0.7325,0.8456,1.0,0.7325
1038,AL_269,AL,numeric,significand,median,0.6448,0.7325,0.8456,1.0,0.7325
1039,AL_269,AL,numeric,sig4figs,mean,0.6448,0.7325,0.8456,1.0,0.7325
1040,AL_269,AL,numeric,sig4figs,median,0.6448,0.7325,0.8456,1.0,0.7325
1041,AL_270,AL,numeric,raw,mean,0.6448,0.7325,0.8456,1.0,0.7325
1042,AL_270,AL,numeric,raw,median,0.6448,0.7325,0.8456,1.0,0.7325
1043,AL_270,AL,numeric,sig4figs,mean,0.6448,0.7325,0.8456,1.0,0.7325
1044,AL_270,AL,numeric,sig4figs,median,0.6448,0.7325,0.8456,1.0,0.7325
1045,AL_272,AL,numeric,raw,mean,0.6448,0.7325,0.8456,1.0,0.7325
1046,AL_272,AL,numeric,raw,median,0.6448,0.7325,0.8456,1.0,0.7325
1047,AL_272,AL,numeric,significand,mean,0.6448,0.7325,0.8456,1.0,0.7325
1048,AL_272,AL,numeric,significand,median,0.6448,0.7325,0.8456,1.0,0.7325
1049,AL_272,AL,numeric,sig4figs,mean,0.6448,0.7325,0.8456,1.0,0.7325
1050,AL_272,AL,numeric,sig4figs,median,0.6448,0.7325,0.8456,1.0,0.7325
1051,AL_274,AL,numeric,raw,mean,0.6448,0.7325,0.8456,1.0,0.7325
1052,AL_274,AL,numeric,raw,median,0.6448,0.7325,0.8456,1.0,0.7325
1053,AL_274,AL,numeric,significand,mean,0.6448,0.7325,0.8456,1.0,0.7325
1054,AL_274,AL,numeric,significand,median,0.6448,0.7325,0.8456,1.0,0.7325
1055,AL_274,AL,numeric,sig4figs,mean,0.6448,0.7325,0.8456,1.0,0.7325
1056,AL_274,AL,numeric,sig4figs,median,0.6448,0.7325,0.8456,1.0,0.7325
1057,AL_276,AL,numeric,raw,mean,0.6448,0.7325,0.8456,1.0,0.7325
1058,AL_276,AL,numeric,raw,median,0.6448,0.7325,0.8456,1.0,0.7325
1059,AL_276,AL,numeric,significand,mean,0.6448,0.7325,0.8456,1.0,0.7325
1060,AL_276,AL,numeric,significand,median,0.6448,0.7325,0.8456,1.0,0.7325
1061,AL_276,AL,numeric,sig4figs,mean,0.6448,0.7325,0.8456,1.0,0.7325
1062,AL_276,AL,numeric,sig4figs,median,0.6448,0.7325,0.8456,1.0,0.7325
1063,AL_278,AL,numeric,raw,mean,0.6448,0.7325,0.8456,1.0,0.7325
1064,AL_278,AL,numeric,raw,median,0.6448,0.7325,0.8456,1.0,0.7325
1065,AL_278,AL,numeric,significand,mean,0.6448,0.7325,0.8456,1.0,0.7325
1066,AL_278,AL,numeric,significand,median,0.6448,0.7325,0.8456,1.0,0.7325
1067,AL_278,AL,numeric,sig4figs,mean,0.6448,0.7325,0.8456,1.0,0.7325
1068,AL_278,AL,numeric,sig4figs,median,0.6448,0.7325,0.8456,1.0,0.7325
1069,AL_280,AL,numeric,raw,mean,0.6448,0.7325,0.8456,1.0,0.7325
1070,AL_280,AL,numeric,raw,median,0.6448,0.7325,0.8456,1.0,0.7325
1071,AL_280,AL,numeric,significand,mean,0.6448,0.7325,0.8456,1.0,0.7325
1072,AL_280,AL,numeric,significand,median,0.6448,0.7325,0.8456,1.0,0.7325
1073,AL_280,AL,numeric,sig4figs,mean,0.6448,0.7325,0.8456,1.0,0.7325
1074,AL_280,AL,numeric,sig4figs,median,0.6448,0.7325,0.8456,1.0,0.7325
1075,AL_281,AL,numeric,raw,mean,0.6448,0.7325,0.8456,1.0,0.7325
1076,AL_281,AL,numeric,raw,median,0.6448,0.7325,0.8456,1.0,0.7325
1077,AL_281,AL,numeric,sig4figs,mean,0.6448,0.7325,0.8456,1.0,0.7325
1078,AL_281,AL,numeric,sig4figs,median,0.6448,0.7325,0.8456,1.0,0.7325
1079,AL_282,AL,numeric,raw,mean,0.6448,0.7325,0.8456,1.0,0.7325
1080,AL_282,AL,numeric,raw,median,0.6448,0.7325,0.8456,1.0,0.7325
1081,AL_282,AL,numeric,significand,mean,0.6448,0.7325,0.8456,1.0,0.7325
1082,AL_282,AL,numeric,significand,median,0.6448,0.7325,0.8456,1.0,0.7325
1083,AL_282,AL,numeric,sig4figs,mean,0.6448,0.7325,0.8456,1.0,0.7325
1084,AL_282,AL,numeric,sig4figs,median,0.6448,0.7325,0.8456,1.0,0.7325
1085,AL_284,AL,numeric,raw,mean,0.6448,0.7325,0.8456,1.0,0.7325
1086,AL_284,AL,numeric,raw,median,0.6448,0.7325,0.8456,1.0,0.7325
1087,AL_284,AL,numeric,significand,mean,0.6448,0.7325,0.8456,1.0,0.7325
1088,AL_284,AL,numeric,significand,median,0.6448,0.7325,0.8456,1.0,0.7325
1089,AL_284,AL,numeric,sig4figs,mean,0.6448,0.7325,0.8456,1.0,0.7325
1090,AL_284,AL,numeric,sig4figs,median,0.6448,0.7325,0.8456,1.0,0.7325
1091,AL_285,AL,numeric,raw,mean,0.6448,0.7325,0.8456,1.0,0.7325
1092,AL_285,AL,numeric,raw,median,0.6448,0.7325,0.8456,1.0,0.7325
1093,AL_285,AL,numeric,significand,mean,0.6448,0.7325,0.8456,1.0,0.7325
1094,AL_285,AL,numeric,significand,median,0.6448,0.7325,0.8456,1.0,0.7325
1095,AL_285,AL,numeric,sig4figs,mean,0.6448,0.7325,0.8456,1.0,0.7325
1096,AL_285,AL,numeric,sig4figs,median,0.6448,0.7325,0.8456,1.0,0.7325
1097,AL_286,AL,numeric,raw,mean,0.666,0.7325,0.8456,1.0,0.7325
1098,AL_286,AL,numeric,raw,median,0.666,0.7325,0.8456,1.0,0.7325
1099,AL_286,AL,numeric,significand,mean,0.666,0.7325,0.8456,1.0,0.7325
1100,AL_286,AL,numeric,significand,median,0.666,0.7325,0.8456,1.0,0.7325
1101,AL_286,AL,numeric,sig4figs,mean,0.666,0.7325,0.8456,1.0,0.7325
1102,AL_286,AL,numeric,sig4figs,median,0.666,0.7325,0.8456,1.0,0.7325
1103,AL_288,AL,numeric,raw,mean,0.666,0.7325,0.8456,1.0,0.7325
1104,AL_288,AL,numeric,raw,median,0.666,0.7325,0.8456,1.0,0.7325
1105,AL_288,AL,numeric,significand,mean,0.666,0.7325,0.8456,1.0,0.7325
1106,AL_288,AL,numeric,significand,median,0.666,0.7325,0.8456,1.0,0.7325
1107,AL_288,AL,numeric,sig4figs,mean,0.666,0.7325,0.8456,1.0,0.7325
1108,AL_288,AL,numeric,sig4figs,median,0.666,0.7325,0.8456,1.0,0.7325
1109,AL_289,AL,numeric,raw,mean,0.666,0.7325,0.8456,1.0,0.7325
1110,AL_289,AL,numeric,raw,median,0.666,0.7325,0.8456,1.0,0.7325
1111,AL_289,AL,numeric,significand,mean,0.666,0.7325,0.8456,1.0,0.7325
1112,AL_289,AL,numeric,significand,median,0.666,0.7325,0.8456,1.0,0.7325
1113,AL_289,AL,numeric,sig4figs,mean,0.666,0.7325,0.8456,1.0,0.7325
1114,AL_289,AL,numeric,sig4figs,median,0.666,0.7325,0.8456,1.0,0.7325
1115,AL_290,AL,numeric,raw,mean,0.6448,0.7325,0.8456,1.0,0.7325
1116,AL_290,AL,numeric,raw,median,0.6448,0.7325,0.8456,1.0,0.7325
1117,AL_290,AL,numeric,significand,mean,0.6448,0.7325,0.8456,1.0,0.7325
1118,AL_290,AL,numeric,significand,median,0.6448,0.7325,0.8456,1.0,0.7325
1119,AL_290,AL,numeric,sig4figs,mean,0.6448,0.7325,0.8456,1.0,0.7325
1120,AL_290,AL,numeric,sig4figs,median,0.6448,0.7325,0.8456,1.0,0.7325
1121,AL_292,AL,numeric,raw,mean,0.6448,0.7325,0.8456,1.0,0.7325
1122,AL_292,AL,numeric,raw,median,0.6448,0.7325,0.8456,1.0,0.7325
1123,AL_292,AL,numeric,significand,mean,0.6448,0.7325,0.8456,1.0,0.7325
1124,AL_292,AL,numeric,significand,median,0.6448,0.7325,0.8456,1.0,0.7325
1125,AL_292,AL,numeric,sig4figs,mean,0.6448,0.7325,0.8456,1.0,0.7325
1126,AL_292,AL,numeric,sig4figs,median,0.6448,0.7325,0.8456,1.0,0.7325
1127,AL_293,AL,numeric,raw,mean,0.6448,0.7325,0.8456,1.0,0.7325
1128,AL_293,AL,numeric,raw,median,0.6448,0.7325,0.8456,1.0,0.7325
1129,AL_293,AL,numeric,significand,mean,0.6448,0.7325,0.8456,1.0,0.7325
1130,AL_293,AL,numeric,significand,median,0.6448,0.7325,0.8456,1.0,0.7325
1131,AL_293,AL,numeric,sig4figs,mean,0.6448,0.7325,0.8456,1.0,0.7325
1132,AL_293,AL,numeric,sig4figs,median,0.6448,0.7325,0.8456,1.0,0.7325
1133,AL_294,AL,numeric,raw,mean,0.6448,0.7325,0.8456,1.0,0.7325
1134,AL_294,AL,numeric,raw,median,0.6448,0.7325,0.8456,1.0,0.7325
1135,AL_294,AL,numeric,significand,mean,0.6448,0.7325,0.8456,1.0,0.7325
1136,AL_294,AL,numeric,significand,median,0.6448,0.7325,0.8456,1.0,0.7325
1137,AL_294,AL,numeric,sig4figs,mean,0.6448,0.7325,0.8456,1.0,0.7325
1138,AL_294,AL,numeric,sig4figs,median,0.6448,0.7325,0.8456,1.0,0.7325
1139,AL_295,AL,numeric,raw,mean,0.4432,0.7325,0.8456,1.0,0.7325
1140,AL_295,AL,numeric,raw,median,0.4432,0.7325,0.8456,1.0,0.7325
1141,AL_295,AL,numeric,significand,mean,0.4432,0.7325,0.8456,1.0,0.7325
1142,AL_295,AL,numeric,significand,median,0.4432,0.7325,0.8456,1.0,0.7325
1143,AL_295,AL,numeric,sig4figs,mean,0.4432,0.7325,0.8456,1.0,0.7325
1144,AL_295,AL,numeric,sig4figs,median,0.4432,0.7325,0.8456,1.0,0.7325
1145,AL_297,AL,numeric,raw,mean,0.4432,0.7325,0.8456,1.0,0.7325
1146,AL_297,AL,numeric,raw,median,0.4432,0.7325,0.8456,1.0,0.7325
1147,AL_297,AL,numeric,significand,mean,0.4432,0.7325,0.8456,1.0,0.7325
1148,AL_297,AL,numeric,significand,median,0.4432,0.7325,0.8456,1.0,0.7325
1149,AL_297,AL,numeric,sig4figs,mean,0.4432,0.7325,0.8456,1.0,0.7325
1150,AL_297,AL,numeric,sig4figs,median,0.4432,0.7325,0.8456,1.0,0.7325
1151,AL_299,AL,numeric,raw,mean,0.4432,0.7325,0.8456,1.0,0.7325
1152,AL_299,AL,numeric,raw,median,0.4432,0.7325,0.8456,1.0,0.7325
1153,AL_299,AL,numeric,significand,mean,0.4432,0.7325,0.8456,1.0,0.7325
1154,AL_299,AL,numeric,significand,median,0.4432,0.7325,0.8456,1.0,0.7325
1155,AL_299,AL,numeric,sig4figs,mean,0.4432,0.7325,0.8456,1.0,0.7325
1156,AL_299,AL,numeric,sig4figs,median,0.4432,0.7325,0.8456,1.0,0.7325
1157,AL_300,AL,numeric,raw,mean,0.4432,0.7325,0.8456,1.0,0.7325
1158,AL_300,AL,numeric,raw,median,0.4432,0.7325,0.8456,1.0,0.7325
1159,AL_300,AL,numeric,significand,mean,0.4432,0.7325,0.8456,1.0,0.7325
1160,AL_300,AL,numeric,significand,median,0.4432,0.7325,0.8456,1.0,0.7325
1161,AL_300,AL,numeric,sig4figs,mean,0.4432,0.7325,0.8456,1.0,0.7325
1162,AL_300,AL,numeric,sig4figs,median,0.4432,0.7325,0.8456,1.0,0.7325
1163,AL_303,AL,numeric,raw,mean,0.4432,0.7325,0.8456,1.0,0.7325
1164,AL_303,AL,numeric,raw,median,0.4432,0.7325,0.8456,1.0,0.7325
1165,AL_303,AL,numeric,significand,mean,0.4432,0.7325,0.8456,1.0,0.7325
1166,AL_303,AL,numeric,significand,median,0.4432,0.7325,0.8456,1.0,0.7325
1167,AL_303,AL,numeric,sig4figs,mean,0.4432,0.7325,0.8456,1.0,0.7325
1168,AL_303,AL,numeric,sig4figs,median,0.4432,0.7325,0.8456,1.0,0.7325
1169,AL_305,AL,numeric,raw,mean,0.4432,0.7325,0.8456,1.0,0.7325
1170,AL_305,AL,numeric,raw,median,0.4432,0.7325,0.8456,1.0,0.7325
1171,AL_305,AL,numeric,significand,mean,0.4432,0.7325,0.8456,1.0,0.7325
1172,AL_305,AL,numeric,significand,median,0.4432,0.7325,0.8456,1.0,0.7325
1173,AL_305,AL,numeric,sig4figs,mean,0.4432,0.7325,0.8456,1.0,0.7325
1174,AL_305,AL,numeric,sig4figs,median,0.4432,0.7325,0.8456,1.0,0.7325
1175,AL_307,AL,numeric,raw,mean,0.4432,0.7325,0.8456,1.0,0.7325
1176,AL_307,AL,numeric,raw,median,0.4432,0.7325,0.8456,1.0,0.7325
1177,AL_307,AL,numeric,significand,mean,0.4432,0.7325,0.8456,1.0,0.7325
1178,AL_307,AL,numeric,significand,median,0.4432,0.7325,0.8456,1.0,0.7325
1179,AL_307,AL,numeric,sig4figs,mean,0.4432,0.7325,0.8456,1.0,0.7325
1180,AL_307,AL,numeric,sig4figs,median,0.4432,0.7325,0.8456,1.0,0.7325
1181,AL_308,AL,numeric,raw,mean,0.4432,0.7325,0.8456,1.0,0.7325
1182,AL_308,AL,numeric,raw,median,0.4432,0.7325,0.8456,1.0,0.7325
1183,AL_308,AL,numeric,significand,mean,0.4432,0.7325,0.8456,1.0,0.7325
1184,AL_308,AL,numeric,significand,median,0.4432,0.7325,0.8456,1.0,0.7325
1185,AL_308,AL,numeric,sig4figs,mean,0.4432,0.7325,0.8456,1.0,0.7325
1186,AL_308,AL,numeric,sig4figs,median,0.4432,0.7325,0.8456,1.0,0.7325
1187,AL_309,AL,numeric,raw,mean,0.4432,0.7325,0.8456,1.0,0.7325
1188,AL_309,AL,numeric,raw,median,0.4432,0.7325,0.8456,1.0,0.7325
1189,AL_309,AL,numeric,significand,mean,0.4432,0.7325,0.8456,1.0,0.7325
1190,AL_309,AL,numeric,significand,median,0.4432,0.7325,0.8456,1.0,0.7325
1191,AL_309,AL,numeric,sig4figs,mean,0.4432,0.7325,0.8456,1.0,0.7325
1192,AL_309,AL,numeric,sig4figs,median,0.4432,0.7325,0.8456,1.0,0.7325
1193,AL_310,AL,numeric,raw,mean,0.4432,0.7325,0.8456,1.0,0.7325
1194,AL_310,AL,numeric,raw,median,0.4432,0.7325,0.8456,1.0,0.7325
1195,AL_310,AL,numeric,significand,mean,0.4432,0.7325,0.8456,1.0,0.7325
1196,AL_310,AL,numeric,significand,median,0.4432,0.7325,0.8456,1.0,0.7325
1197,AL_310,AL,numeric,sig4figs,mean,0.4432,0.7325,0.8456,1.0,0.7325
1198,AL_310,AL,numeric,sig4figs,median,0.4432,0.7325,0.8456,1.0,0.7325
1199,AL_312,AL,numeric,raw,mean,0.4432,0.7325,0.8456,1.0,0.7325
1200,AL_312,AL,numeric,raw,median,0.4432,0.7325,0.8456,1.0,0.7325
1201,AL_312,AL,numeric,significand,mean,0.4432,0.7325,0.8456,1.0,0.7325
1202,AL_312,AL,numeric,significand,median,0.4432,0.7325,0.8456,1.0,0.7325
1203,AL_312,AL,numeric,sig4figs,mean,0.4432,0.7325,0.8456,1.0,0.7325
1204,AL_312,AL,numeric,sig4figs,median,0.4432,0.7325,0.8456,1.0,0.7325
1205,AL_313,AL,numeric,raw,mean,0.4432,0.7325,0.8456,1.0,0.7325
1206,AL_313,AL,numeric,sig4figs,mean,0.4432,0.7325,0.8456,1.0,0.7325
1207,AL_314,AL,numeric,raw,mean,0.4432,0.7325,0.8456,1.0,0.7325
1208,AL_314,AL,numeric,raw,median,0.4432,0.7325,0.8456,1.0,0.7325
1209,AL_314,AL,numeric,significand,mean,0.4432,0.7325,0.8456,1.0,0.7325
1210,AL_314,AL,numeric,significand,median,0.4432,0.7325,0.8456,1.0,0.7325
1211,AL_314,AL,numeric,sig4figs,mean,0.4432,0.7325,0.8456,1.0,0.7325
1212,AL_314,AL,numeric,sig4figs,median,0.4432,0.7325,0.8456,1.0,0.7325
1213,AL_316,AL,numeric,raw,mean,0.4432,0.7325,0.8456,1.0,0.7325
1214,AL_316,AL,numeric,raw,median,0.4432,0.7325,0.8456,1.0,0.7325
1215,AL_316,AL,numeric,significand,mean,0.4432,0.7325,0.8456,1.0,0.7325
1216,AL_316,AL,numeric,significand,median,0.4432,0.7325,0.8456,1.0,0.7325
1217,AL_316,AL,numeric,sig4figs,mean,0.4432,0.7325,0.8456,1.0,0.7325
1218,AL_316,AL,numeric,sig4figs,median,0.4432,0.7325,0.8456,1.0,0.7325
1219,AL_317,AL,numeric,raw,mean,0.4432,0.7325,0.8456,1.0,0.7325
1220,AL_317,AL,numeric,raw,median,0.4432,0.7325,0.8456,1.0,0.7325
1221,AL_317,AL,numeric,significand,mean,0.4432,0.7325,0.8456,1.0,0.7325
1222,AL_317,AL,numeric,significand,median,0.4432,0.7325,0.8456,1.0,0.7325
1223,AL_317,AL,numeric,sig4figs,mean,0.4432,0.7325,0.8456,1.0,0.7325
1224,AL_317,AL,numeric,sig4figs,median,0.4432,0.7325,0.8456,1.0,0.7325
1225,AL_318,AL,numeric,raw,mean,0.4432,0.7325,0.8456,1.0,0.7325
1226,AL_318,AL,numeric,raw,median,0.4432,0.7325,0.8456,1.0,0.7325
1227,AL_318,AL,numeric,significand,mean,0.4432,0.7325,0.8456,1.0,0.7325
1228,AL_318,AL,numeric,significand,median,0.4432,0.7325,0.8456,1.0,0.7325
1229,AL_318,AL,numeric,sig4figs,mean,0.4432,0.7325,0.8456,1.0,0.7325
1230,AL_318,AL,numeric,sig4figs,median,0.4432,0.7325,0.8456,1.0,0.7325
1231,AL_320,AL,numeric,raw,mean,0.4432,0.7325,0.8456,1.0,0.7325
1232,AL_320,AL,numeric,raw,median,0.4432,0.7325,0.8456,1.0,0.7325
1233,AL_320,AL,numeric,significand,mean,0.4432,0.7325,0.8456,1.0,0.7325
1234,AL_320,AL,numeric,significand,median,0.4432,0.7325,0.8456,1.0,0.7325
1235,AL_320,AL,numeric,sig4figs,mean,0.4432,0.7325,0.8456,1.0,0.7325
1236,AL_320,AL,numeric,sig4figs,median,0.4432,0.7325,0.8456,1.0,0.7325
1237,AL_321,AL,numeric,raw,mean,0.4432,0.7325,0.8456,1.0,0.7325
1238,AL_321,AL,numeric,raw,median,0.4432,0.7325,0.8456,1.0,0.7325
1239,AL_321,AL,numeric,significand,mean,0.4432,0.7325,0.8456,1.0,0.7325
1240,AL_321,AL,numeric,significand,median,0.4432,0.7325,0.8456,1.0,0.7325
1241,AL_321,AL,numeric,sig4figs,mean,0.4432,0.7325,0.8456,1.0,0.7325
1242,AL_321,AL,numeric,sig4figs,median,0.4432,0.7325,0.8456,1.0,0.7325
1243,AL_322,AL,numeric,raw,mean,0.4432,0.7325,0.8456,1.0,0.7325
1244,AL_322,AL,numeric,raw,median,0.4432,0.7325,0.8456,1.0,0.7325
1245,AL_322,AL,numeric,significand,mean,0.4432,0.7325,0.8456,1.0,0.7325
1246,AL_322,AL,numeric,significand,median,0.4432,0.7325,0.8456,1.0,0.7325
1247,AL_322,AL,numeric,sig4figs,mean,0.4432,0.7325,0.8456,1.0,0.7325
1248,AL_322,AL,numeric,sig4figs,median,0.4432,0.7325,0.8456,1.0,0.7325
1249,AL_324,AL,numeric,raw,mean,0.4432,0.7325,0.8456,1.0,0.7325
1250,AL_324,AL,numeric,raw,median,0.4432,0.7325,0.8456,1.0,0.7325
1251,AL_324,AL,numeric,significand,mean,0.4432,0.7325,0.8456,1.0,0.7325
1252,AL_324,AL,numeric,significand,median,0.4432,0.7325,0.8456,1.0,0.7325
1253,AL_324,AL,numeric,sig4figs,mean,0.4432,0.7325,0.8456,1.0,0.7325
1254,AL_324,AL,numeric,sig4figs,median,0.4432,0.7325,0.8456,1.0,0.7325
1255,AL_325,AL,numeric,raw,mean,0.4432,0.7325,0.8456,1.0,0.7325
1256,AL_325,AL,numeric,raw,median,0.4432,0.7325,0.8456,1.0,0.7325
1257,AL_325,AL,numeric,significand,mean,0.4432,0.7325,0.8456,1.0,0.7325
1258,AL_325,AL,numeric,significand,median,0.4432,0.7325,0.8456,1.0,0.7325
1259,AL_325,AL,numeric,sig4figs,mean,0.4432,0.7325,0.8456,1.0,0.7325
1260,AL_325,AL,numeric,sig4figs,median,0.4432,0.7325,0.8456,1.0,0.7325
1261,AL_326,AL,numeric,raw,mean,0.4432,0.7325,0.8456,1.0,0.7325
1262,AL_326,AL,numeric,raw,median,0.4432,0.7325,0.8456,1.0,0.7325
1263,AL_326,AL,numeric,significand,mean,0.4432,0.7325,0.8456,1.0,0.7325
1264,AL_326,AL,numeric,significand,median,0.4432,0.7325,0.8456,1.0,0.7325
1265,AL_326,AL,numeric,sig4figs,mean,0.4432,0.7325,0.8456,1.0,0.7325
1266,AL_326,AL,numeric,sig4figs,median,0.4432,0.7325,0.8456,1.0,0.7325
1267,AL_328,AL,numeric,raw,mean,0.4432,0.7325,0.8456,1.0,0.7325
1268,AL_328,AL,numeric,raw,median,0.4432,0.7325,0.8456,1.0,0.7325
1269,AL_328,AL,numeric,significand,mean,0.4432,0.7325,0.8456,1.0,0.7325
1270,AL_328,AL,numeric,significand,median,0.4432,0.7325,0.8456,1.0,0.7325
1271,AL_328,AL,numeric,sig4figs,mean,0.4432,0.7325,0.8456,1.0,0.7325
1272,AL_328,AL,numeric,sig4figs,median,0.4432,0.7325,0.8456,1.0,0.7325
1273,AL_329,AL,numeric,raw,mean,0.4432,0.7325,0.8456,1.0,0.7325
1274,AL_329,AL,numeric,raw,median,0.4432,0.7325,0.8456,1.0,0.7325
1275,AL_329,AL,numeric,significand,mean,0.4432,0.7325,0.8456,1.0,0.7325
1276,AL_329,AL,numeric,significand,median,0.4432,0.7325,0.8456,1.0,0.7325
1277,AL_329,AL,numeric,sig4figs,mean,0.4432,0.7325,0.8456,1.0,0.7325
1278,AL_329,AL,numeric,sig4figs,median,0.4432,0.7325,0.8456,1.0,0.7325
1279,AL_330,AL,numeric,raw,mean,0.4432,0.7325,0.8456,1.0,0.7325
1280,AL_330,AL,numeric,raw,median,0.4432,0.7325,0.8456,1.0,0.7325
1281,AL_330,AL,numeric,significand,mean,0.4432,0.7325,0.8456,1.0,0.7325
1282,AL_330,AL,numeric,significand,median,0.4432,0.7325,0.8456,1.0,0.7325
1283,AL_330,AL,numeric,sig4figs,mean,0.4432,0.7325,0.8456,1.0,0.7325
1284,AL_330,AL,numeric,sig4figs,median,0.4432,0.7325,0.8456,1.0,0.7325
1285,AL_332,AL,numeric,raw,mean,0.4432,0.7325,0.8456,1.0,0.7325
1286,AL_332,AL,numeric,raw,median,0.4432,0.7325,0.8456,1.0,0.7325
1287,AL_332,AL,numeric,significand,mean,0.4432,0.7325,0.8456,1.0,0.7325
1288,AL_332,AL,numeric,significand,median,0.4432,0.7325,0.8456,1.0,0.7325
1289,AL_332,AL,numeric,sig4figs,mean,0.4432,0.7325,0.8456,1.0,0.7325
1290,AL_332,AL,numeric,sig4figs,median,0.4432,0.7325,0.8456,1.0,0.7325
1291,AL_333,AL,numeric,raw,mean,0.4432,0.7325,0.8456,1.0,0.7325
1292,AL_333,AL,numeric,raw,median,0.4432,0.7325,0.8456,1.0,0.7325
1293,AL_333,AL,numeric,significand,mean,0.4432,0.7325,0.8456,1.0,0.7325
1294,AL_333,AL,numeric,significand,median,0.4432,0.7325,0.8456,1.0,0.7325
1295,AL_333,AL,numeric,sig4figs,mean,0.4432,0.7325,0.8456,1.0,0.7325
1296,AL_333,AL,numeric,sig4figs,median,0.4432,0.7325,0.8456,1.0,0.7325
1297,AL_334,AL,numeric,raw,mean,0.4432,0.7325,0.8456,1.0,0.7325
1298,AL_334,AL,numeric,raw,median,0.4432,0.7325,0.8456,1.0,0.7325
1299,AL_334,AL,numeric,significand,mean,0.4432,0.7325,0.8456,1.0,0.7325
1300,AL_334,AL,numeric,significand,median,0.4432,0.7325,0.8456,1.0,0.7325
1301,AL_334,AL,numeric,sig4figs,mean,0.4432,0.7325,0.8456,1.0,0.7325
1302,AL_334,AL,numeric,sig4figs,median,0.4432,0.7325,0.8456,1.0,0.7325
1303,AA_2,AA,categorical,categorical,none,0.1194,0.7325,0.8456,1.0,0.7325
1304,AL_82,AL,numeric,significand,mean,0.5916,0.7394,0.8456,0.9744,0.7469
1305,AL_52,AL,numeric,raw,mean,0.4835,0.7359,0.8455,0.986,0.74
1306,AL_52,AL,numeric,sig4figs,mean,0.4835,0.7359,0.8455,0.986,0.74
1307,AL_215,AL,numeric,raw,median,0.7434,0.7445,0.8454,0.9535,0.7593
1308,AL_243,AL,numeric,raw,median,0.6448,0.7445,0.8454,0.9535,0.7593
1309,AL_243,AL,numeric,sig4figs,median,0.6448,0.7445,0.8454,0.9535,0.7593
1310,AL_48,AL,numeric,significand,mean,0.4835,0.7325,0.8453,0.9977,0.7333
1311,AL_48,AL,numeric,significand,median,0.4835,0.7325,0.8453,0.9977,0.7333
1312,AL_57,AL,numeric,raw,median,0.4835,0.7325,0.8453,0.9977,0.7333
1313,AL_57,AL,numeric,sig4figs,median,0.4835,0.7325,0.8453,0.9977,0.7333
1314,AL_105,AL,numeric,significand,mean,0.493,0.7325,0.8453,0.9977,0.7333
1315,AL_105,AL,numeric,significand,median,0.493,0.7325,0.8453,0.9977,0.7333
1316,AL_198,AL,numeric,raw,mean,0.6448,0.7325,0.8453,0.9977,0.7333
1317,AL_198,AL,numeric,raw,median,0.6448,0.7325,0.8453,0.9977,0.7333
1318,AL_198,AL,numeric,sig4figs,mean,0.6448,0.7325,0.8453,0.9977,0.7333
1319,AL_198,AL,numeric,sig4figs,median,0.6448,0.7325,0.8453,0.9977,0.7333
1320,AL_27,AL,numeric,significand,median,0.914,0.7359,0.8452,0.9837,0.7408
1321,AL_275,AL,numeric,sig4figs,median,0.6452,0.7428,0.8451,0.9581,0.756
1322,AL_190,AL,numeric,raw,mean,0.6448,0.7445,0.845,0.9512,0.7602
1323,AL_190,AL,numeric,sig4figs,mean,0.6448,0.7445,0.845,0.9512,0.7602
1324,AL_266,AL,numeric,raw,median,0.6448,0.7445,0.845,0.9512,0.7602
1325,AL_266,AL,numeric,sig4figs,median,0.6448,0.7445,0.845,0.9512,0.7602
1326,EK_4,EK,numeric,significand,median,0.1225,0.7445,0.845,0.9512,0.7602
1327,AL_45,AL,numeric,raw,mean,0.4835,0.7325,0.845,0.9953,0.7341
1328,AL_45,AL,numeric,raw,median,0.4835,0.7325,0.845,0.9953,0.7341
1329,AL_45,AL,numeric,sig4figs,mean,0.4835,0.7325,0.845,0.9953,0.7341
1330,AL_45,AL,numeric,sig4figs,median,0.4835,0.7325,0.845,0.9953,0.7341
1331,AL_198,AL,numeric,significand,mean,0.6448,0.7325,0.845,0.9953,0.7341
1332,AL_198,AL,numeric,significand,median,0.6448,0.7325,0.845,0.9953,0.7341
1333,AL_8,AL,numeric,raw,mean,0.3903,0.7394,0.8447,0.9674,0.7495
1334,CAT_6,CAT,categorical,categorical,none,0.9771,0.7342,0.8446,0.986,0.7387
1335,AL_97,AL,numeric,sig4figs,mean,0.5916,0.7411,0.8446,0.9605,0.7536
1336,AL_57,AL,numeric,significand,mean,0.4835,0.7308,0.8445,0.9977,0.7321
1337,AL_57,AL,numeric,significand,median,0.4835,0.7308,0.8445,0.9977,0.7321
1338,AL_66,AL,numeric,raw,mean,0.4835,0.7308,0.8445,0.9977,0.7321
1339,AL_66,AL,numeric,raw,median,0.4835,0.7308,0.8445,0.9977,0.7321
1340,AL_66,AL,numeric,significand,mean,0.4835,0.7308,0.8445,0.9977,0.7321
1341,AL_66,AL,numeric,significand,median,0.4835,0.7308,0.8445,0.9977,0.7321
1342,AL_66,AL,numeric,sig4figs,mean,0.4835,0.7308,0.8445,0.9977,0.7321
1343,AL_66,AL,numeric,sig4figs,median,0.4835,0.7308,0.8445,0.9977,0.7321
1344,AL_96,AL,numeric,raw,median,0.5916,0.7308,0.8445,0.9977,0.7321
1345,AL_96,AL,numeric,significand,mean,0.5916,0.7308,0.8445,0.9977,0.7321
1346,AL_96,AL,numeric,significand,median,0.5916,0.7308,0.8445,0.9977,0.7321
1347,AL_96,AL,numeric,sig4figs,median,0.5916,0.7308,0.8445,0.9977,0.7321
1348,AL_129,AL,numeric,raw,mean,0.493,0.7308,0.8445,0.9977,0.7321
1349,AL_129,AL,numeric,raw,median,0.493,0.7308,0.8445,0.9977,0.7321
1350,AL_129,AL,numeric,sig4figs,mean,0.493,0.7308,0.8445,0.9977,0.7321
1351,AL_129,AL,numeric,sig4figs,median,0.493,0.7308,0.8445,0.9977,0.7321
1352,AL_150,AL,numeric,raw,mean,0.493,0.7308,0.8445,0.9977,0.7321
1353,AL_150,AL,numeric,raw,median,0.493,0.7308,0.8445,0.9977,0.7321
1354,AL_150,AL,numeric,significand,mean,0.493,0.7308,0.8445,0.9977,0.7321
1355,AL_150,AL,numeric,significand,median,0.493,0.7308,0.8445,0.9977,0.7321
1356,AL_150,AL,numeric,sig4figs,mean,0.493,0.7308,0.8445,0.9977,0.7321
1357,AL_150,AL,numeric,sig4figs,median,0.493,0.7308,0.8445,0.9977,0.7321
1358,AL_168,AL,numeric,raw,mean,0.493,0.7308,0.8445,0.9977,0.7321
1359,AL_168,AL,numeric,raw,median,0.493,0.7308,0.8445,0.9977,0.7321
1360,AL_168,AL,numeric,significand,mean,0.493,0.7308,0.8445,0.9977,0.7321
1361,AL_168,AL,numeric,significand,median,0.493,0.7308,0.8445,0.9977,0.7321
1362,AL_168,AL,numeric,sig4figs,mean,0.493,0.7308,0.8445,0.9977,0.7321
1363,AL_168,AL,numeric,sig4figs,median,0.493,0.7308,0.8445,0.9977,0.7321
1364,AL_196,AL,numeric,significand,mean,0.6448,0.7308,0.8445,0.9977,0.7321
1365,AL_196,AL,numeric,significand,median,0.6448,0.7308,0.8445,0.9977,0.7321
1366,AL_202,AL,numeric,significand,mean,0.6448,0.7308,0.8445,0.9977,0.7321
1367,AL_202,AL,numeric,significand,median,0.6448,0.7308,0.8445,0.9977,0.7321
1368,AL_205,AL,numeric,raw,median,0.6448,0.7308,0.8445,0.9977,0.7321
1369,AL_205,AL,numeric,significand,mean,0.6448,0.7308,0.8445,0.9977,0.7321
1370,AL_205,AL,numeric,significand,median,0.6448,0.7308,0.8445,0.9977,0.7321
1371,AL_205,AL,numeric,sig4figs,median,0.6448,0.7308,0.8445,0.9977,0.7321
1372,AL_264,AL,numeric,raw,median,0.6448,0.7308,0.8445,0.9977,0.7321
1373,AL_264,AL,numeric,significand,mean,0.6448,0.7308,0.8445,0.9977,0.7321
1374,AL_264,AL,numeric,significand,median,0.6448,0.7308,0.8445,0.9977,0.7321
1375,AL_264,AL,numeric,sig4figs,median,0.6448,0.7308,0.8445,0.9977,0.7321
1376,AL_270,AL,numeric,significand,mean,0.6448,0.7308,0.8445,0.9977,0.7321
1377,AL_270,AL,numeric,significand,median,0.6448,0.7308,0.8445,0.9977,0.7321
1378,AL_277,AL,numeric,raw,mean,0.6448,0.7308,0.8445,0.9977,0.7321
1379,AL_277,AL,numeric,raw,median,0.6448,0.7308,0.8445,0.9977,0.7321
1380,AL_277,AL,numeric,significand,mean,0.6448,0.7308,0.8445,0.9977,0.7321
1381,AL_277,AL,numeric,significand,median,0.6448,0.7308,0.8445,0.9977,0.7321
1382,AL_277,AL,numeric,sig4figs,mean,0.6448,0.7308,0.8445,0.9977,0.7321
1383,AL_277,AL,numeric,sig4figs,median,0.6448,0.7308,0.8445,0.9977,0.7321
1384,AL_281,AL,numeric,significand,mean,0.6448,0.7308,0.8445,0.9977,0.7321
1385,AL_281,AL,numeric,significand,median,0.6448,0.7308,0.8445,0.9977,0.7321
1386,EK_7,EK,numeric,raw,mean,0.1225,0.7496,0.8444,0.9279,0.7748
1387,EK_2,EK,numeric,raw,median,0.1225,0.7462,0.8443,0.9395,0.7666
1388,AL_48,AL,numeric,raw,median,0.4835,0.7308,0.8442,0.9953,0.7329
1389,AL_48,AL,numeric,sig4figs,median,0.4835,0.7308,0.8442,0.9953,0.7329
1390,AL_228,AL,numeric,raw,mean,0.6448,0.7308,0.8442,0.9953,0.7329
1391,AL_228,AL,numeric,raw,median,0.6448,0.7308,0.8442,0.9953,0.7329
1392,AL_228,AL,numeric,sig4figs,mean,0.6448,0.7308,0.8442,0.9953,0.7329
1393,AL_228,AL,numeric,sig4figs,median,0.6448,0.7308,0.8442,0.9953,0.7329
1394,EK_4,EK,numeric,sig4figs,median,0.1225,0.7445,0.8441,0.9442,0.7632
1395,AL_260,AL,numeric,significand,mean,0.6448,0.7394,0.844,0.9628,0.7514
1396,AL_260,AL,numeric,significand,median,0.6448,0.7394,0.844,0.9628,0.7514
1397,AL_95,AL,numeric,raw,mean,0.5916,0.7342,0.844,0.9814,0.7404
1398,AL_95,AL,numeric,raw,median,0.5916,0.7342,0.844,0.9814,0.7404
1399,AL_95,AL,numeric,significand,mean,0.5916,0.7342,0.844,0.9814,0.7404
1400,AL_95,AL,numeric,significand,median,0.5916,0.7342,0.844,0.9814,0.7404
1401,AL_95,AL,numeric,sig4figs,mean,0.5916,0.7342,0.844,0.9814,0.7404
1402,AL_95,AL,numeric,sig4figs,median,0.5916,0.7342,0.844,0.9814,0.7404
1403,AL_82,AL,numeric,significand,median,0.5916,0.7359,0.8439,0.9744,0.7442
1404,EK_7,EK,numeric,raw,median,0.1225,0.7479,0.8439,0.9302,0.7722
1405,EK_7,EK,numeric,sig4figs,mean,0.1225,0.7479,0.8439,0.9302,0.7722
1406,EK_7,EK,numeric,sig4figs,median,0.1225,0.7479,0.8439,0.9302,0.7722
1407,AL_45,AL,numeric,significand,mean,0.4835,0.7308,0.8439,0.993,0.7337
1408,AL_45,AL,numeric,significand,median,0.4835,0.7308,0.8439,0.993,0.7337
1409,EK_6,EK,numeric,raw,mean,0.1225,0.7428,0.8438,0.9488,0.7598
1410,EK_6,EK,numeric,sig4figs,mean,0.1225,0.7428,0.8438,0.9488,0.7598
1411,AL_266,AL,numeric,sig4figs,mean,0.6448,0.7462,0.8437,0.9349,0.7686
1412,AL_26,AL,numeric,raw,mean,0.3702,0.7411,0.8436,0.9535,0.7565
1413,AL_186,AL,numeric,sig4figs,mean,0.3135,0.7411,0.8436,0.9535,0.7565
1414,AL_255,AL,numeric,sig4figs,median,0.6448,0.7376,0.8435,0.9651,0.7491
1415,AL_201,AL,numeric,raw,mean,0.6448,0.7308,0.8433,0.9884,0.7353
1416,AL_201,AL,numeric,raw,median,0.6448,0.7308,0.8433,0.9884,0.7353
1417,AL_201,AL,numeric,sig4figs,mean,0.6448,0.7308,0.8433,0.9884,0.7353
1418,AL_201,AL,numeric,sig4figs,median,0.6448,0.7308,0.8433,0.9884,0.7353
1419,AL_26,AL,numeric,sig4figs,median,0.3702,0.7445,0.8431,0.9372,0.7662
1420,AL_251,AL,numeric,raw,mean,0.6619,0.7445,0.8431,0.9372,0.7662
1421,AL_97,AL,numeric,raw,mean,0.5916,0.7394,0.8431,0.9558,0.7541
1422,AL_129,AL,numeric,significand,mean,0.493,0.7291,0.843,0.993,0.7324
1423,AL_129,AL,numeric,significand,median,0.493,0.7291,0.843,0.993,0.7324
1424,AL_273,AL,numeric,raw,mean,0.6448,0.7291,0.8427,0.9907,0.7332
1425,AL_273,AL,numeric,raw,median,0.6448,0.7291,0.8427,0.9907,0.7332
1426,AL_273,AL,numeric,sig4figs,mean,0.6448,0.7291,0.8427,0.9907,0.7332
1427,AL_273,AL,numeric,sig4figs,median,0.6448,0.7291,0.8427,0.9907,0.7332
1428,EK_6,EK,numeric,raw,median,0.1225,0.7411,0.8427,0.9465,0.7593
1429,AL_8,AL,numeric,sig4figs,mean,0.3903,0.7359,0.8426,0.9651,0.7477
1430,AL_188,AL,numeric,significand,mean,0.6448,0.7394,0.8424,0.9512,0.756
1431,AL_226,AL,numeric,raw,median,0.6448,0.7394,0.8424,0.9512,0.756
1432,EK_4,EK,numeric,significand,mean,0.1225,0.7394,0.8424,0.9512,0.756
1433,AL_266,AL,numeric,raw,mean,0.6448,0.7428,0.8422,0.9372,0.7647
1434,AL_105,AL,numeric,raw,mean,0.493,0.7274,0.8422,0.993,0.7312
1435,AL_105,AL,numeric,raw,median,0.493,0.7274,0.8422,0.993,0.7312
1436,AL_105,AL,numeric,sig4figs,mean,0.493,0.7274,0.8422,0.993,0.7312
1437,AL_105,AL,numeric,sig4figs,median,0.493,0.7274,0.8422,0.993,0.7312
1438,AL_205,AL,numeric,raw,mean,0.6448,0.7274,0.8422,0.993,0.7312
1439,AL_205,AL,numeric,sig4figs,mean,0.6448,0.7274,0.8422,0.993,0.7312
1440,AL_201,AL,numeric,significand,mean,0.6448,0.7291,0.8421,0.986,0.7348
1441,AL_201,AL,numeric,significand,median,0.6448,0.7291,0.8421,0.986,0.7348
1442,AL_243,AL,numeric,raw,mean,0.6448,0.7394,0.8421,0.9488,0.757
1443,AL_243,AL,numeric,sig4figs,mean,0.6448,0.7394,0.8421,0.9488,0.757
1444,AL_251,AL,numeric,sig4figs,mean,0.6619,0.7428,0.8419,0.9349,0.7657
1445,AL_190,AL,numeric,raw,median,0.6448,0.7394,0.8418,0.9465,0.7579
1446,AL_190,AL,numeric,sig4figs,median,0.6448,0.7394,0.8418,0.9465,0.7579
1447,EK_9,EK,numeric,significand,mean,0.2071,0.7394,0.8418,0.9465,0.7579
1448,AL_255,AL,numeric,raw,mean,0.6448,0.7359,0.8417,0.9581,0.7505
1449,AL_255,AL,numeric,raw,median,0.6448,0.7359,0.8417,0.9581,0.7505
1450,AL_255,AL,numeric,sig4figs,mean,0.6448,0.7359,0.8417,0.9581,0.7505
1451,AL_188,AL,numeric,significand,median,0.6448,0.7376,0.8416,0.9512,0.7546
1452,AL_43,AL,numeric,significand,mean,0.4835,0.7291,0.8415,0.9814,0.7365
1453,AL_43,AL,numeric,significand,median,0.4835,0.7291,0.8415,0.9814,0.7365
1454,AL_188,AL,numeric,raw,mean,0.6448,0.7411,0.8413,0.9372,0.7633
1455,AL_188,AL,numeric,sig4figs,mean,0.6448,0.7411,0.8413,0.9372,0.7633
1456,AL_226,AL,numeric,sig4figs,median,0.6448,0.7376,0.8412,0.9488,0.7556
1457,AL_271,AL,numeric,raw,mean,0.6448,0.7376,0.8412,0.9488,0.7556
1458,AL_49,AL,numeric,raw,mean,0.4835,0.7291,0.8412,0.9791,0.7373
1459,AL_49,AL,numeric,sig4figs,mean,0.4835,0.7291,0.8412,0.9791,0.7373
1460,AL_61,AL,numeric,raw,median,0.4835,0.7291,0.8412,0.9791,0.7373
1461,AL_61,AL,numeric,sig4figs,median,0.4835,0.7291,0.8412,0.9791,0.7373
1462,AL_184,AL,numeric,sig4figs,mean,0.6639,0.7411,0.841,0.9349,0.7643
1463,EK_9,EK,numeric,raw,median,0.2071,0.7462,0.841,0.9163,0.7771
1464,AL_82,AL,numeric,sig4figs,median,0.5916,0.7376,0.8409,0.9465,0.7565
1465,AL_271,AL,numeric,sig4figs,mean,0.6448,0.7376,0.8409,0.9465,0.7565
1466,EK_1,EK,numeric,raw,mean,0.1225,0.7291,0.8408,0.9767,0.7381
1467,AL_301,AL,numeric,significand,mean,0.4432,0.7257,0.8408,0.9884,0.7315
1468,AL_301,AL,numeric,significand,median,0.4432,0.7257,0.8408,0.9884,0.7315
1469,AL_239,AL,numeric,sig4figs,median,0.6448,0.7359,0.8407,0.9512,0.7532
1470,EK_2,EK,numeric,raw,mean,0.1225,0.7411,0.8407,0.9326,0.7653
1471,EK_9,EK,numeric,significand,median,0.2071,0.7376,0.8406,0.9442,0.7575
1472,EK_5,EK,numeric,significand,median,0.1225,0.7291,0.8405,0.9744,0.739
1473,AL_14,AL,numeric,sig4figs,median,0.3903,0.7376,0.8402,0.9419,0.7584
1474,EK_1,EK,numeric,sig4figs,mean,0.1225,0.7291,0.8402,0.9721,0.7398
1475,AL_12,AL,numeric,raw,median,0.3903,0.7342,0.8402,0.9535,0.7509
1476,AL_271,AL,numeric,raw,median,0.6448,0.7342,0.8402,0.9535,0.7509
1477,AL_271,AL,numeric,sig4figs,median,0.6448,0.7342,0.8402,0.9535,0.7509
1478,AL_76,AL,numeric,significand,mean,0.5916,0.7308,0.8401,0.9651,0.7437
1479,AL_76,AL,numeric,significand,median,0.5916,0.7308,0.8401,0.9651,0.7437
1480,AL_207,AL,numeric,raw,mean,0.6448,0.7359,0.84,0.9465,0.7551
1481,AL_207,AL,numeric,sig4figs,mean,0.6448,0.7359,0.84,0.9465,0.7551
1482,AL_230,AL,numeric,significand,mean,0.6448,0.7359,0.84,0.9465,0.7551
1483,AL_94,AL,numeric,sig4figs,mean,0.5916,0.7376,0.8399,0.9395,0.7594
1484,EK_9,EK,numeric,raw,mean,0.2071,0.7428,0.8399,0.9209,0.7719
1485,AL_12,AL,numeric,sig4figs,median,0.3903,0.7342,0.8398,0.9512,0.7518
1486,AL_186,AL,numeric,raw,mean,0.3135,0.7342,0.8398,0.9512,0.7518
1487,AL_287,AL,numeric,raw,mean,0.666,0.7394,0.8398,0.9326,0.7638
1488,AL_14,AL,numeric,sig4figs,mean,0.3903,0.7359,0.8397,0.9442,0.7561
1489,EK_5,EK,numeric,significand,mean,0.1225,0.7274,0.8397,0.9744,0.7377
1490,AL_12,AL,numeric,raw,mean,0.3903,0.7325,0.8396,0.9558,0.7486
1491,AL_275,AL,numeric,raw,mean,0.6452,0.7325,0.8396,0.9558,0.7486
1492,AL_275,AL,numeric,sig4figs,mean,0.6452,0.7325,0.8396,0.9558,0.7486
1493,AL_14,AL,numeric,raw,median,0.3903,0.7376,0.8396,0.9372,0.7604
1494,AL_239,AL,numeric,raw,median,0.6448,0.7342,0.8395,0.9488,0.7528
1495,AA_1,AA,categorical,categorical,none,0.1187,0.7257,0.8395,0.9791,0.7347
1496,AL_188,AL,numeric,sig4figs,median,0.6448,0.7359,0.8394,0.9419,0.757
1497,AL_266,AL,numeric,significand,median,0.6448,0.7359,0.8394,0.9419,0.757
1498,EK_4,EK,numeric,raw,median,0.1225,0.7376,0.8392,0.9349,0.7614
1499,AL_235,AL,numeric,raw,median,0.6448,0.7342,0.8392,0.9465,0.7537
1500,AL_235,AL,numeric,sig4figs,median,0.6448,0.7342,0.8392,0.9465,0.7537
1501,AL_279,AL,numeric,raw,mean,0.6448,0.7342,0.8392,0.9465,0.7537
1502,AL_279,AL,numeric,sig4figs,mean,0.6448,0.7342,0.8392,0.9465,0.7537
1503,AL_188,AL,numeric,raw,median,0.6448,0.7359,0.839,0.9395,0.758
1504,AL_40,AL,numeric,raw,mean,0.4835,0.7291,0.8389,0.9628,0.7433
1505,AL_40,AL,numeric,sig4figs,mean,0.4835,0.7291,0.8389,0.9628,0.7433
1506,AL_226,AL,numeric,raw,mean,0.6448,0.7308,0.8388,0.9558,0.7473
1507,AL_226,AL,numeric,sig4figs,mean,0.6448,0.7308,0.8388,0.9558,0.7473
1508,AL_251,AL,numeric,raw,median,0.6619,0.7359,0.8387,0.9372,0.7589
1509,AL_260,AL,numeric,raw,median,0.6448,0.7359,0.8387,0.9372,0.7589
1510,AL_283,AL,numeric,sig4figs,median,0.6448,0.7359,0.8387,0.9372,0.7589
1511,AL_230,AL,numeric,significand,median,0.6448,0.7325,0.8386,0.9488,0.7514
1512,AL_287,AL,numeric,sig4figs,median,0.666,0.7411,0.8386,0.9186,0.7715
1513,AL_327,AL,numeric,raw,median,0.4432,0.7411,0.8386,0.9186,0.7715
1514,AL_327,AL,numeric,sig4figs,median,0.4432,0.7411,0.8386,0.9186,0.7715
1515,AL_251,AL,numeric,sig4figs,median,0.6619,0.7376,0.8386,0.9302,0.7634
1516,AL_49,AL,numeric,raw,median,0.4835,0.7257,0.8385,0.9721,0.7372
1517,AL_49,AL,numeric,sig4figs,median,0.4835,0.7257,0.8385,0.9721,0.7372
1518,AL_262,AL,numeric,raw,mean,0.6448,0.7342,0.8385,0.9419,0.7556
1519,AL_88,AL,numeric,raw,mean,0.5916,0.7308,0.8384,0.9535,0.7482
1520,AL_283,AL,numeric,raw,median,0.6448,0.7325,0.8383,0.9465,0.7523
1521,AL_262,AL,numeric,sig4figs,mean,0.6448,0.7342,0.8382,0.9395,0.7566
1522,AL_304,AL,numeric,significand,mean,0.4432,0.7223,0.8381,0.9814,0.7314
1523,AL_304,AL,numeric,significand,median,0.4432,0.7223,0.8381,0.9814,0.7314
1524,AL_79,AL,numeric,significand,median,0.5916,0.7274,0.8381,0.9628,0.7419
1525,AL_91,AL,numeric,sig4figs,mean,0.5916,0.7359,0.838,0.9326,0.7609
1526,AL_306,AL,numeric,raw,mean,0.4432,0.7325,0.838,0.9442,0.7532
1527,AL_76,AL,numeric,raw,median,0.5916,0.7342,0.8378,0.9372,0.7575
1528,AL_26,AL,numeric,raw,median,0.3702,0.7359,0.8377,0.9302,0.7619
1529,AL_186,AL,numeric,significand,mean,0.3135,0.724,0.8377,0.9721,0.7359
1530,AL_184,AL,numeric,sig4figs,median,0.6639,0.7342,0.8375,0.9349,0.7585
1531,AL_255,AL,numeric,significand,median,0.6448,0.7342,0.8375,0.9349,0.7585
1532,AL_79,AL,numeric,raw,mean,0.5916,0.7308,0.8374,0.9465,0.7509
1533,AL_186,AL,numeric,sig4figs,median,0.3135,0.7308,0.8374,0.9465,0.7509
1534,AL_157,AL,numeric,raw,mean,0.493,0.7274,0.8374,0.9581,0.7437
1535,AL_157,AL,numeric,sig4figs,mean,0.493,0.7274,0.8374,0.9581,0.7437
1536,AL_219,AL,numeric,significand,median,0.6448,0.7274,0.8374,0.9581,0.7437
1537,EK_1,EK,numeric,raw,median,0.1225,0.724,0.8373,0.9698,0.7367
1538,AL_76,AL,numeric,sig4figs,median,0.5916,0.7325,0.8373,0.9395,0.7551
1539,AL_260,AL,numeric,sig4figs,median,0.6448,0.7342,0.8372,0.9326,0.7595
1540,AL_8,AL,numeric,raw,median,0.3903,0.7308,0.8371,0.9442,0.7519
1541,AL_306,AL,numeric,sig4figs,mean,0.4432,0.7308,0.8371,0.9442,0.7519
1542,AL_22,AL,numeric,raw,mean,0.6401,0.7394,0.8371,0.914,0.7721
1543,AL_22,AL,numeric,sig4figs,mean,0.6401,0.7394,0.8371,0.914,0.7721
1544,AL_151,AL,numeric,significand,mean,0.493,0.724,0.837,0.9674,0.7376
1545,AL_163,AL,numeric,sig4figs,mean,0.493,0.7308,0.8368,0.9419,0.7528
1546,AL_55,AL,numeric,raw,median,0.4835,0.7274,0.8367,0.9535,0.7455
1547,AL_55,AL,numeric,sig4figs,median,0.4835,0.7274,0.8367,0.9535,0.7455
1548,AL_215,AL,numeric,significand,mean,0.7434,0.7274,0.8367,0.9535,0.7455
1549,AL_224,AL,numeric,raw,mean,0.6448,0.7394,0.8367,0.9116,0.7732
1550,AL_91,AL,numeric,raw,mean,0.5916,0.7325,0.8366,0.9349,0.7571
1551,AL_235,AL,numeric,significand,median,0.6448,0.7325,0.8366,0.9349,0.7571
1552,AL_79,AL,numeric,significand,mean,0.5916,0.7257,0.8365,0.9581,0.7423
1553,AL_219,AL,numeric,significand,mean,0.6448,0.7257,0.8365,0.9581,0.7423
1554,AL_82,AL,numeric,raw,median,0.5916,0.7308,0.8364,0.9395,0.7537
1555,AL_82,AL,numeric,sig4figs,mean,0.5916,0.7308,0.8364,0.9395,0.7537
1556,AL_199,AL,numeric,raw,mean,0.6448,0.7308,0.8364,0.9395,0.7537
1557,AL_199,AL,numeric,sig4figs,mean,0.6448,0.7308,0.8364,0.9395,0.7537
1558,AL_266,AL,numeric,significand,mean,0.6448,0.7308,0.8364,0.9395,0.7537
1559,AL_186,AL,numeric,raw,median,0.3135,0.7291,0.8363,0.9442,0.7505
1560,AL_55,AL,numeric,raw,mean,0.4835,0.7257,0.8362,0.9558,0.7432
1561,AL_55,AL,numeric,sig4figs,mean,0.4835,0.7257,0.8362,0.9558,0.7432
1562,AL_151,AL,numeric,significand,median,0.493,0.7223,0.8362,0.9674,0.7363
1563,AL_224,AL,numeric,sig4figs,mean,0.6448,0.7376,0.8362,0.914,0.7706
1564,AL_14,AL,numeric,raw,mean,0.3903,0.7308,0.8361,0.9372,0.7547
1565,AL_151,AL,numeric,raw,mean,0.493,0.7308,0.8361,0.9372,0.7547
1566,AL_151,AL,numeric,sig4figs,mean,0.493,0.7308,0.8361,0.9372,0.7547
1567,AL_199,AL,numeric,raw,median,0.6448,0.7308,0.8361,0.9372,0.7547
1568,AL_199,AL,numeric,sig4figs,median,0.6448,0.7308,0.8361,0.9372,0.7547
1569,AL_43,AL,numeric,raw,mean,0.4835,0.724,0.836,0.9605,0.7401
1570,AL_43,AL,numeric,sig4figs,mean,0.4835,0.724,0.836,0.9605,0.7401
1571,EK_9,EK,numeric,sig4figs,mean,0.2071,0.7394,0.836,0.907,0.7753
1572,EK_9,EK,numeric,sig4figs,median,0.2071,0.7394,0.836,0.907,0.7753
1573,AL_186,AL,numeric,significand,median,0.3135,0.7206,0.836,0.9721,0.7333
1574,AL_291,AL,numeric,raw,median,0.6448,0.7325,0.8359,0.9302,0.759
1575,AL_331,AL,numeric,raw,median,0.4432,0.7257,0.8359,0.9535,0.7441
1576,EK_5,EK,numeric,raw,mean,0.1225,0.7257,0.8359,0.9535,0.7441
1577,AL_301,AL,numeric,raw,mean,0.4432,0.7189,0.8358,0.9767,0.7304
1578,AL_301,AL,numeric,sig4figs,mean,0.4432,0.7189,0.8358,0.9767,0.7304
1579,AL_260,AL,numeric,raw,mean,0.6448,0.7325,0.8356,0.9279,0.76
1580,AL_260,AL,numeric,sig4figs,mean,0.6448,0.7325,0.8356,0.9279,0.76
1581,AL_163,AL,numeric,raw,mean,0.493,0.7291,0.8356,0.9395,0.7523
1582,AL_219,AL,numeric,raw,median,0.6448,0.7291,0.8356,0.9395,0.7523
1583,AL_279,AL,numeric,raw,median,0.6448,0.7291,0.8356,0.9395,0.7523
1584,AL_279,AL,numeric,sig4figs,median,0.6448,0.7291,0.8356,0.9395,0.7523
1585,AL_124,AL,numeric,raw,mean,0.493,0.7257,0.8355,0.9512,0.745
1586,AL_331,AL,numeric,sig4figs,median,0.4432,0.7257,0.8355,0.9512,0.745
1587,AL_67,AL,numeric,raw,mean,0.4835,0.7223,0.8355,0.9628,0.738
1588,AL_67,AL,numeric,sig4figs,mean,0.4835,0.7223,0.8355,0.9628,0.738
1589,EK_1,EK,numeric,sig4figs,median,0.1225,0.7223,0.8355,0.9628,0.738
1590,AL_190,AL,numeric,significand,median,0.6448,0.7223,0.8355,0.9628,0.738
1591,AL_255,AL,numeric,significand,mean,0.6448,0.7308,0.8354,0.9326,0.7566
1592,AL_291,AL,numeric,sig4figs,median,0.6448,0.7308,0.8354,0.9326,0.7566
1593,AL_8,AL,numeric,sig4figs,median,0.3903,0.7274,0.8354,0.9442,0.7491
1594,AL_106,AL,numeric,sig4figs,median,0.493,0.724,0.8354,0.9558,0.7419
1595,AL_40,AL,numeric,significand,median,0.4835,0.7206,0.8353,0.9674,0.735
1596,AL_219,AL,numeric,sig4figs,median,0.6448,0.7291,0.8352,0.9372,0.7533
1597,AL_291,AL,numeric,raw,mean,0.6448,0.7291,0.8352,0.9372,0.7533
1598,AL_91,AL,numeric,sig4figs,median,0.5916,0.7308,0.8351,0.9302,0.7576
1599,AL_301,AL,numeric,raw,median,0.4432,0.7172,0.835,0.9767,0.7292
1600,AL_301,AL,numeric,sig4figs,median,0.4432,0.7172,0.835,0.9767,0.7292
1601,AL_23,AL,numeric,raw,mean,0.6397,0.7394,0.835,0.9,0.7787
1602,AL_12,AL,numeric,sig4figs,mean,0.3903,0.7257,0.8349,0.9465,0.7468
1603,AL_239,AL,numeric,significand,mean,0.6448,0.7257,0.8349,0.9465,0.7468
1604,AL_157,AL,numeric,raw,median,0.493,0.7223,0.8349,0.9581,0.7397
1605,AL_157,AL,numeric,sig4figs,median,0.493,0.7223,0.8349,0.9581,0.7397
1606,AL_52,AL,numeric,raw,median,0.4835,0.7189,0.8348,0.9698,0.7329
1607,AL_52,AL,numeric,sig4figs,median,0.4835,0.7189,0.8348,0.9698,0.7329
1608,AL_79,AL,numeric,raw,median,0.5916,0.7274,0.8347,0.9395,0.7509
1609,AL_40,AL,numeric,significand,mean,0.4835,0.7206,0.8347,0.9628,0.7367
1610,AL_61,AL,numeric,raw,mean,0.4835,0.7206,0.8347,0.9628,0.7367
1611,AL_61,AL,numeric,sig4figs,mean,0.4835,0.7206,0.8347,0.9628,0.7367
1612,AL_296,AL,numeric,sig4figs,median,0.4432,0.7291,0.8345,0.9326,0.7552
1613,AL_178,AL,numeric,raw,median,0.493,0.7257,0.8345,0.9442,0.7477
1614,AL_178,AL,numeric,sig4figs,median,0.493,0.7257,0.8345,0.9442,0.7477
1615,AL_243,AL,numeric,significand,mean,0.6448,0.7223,0.8345,0.9558,0.7405
1616,AL_243,AL,numeric,significand,median,0.6448,0.7223,0.8345,0.9558,0.7405
1617,AL_304,AL,numeric,raw,median,0.4432,0.7189,0.8345,0.9674,0.7337
1618,AL_304,AL,numeric,sig4figs,median,0.4432,0.7189,0.8345,0.9674,0.7337
1619,AL_163,AL,numeric,raw,median,0.493,0.7274,0.8344,0.9372,0.7519
1620,AL_163,AL,numeric,sig4figs,median,0.493,0.7274,0.8344,0.9372,0.7519
1621,AL_291,AL,numeric,sig4figs,mean,0.6448,0.7274,0.8344,0.9372,0.7519
1622,AL_106,AL,numeric,raw,median,0.493,0.7223,0.8342,0.9535,0.7414
1623,AL_22,AL,numeric,raw,median,0.6401,0.7342,0.834,0.9116,0.7686
1624,AL_22,AL,numeric,sig4figs,median,0.6401,0.7342,0.834,0.9116,0.7686
1625,AL_91,AL,numeric,raw,median,0.5916,0.7274,0.834,0.9349,0.7528
1626,AL_97,AL,numeric,significand,mean,0.5916,0.7274,0.834,0.9349,0.7528
1627,AL_97,AL,numeric,significand,median,0.5916,0.7274,0.834,0.9349,0.7528
1628,AL_327,AL,numeric,raw,mean,0.4432,0.7308,0.8337,0.9209,0.7615
1629,AL_88,AL,numeric,sig4figs,mean,0.5916,0.724,0.8337,0.9442,0.7463
1630,AL_315,AL,numeric,significand,mean,0.4432,0.724,0.8337,0.9442,0.7463
1631,AL_211,AL,numeric,significand,mean,0.6448,0.7291,0.8335,0.9256,0.7581
1632,AL_88,AL,numeric,significand,median,0.5916,0.7223,0.8335,0.9488,0.7432
1633,EK_5,EK,numeric,raw,median,0.1225,0.7223,0.8335,0.9488,0.7432
1634,AL_215,AL,numeric,significand,median,0.7434,0.724,0.8333,0.9419,0.7472
1635,AL_88,AL,numeric,significand,mean,0.5916,0.7223,0.8332,0.9465,0.7441
1636,AL_124,AL,numeric,sig4figs,mean,0.493,0.7223,0.8332,0.9465,0.7441
1637,AL_199,AL,numeric,significand,mean,0.6448,0.724,0.833,0.9395,0.7481
1638,AL_184,AL,numeric,raw,mean,0.6639,0.7274,0.833,0.9279,0.7557
1639,AL_20,AL,numeric,raw,median,0.6401,0.7376,0.833,0.893,0.7805
1640,AL_20,AL,numeric,sig4figs,median,0.6401,0.7376,0.833,0.893,0.7805
1641,AL_73,AL,numeric,significand,median,0.4835,0.7155,0.8328,0.9674,0.7311
1642,AL_46,AL,numeric,significand,median,0.4835,0.7189,0.8328,0.9558,0.7379
1643,AL_224,AL,numeric,significand,median,0.6448,0.7223,0.8328,0.9442,0.745
1644,AL_203,AL,numeric,raw,mean,0.6448,0.7257,0.8328,0.9326,0.7523
1645,AL_203,AL,numeric,sig4figs,mean,0.6448,0.7257,0.8328,0.9326,0.7523
1646,AL_178,AL,numeric,significand,median,0.493,0.7172,0.8327,0.9605,0.7349
1647,AL_148,AL,numeric,significand,mean,0.493,0.7206,0.8327,0.9488,0.7418
1648,EK_5,EK,numeric,sig4figs,mean,0.1225,0.7206,0.8327,0.9488,0.7418
1649,AL_13,AL,numeric,significand,median,0.3903,0.724,0.8326,0.9372,0.7491
1650,AL_239,AL,numeric,significand,median,0.6448,0.724,0.8326,0.9372,0.7491
1651,AL_283,AL,numeric,significand,median,0.6448,0.7274,0.8326,0.9256,0.7567
1652,AL_58,AL,numeric,significand,mean,0.4835,0.7155,0.8325,0.9651,0.7319
1653,AL_70,AL,numeric,significand,median,0.4835,0.7155,0.8325,0.9651,0.7319
1654,AL_88,AL,numeric,raw,median,0.5916,0.7189,0.8325,0.9535,0.7387
1655,AL_20,AL,numeric,raw,mean,0.6401,0.7359,0.8324,0.8953,0.7778
1656,AL_20,AL,numeric,sig4figs,mean,0.6401,0.7359,0.8324,0.8953,0.7778
1657,AL_224,AL,numeric,raw,median,0.6448,0.7359,0.8324,0.8953,0.7778
1658,AL_64,AL,numeric,significand,mean,0.4835,0.7172,0.8323,0.9581,0.7357
1659,AL_64,AL,numeric,significand,median,0.4835,0.7172,0.8323,0.9581,0.7357
1660,AL_70,AL,numeric,raw,mean,0.4835,0.7172,0.8323,0.9581,0.7357
1661,AL_70,AL,numeric,sig4figs,mean,0.4835,0.7172,0.8323,0.9581,0.7357
1662,AL_178,AL,numeric,significand,mean,0.493,0.7172,0.8323,0.9581,0.7357
1663,AL_302,AL,numeric,sig4figs,mean,0.4432,0.7172,0.8323,0.9581,0.7357
1664,AL_13,AL,numeric,significand,mean,0.3903,0.724,0.8323,0.9349,0.75
1665,AL_184,AL,numeric,raw,median,0.6639,0.724,0.8323,0.9349,0.75
1666,AL_70,AL,numeric,significand,mean,0.4835,0.7155,0.8322,0.9628,0.7327
1667,AL_49,AL,numeric,significand,mean,0.4835,0.7138,0.832,0.9674,0.7298
1668,AL_61,AL,numeric,significand,mean,0.4835,0.7138,0.832,0.9674,0.7298
1669,AL_46,AL,numeric,significand,mean,0.4835,0.7172,0.832,0.9558,0.7366
1670,AL_271,AL,numeric,significand,mean,0.6448,0.7206,0.832,0.9442,0.7436
1671,AL_82,AL,numeric,raw,mean,0.5916,0.724,0.832,0.9326,0.7509
1672,AL_230,AL,numeric,raw,median,0.6448,0.724,0.832,0.9326,0.7509
1673,AL_230,AL,numeric,sig4figs,median,0.6448,0.724,0.832,0.9326,0.7509
1674,AL_327,AL,numeric,sig4figs,mean,0.4432,0.7274,0.8319,0.9209,0.7586
1675,AL_224,AL,numeric,sig4figs,median,0.6448,0.7342,0.8319,0.8977,0.7751
1676,AL_15,AL,numeric,significand,mean,0.3903,0.7155,0.8318,0.9605,0.7336
1677,AL_15,AL,numeric,significand,median,0.3903,0.7155,0.8318,0.9605,0.7336
1678,AL_106,AL,numeric,sig4figs,mean,0.493,0.7189,0.8318,0.9488,0.7405
1679,AL_302,AL,numeric,raw,median,0.4432,0.7189,0.8318,0.9488,0.7405
1680,AL_302,AL,numeric,sig4figs,median,0.4432,0.7189,0.8318,0.9488,0.7405
1681,AL_184,AL,numeric,significand,median,0.6639,0.7223,0.8318,0.9372,0.7477
1682,AL_331,AL,numeric,raw,mean,0.4432,0.7223,0.8318,0.9372,0.7477
1683,AL_76,AL,numeric,raw,mean,0.5916,0.7257,0.8318,0.9256,0.7552
1684,AL_211,AL,numeric,significand,median,0.6448,0.7257,0.8318,0.9256,0.7552
1685,AL_70,AL,numeric,raw,median,0.4835,0.7172,0.8316,0.9535,0.7374
1686,AL_70,AL,numeric,sig4figs,median,0.4835,0.7172,0.8316,0.9535,0.7374
1687,AL_145,AL,numeric,significand,median,0.493,0.7172,0.8316,0.9535,0.7374
1688,AL_302,AL,numeric,raw,mean,0.4432,0.7172,0.8316,0.9535,0.7374
1689,AL_271,AL,numeric,significand,median,0.6448,0.7206,0.8316,0.9419,0.7445
1690,AL_142,AL,numeric,sig4figs,median,0.493,0.724,0.8316,0.9302,0.7519
1691,AL_178,AL,numeric,raw,mean,0.493,0.724,0.8316,0.9302,0.7519
1692,AL_178,AL,numeric,sig4figs,mean,0.493,0.724,0.8316,0.9302,0.7519
1693,AL_262,AL,numeric,raw,median,0.6448,0.724,0.8316,0.9302,0.7519
1694,AL_67,AL,numeric,raw,median,0.4835,0.7155,0.8315,0.9581,0.7344
1695,AL_67,AL,numeric,sig4figs,median,0.4835,0.7155,0.8315,0.9581,0.7344
1696,AL_175,AL,numeric,sig4figs,median,0.493,0.7189,0.8315,0.9465,0.7413
1697,AL_331,AL,numeric,sig4figs,mean,0.4432,0.7223,0.8314,0.9349,0.7486
1698,AL_296,AL,numeric,sig4figs,mean,0.4432,0.7257,0.8314,0.9233,0.7562
1699,AL_58,AL,numeric,significand,median,0.4835,0.7138,0.8313,0.9628,0.7314
1700,AL_304,AL,numeric,raw,mean,0.4432,0.7138,0.8313,0.9628,0.7314
1701,AL_304,AL,numeric,sig4figs,mean,0.4432,0.7138,0.8313,0.9628,0.7314
1702,AL_106,AL,numeric,significand,mean,0.493,0.7172,0.8313,0.9512,0.7383
1703,AL_124,AL,numeric,sig4figs,median,0.493,0.7206,0.8313,0.9395,0.7454
1704,AL_76,AL,numeric,sig4figs,mean,0.5916,0.724,0.8312,0.9279,0.7528
1705,AL_262,AL,numeric,sig4figs,median,0.6448,0.724,0.8312,0.9279,0.7528
1706,AL_287,AL,numeric,significand,median,0.666,0.7274,0.8312,0.9163,0.7606
1707,AL_52,AL,numeric,significand,mean,0.4835,0.7121,0.8312,0.9674,0.7285
1708,AL_61,AL,numeric,significand,median,0.4835,0.7121,0.8312,0.9674,0.7285
1709,AL_40,AL,numeric,raw,median,0.4835,0.7189,0.8311,0.9442,0.7422
1710,AL_40,AL,numeric,sig4figs,median,0.4835,0.7189,0.8311,0.9442,0.7422
1711,AL_175,AL,numeric,raw,median,0.493,0.7189,0.8311,0.9442,0.7422
1712,AL_306,AL,numeric,significand,median,0.4432,0.7189,0.8311,0.9442,0.7422
1713,AL_287,AL,numeric,significand,mean,0.666,0.7257,0.8311,0.9209,0.7572
1714,AL_9,AL,numeric,raw,median,0.3903,0.7172,0.831,0.9488,0.7391
1715,AL_79,AL,numeric,sig4figs,median,0.5916,0.7206,0.8309,0.9372,0.7463
1716,AL_124,AL,numeric,raw,median,0.493,0.7206,0.8309,0.9372,0.7463
1717,AL_207,AL,numeric,sig4figs,median,0.6448,0.7206,0.8309,0.9372,0.7463
1718,AL_291,AL,numeric,significand,median,0.6448,0.7206,0.8309,0.9372,0.7463
1719,AL_52,AL,numeric,significand,median,0.4835,0.7121,0.8308,0.9651,0.7293
1720,AL_172,AL,numeric,sig4figs,mean,0.493,0.7155,0.8308,0.9535,0.7361
1721,AL_142,AL,numeric,raw,median,0.493,0.7223,0.8307,0.9302,0.7505
1722,AL_43,AL,numeric,raw,median,0.4835,0.7172,0.8306,0.9465,0.74
1723,AL_43,AL,numeric,sig4figs,median,0.4835,0.7172,0.8306,0.9465,0.74
1724,AL_58,AL,numeric,sig4figs,mean,0.4835,0.7172,0.8306,0.9465,0.74
1725,AL_106,AL,numeric,raw,mean,0.493,0.7172,0.8306,0.9465,0.74
1726,AL_172,AL,numeric,sig4figs,median,0.493,0.7172,0.8306,0.9465,0.74
1727,AL_184,AL,numeric,significand,mean,0.6639,0.7206,0.8306,0.9349,0.7472
1728,AL_106,AL,numeric,significand,median,0.493,0.7155,0.8305,0.9512,0.7369
1729,AL_145,AL,numeric,significand,mean,0.493,0.7155,0.8305,0.9512,0.7369
1730,AL_315,AL,numeric,significand,median,0.4432,0.7189,0.8304,0.9395,0.744
1731,AL_211,AL,numeric,raw,median,0.6448,0.7223,0.8304,0.9279,0.7514
1732,AL_139,AL,numeric,raw,mean,0.493,0.7172,0.8303,0.9442,0.7409
1733,AL_139,AL,numeric,sig4figs,mean,0.493,0.7172,0.8303,0.9442,0.7409
1734,AL_283,AL,numeric,significand,mean,0.6448,0.724,0.8302,0.9209,0.7557
1735,AL_73,AL,numeric,significand,mean,0.4835,0.7121,0.8302,0.9605,0.731
1736,AL_148,AL,numeric,raw,mean,0.493,0.7155,0.8301,0.9488,0.7378
1737,AL_148,AL,numeric,sig4figs,mean,0.493,0.7155,0.8301,0.9488,0.7378
1738,AL_203,AL,numeric,significand,median,0.6448,0.7138,0.83,0.9535,0.7348
1739,EK_5,EK,numeric,sig4figs,median,0.1225,0.7172,0.8299,0.9419,0.7418
1740,AL_23,AL,numeric,sig4figs,mean,0.6397,0.7325,0.8299,0.8907,0.7769
1741,AL_291,AL,numeric,significand,mean,0.6448,0.7206,0.8299,0.9302,0.7491
1742,AL_207,AL,numeric,raw,median,0.6448,0.7189,0.8297,0.9349,0.7458
1743,AL_302,AL,numeric,significand,median,0.4432,0.7189,0.8297,0.9349,0.7458
1744,AL_49,AL,numeric,significand,median,0.4835,0.7104,0.8297,0.9628,0.7289
1745,AL_172,AL,numeric,raw,mean,0.493,0.7138,0.8296,0.9512,0.7356
1746,EK_7,EK,numeric,significand,mean,0.1225,0.724,0.8295,0.9163,0.7577
1747,EK_7,EK,numeric,significand,median,0.1225,0.724,0.8295,0.9163,0.7577
1748,AL_58,AL,numeric,raw,mean,0.4835,0.7155,0.8294,0.9442,0.7395
1749,AL_172,AL,numeric,raw,median,0.493,0.7155,0.8294,0.9442,0.7395
1750,AL_315,AL,numeric,raw,mean,0.4432,0.7155,0.8294,0.9442,0.7395
1751,AL_302,AL,numeric,significand,mean,0.4432,0.7189,0.8294,0.9326,0.7467
1752,AL_169,AL,numeric,significand,mean,0.493,0.7138,0.8293,0.9488,0.7365
1753,AL_190,AL,numeric,significand,mean,0.6448,0.7138,0.8293,0.9488,0.7365
1754,AL_203,AL,numeric,significand,mean,0.6448,0.7138,0.8293,0.9488,0.7365
1755,AL_58,AL,numeric,sig4figs,median,0.4835,0.7172,0.8292,0.9372,0.7435
1756,AL_199,AL,numeric,significand,median,0.6448,0.7206,0.8292,0.9256,0.7509
1757,AL_24,AL,numeric,sig4figs,mean,0.6401,0.7325,0.8292,0.886,0.7791
1758,AL_13,AL,numeric,raw,mean,0.3903,0.7155,0.8291,0.9419,0.7404
1759,AL_13,AL,numeric,sig4figs,mean,0.3903,0.7155,0.8291,0.9419,0.7404
1760,AL_306,AL,numeric,significand,mean,0.4432,0.7155,0.8291,0.9419,0.7404
1761,AL_235,AL,numeric,significand,mean,0.6448,0.7223,0.829,0.9186,0.7553
1762,AL_298,AL,numeric,raw,mean,0.4432,0.7172,0.8289,0.9349,0.7444
1763,AL_79,AL,numeric,sig4figs,mean,0.5916,0.7206,0.8288,0.9233,0.7519
1764,AL_13,AL,numeric,raw,median,0.3903,0.7155,0.8287,0.9395,0.7413
1765,AL_13,AL,numeric,sig4figs,median,0.3903,0.7155,0.8287,0.9395,0.7413
1766,AL_148,AL,numeric,significand,median,0.493,0.7155,0.8287,0.9395,0.7413
1767,AL_235,AL,numeric,raw,mean,0.6448,0.7155,0.8287,0.9395,0.7413
1768,AL_235,AL,numeric,sig4figs,mean,0.6448,0.7155,0.8287,0.9395,0.7413
1769,AL_315,AL,numeric,raw,median,0.4432,0.7155,0.8287,0.9395,0.7413
1770,AL_203,AL,numeric,raw,median,0.6448,0.7189,0.8287,0.9279,0.7486
1771,AL_203,AL,numeric,sig4figs,median,0.6448,0.7189,0.8287,0.9279,0.7486
1772,AL_9,AL,numeric,significand,mean,0.3903,0.7138,0.8286,0.9442,0.7382
1773,AL_88,AL,numeric,sig4figs,median,0.5916,0.7138,0.8286,0.9442,0.7382
1774,AL_130,AL,numeric,significand,mean,0.493,0.7138,0.8286,0.9442,0.7382
1775,AL_315,AL,numeric,sig4figs,mean,0.4432,0.7138,0.8286,0.9442,0.7382
1776,AL_319,AL,numeric,significand,mean,0.4432,0.7138,0.8286,0.9442,0.7382
1777,AL_319,AL,numeric,significand,median,0.4432,0.7138,0.8286,0.9442,0.7382
1778,AL_22,AL,numeric,significand,median,0.6401,0.7257,0.8285,0.9047,0.7642
1779,AL_151,AL,numeric,sig4figs,median,0.493,0.7206,0.8285,0.9209,0.7529
1780,AL_115,AL,numeric,raw,mean,0.493,0.7121,0.8284,0.9488,0.7351
1781,AL_115,AL,numeric,sig4figs,mean,0.493,0.7121,0.8284,0.9488,0.7351
1782,AL_287,AL,numeric,sig4figs,mean,0.666,0.724,0.8284,0.9093,0.7607
1783,AL_7,AL,numeric,raw,mean,0.3903,0.7155,0.8284,0.9372,0.7422
1784,AL_136,AL,numeric,raw,mean,0.493,0.7189,0.8283,0.9256,0.7495
1785,AL_136,AL,numeric,sig4figs,mean,0.493,0.7189,0.8283,0.9256,0.7495
1786,AL_296,AL,numeric,significand,mean,0.4432,0.7189,0.8283,0.9256,0.7495
1787,AL_296,AL,numeric,raw,median,0.4432,0.7223,0.8282,0.914,0.7572
1788,AL_130,AL,numeric,significand,median,0.493,0.7138,0.8282,0.9419,0.7391
1789,AL_46,AL,numeric,raw,mean,0.4835,0.7172,0.8282,0.9302,0.7463
1790,AL_224,AL,numeric,significand,mean,0.6448,0.7172,0.8282,0.9302,0.7463
1791,AL_16,AL,numeric,raw,mean,0.6397,0.7291,0.8281,0.8907,0.7737
1792,AL_16,AL,numeric,sig4figs,mean,0.6397,0.7291,0.8281,0.8907,0.7737
1793,AL_211,AL,numeric,sig4figs,median,0.6448,0.7206,0.8281,0.9186,0.7538
1794,AL_124,AL,numeric,significand,median,0.493,0.7121,0.8281,0.9465,0.736
1795,AL_25,AL,numeric,raw,mean,0.6401,0.724,0.828,0.907,0.7617
1796,AL_58,AL,numeric,raw,median,0.4835,0.7155,0.828,0.9349,0.7431
1797,AL_73,AL,numeric,raw,median,0.4835,0.7155,0.828,0.9349,0.7431
1798,AL_73,AL,numeric,sig4figs,median,0.4835,0.7155,0.828,0.9349,0.7431
1799,AL_127,AL,numeric,significand,median,0.493,0.7104,0.8279,0.9512,0.733
1800,AL_169,AL,numeric,sig4figs,mean,0.493,0.7138,0.8279,0.9395,0.7399
1801,AL_315,AL,numeric,sig4figs,median,0.4432,0.7138,0.8279,0.9395,0.7399
1802,AL_55,AL,numeric,significand,mean,0.4835,0.7087,0.8278,0.9558,0.73
1803,AL_85,AL,numeric,raw,median,0.5916,0.7121,0.8277,0.9442,0.7368
1804,AL_85,AL,numeric,sig4figs,median,0.5916,0.7121,0.8277,0.9442,0.7368
1805,AL_22,AL,numeric,significand,mean,0.6401,0.724,0.8277,0.9047,0.7627
1806,AL_298,AL,numeric,sig4figs,mean,0.4432,0.7155,0.8277,0.9326,0.744
1807,AL_166,AL,numeric,raw,median,0.493,0.7189,0.8276,0.9209,0.7514
1808,AL_166,AL,numeric,sig4figs,median,0.493,0.7189,0.8276,0.9209,0.7514
1809,AL_24,AL,numeric,raw,mean,0.6401,0.7274,0.8276,0.893,0.7711
1810,AL_109,AL,numeric,significand,mean,0.493,0.7138,0.8275,0.9372,0.7408
1811,AL_9,AL,numeric,significand,median,0.3903,0.7121,0.8274,0.9419,0.7377
1812,AL_9,AL,numeric,sig4figs,median,0.3903,0.7104,0.8272,0.9465,0.7347
1813,AL_23,AL,numeric,raw,median,0.6397,0.7274,0.8272,0.8907,0.7722
1814,AL_23,AL,numeric,sig4figs,median,0.6397,0.7274,0.8272,0.8907,0.7722
1815,AL_169,AL,numeric,raw,mean,0.493,0.7138,0.8272,0.9349,0.7417
1816,AL_169,AL,numeric,sig4figs,median,0.493,0.7138,0.8272,0.9349,0.7417
1817,AL_323,AL,numeric,raw,median,0.4432,0.7138,0.8272,0.9349,0.7417
1818,AL_323,AL,numeric,sig4figs,median,0.4432,0.7138,0.8272,0.9349,0.7417
1819,AL_296,AL,numeric,raw,mean,0.4432,0.7223,0.8271,0.907,0.7602
1820,AL_24,AL,numeric,sig4figs,median,0.6401,0.7308,0.8271,0.8791,0.781
1821,AL_160,AL,numeric,significand,median,0.493,0.7087,0.8271,0.9512,0.7317
1822,AL_306,AL,numeric,raw,median,0.4432,0.7206,0.827,0.9116,0.7568
1823,AL_24,AL,numeric,raw,median,0.6401,0.7291,0.827,0.8837,0.7771
1824,AL_169,AL,numeric,significand,median,0.493,0.7104,0.8269,0.9442,0.7355
1825,AL_25,AL,numeric,sig4figs,mean,0.6401,0.7223,0.8268,0.9047,0.7613
1826,AL_181,AL,numeric,significand,median,0.493,0.7087,0.8267,0.9488,0.7325
1827,AL_7,AL,numeric,raw,median,0.3903,0.7121,0.8267,0.9372,0.7394
1828,AL_64,AL,numeric,raw,mean,0.4835,0.7121,0.8267,0.9372,0.7394
1829,AL_160,AL,numeric,raw,mean,0.493,0.7155,0.8266,0.9256,0.7467
1830,AL_166,AL,numeric,significand,mean,0.493,0.7104,0.8265,0.9419,0.7364
1831,AL_166,AL,numeric,significand,median,0.493,0.7104,0.8265,0.9419,0.7364
1832,AL_46,AL,numeric,sig4figs,mean,0.4835,0.7138,0.8264,0.9302,0.7435
1833,AL_160,AL,numeric,sig4figs,mean,0.493,0.7138,0.8264,0.9302,0.7435
1834,AL_169,AL,numeric,raw,median,0.493,0.7138,0.8264,0.9302,0.7435
1835,AL_19,AL,numeric,significand,mean,0.6397,0.7223,0.8264,0.9023,0.7623
1836,AL_109,AL,numeric,significand,median,0.493,0.7121,0.8263,0.9349,0.7403
1837,AL_55,AL,numeric,significand,median,0.4835,0.707,0.8263,0.9512,0.7304
1838,AL_306,AL,numeric,sig4figs,median,0.4432,0.7189,0.8261,0.9116,0.7553
1839,AL_11,AL,numeric,sig4figs,mean,0.3903,0.7138,0.8261,0.9279,0.7444
1840,AL_283,AL,numeric,raw,mean,0.6448,0.7138,0.8261,0.9279,0.7444
1841,AL_283,AL,numeric,sig4figs,mean,0.6448,0.7138,0.8261,0.9279,0.7444
1842,AL_16,AL,numeric,raw,median,0.6397,0.7257,0.8259,0.8884,0.7717
1843,AL_16,AL,numeric,sig4figs,median,0.6397,0.7257,0.8259,0.8884,0.7717
1844,AL_298,AL,numeric,raw,median,0.4432,0.7155,0.8259,0.9209,0.7486
1845,AL_298,AL,numeric,sig4figs,median,0.4432,0.7155,0.8259,0.9209,0.7486
1846,AL_64,AL,numeric,sig4figs,mean,0.4835,0.7104,0.8258,0.9372,0.7381
1847,AL_118,AL,numeric,significand,median,0.493,0.7138,0.8257,0.9256,0.7453
1848,AL_142,AL,numeric,sig4figs,mean,0.493,0.7138,0.8257,0.9256,0.7453
1849,AL_14,AL,numeric,significand,median,0.3903,0.7087,0.8257,0.9419,0.735
1850,AL_319,AL,numeric,raw,mean,0.4432,0.7087,0.8257,0.9419,0.735
1851,AL_207,AL,numeric,significand,mean,0.6448,0.7172,0.8256,0.914,0.7529
1852,AL_207,AL,numeric,significand,median,0.6448,0.7172,0.8256,0.914,0.7529
1853,AL_331,AL,numeric,significand,mean,0.4432,0.7121,0.8256,0.9302,0.7421
1854,AL_9,AL,numeric,raw,mean,0.3903,0.7104,0.8255,0.9349,0.739
1855,AL_9,AL,numeric,sig4figs,mean,0.3903,0.7104,0.8255,0.9349,0.739
1856,AL_154,AL,numeric,significand,median,0.493,0.7104,0.8255,0.9349,0.739
1857,AL_15,AL,numeric,raw,mean,0.3903,0.7121,0.8252,0.9279,0.743
1858,AL_160,AL,numeric,raw,median,0.493,0.7121,0.8252,0.9279,0.743
1859,AL_23,AL,numeric,significand,mean,0.6397,0.7257,0.8252,0.8837,0.7739
1860,AL_73,AL,numeric,raw,mean,0.4835,0.7104,0.8251,0.9326,0.7399
1861,AL_154,AL,numeric,significand,mean,0.493,0.7104,0.8251,0.9326,0.7399
1862,AL_46,AL,numeric,raw,median,0.4835,0.7138,0.825,0.9209,0.7472
1863,AL_121,AL,numeric,raw,mean,0.493,0.7138,0.825,0.9209,0.7472
1864,AL_121,AL,numeric,sig4figs,mean,0.493,0.7138,0.825,0.9209,0.7472
1865,AL_14,AL,numeric,significand,mean,0.3903,0.7087,0.825,0.9372,0.7367
1866,AL_142,AL,numeric,raw,mean,0.493,0.7121,0.8249,0.9256,0.7439
1867,AL_323,AL,numeric,raw,mean,0.4432,0.7121,0.8249,0.9256,0.7439
1868,AL_323,AL,numeric,sig4figs,mean,0.4432,0.7121,0.8249,0.9256,0.7439
1869,AL_319,AL,numeric,sig4figs,mean,0.4432,0.707,0.8248,0.9419,0.7337
1870,AL_175,AL,numeric,significand,median,0.493,0.7155,0.8248,0.914,0.7514
1871,AL_26,AL,numeric,significand,median,0.3702,0.7104,0.8247,0.9302,0.7407
1872,AL_175,AL,numeric,raw,mean,0.493,0.7104,0.8247,0.9302,0.7407
1873,AL_175,AL,numeric,sig4figs,mean,0.493,0.7104,0.8247,0.9302,0.7407
1874,AL_251,AL,numeric,significand,mean,0.6619,0.7138,0.8246,0.9186,0.7481
1875,AL_327,AL,numeric,significand,median,0.4432,0.7172,0.8245,0.907,0.7558
1876,AL_11,AL,numeric,sig4figs,median,0.3903,0.7121,0.8245,0.9233,0.7448
1877,AL_118,AL,numeric,significand,mean,0.493,0.7121,0.8245,0.9233,0.7448
1878,AL_121,AL,numeric,raw,median,0.493,0.7121,0.8245,0.9233,0.7448
1879,AL_121,AL,numeric,sig4figs,median,0.493,0.7121,0.8245,0.9233,0.7448
1880,AL_19,AL,numeric,significand,median,0.6397,0.7206,0.8244,0.8953,0.7639
1881,AL_109,AL,numeric,sig4figs,median,0.493,0.7104,0.8244,0.9279,0.7416
1882,AL_136,AL,numeric,significand,mean,0.493,0.7104,0.8244,0.9279,0.7416
1883,AL_136,AL,numeric,significand,median,0.493,0.7104,0.8244,0.9279,0.7416
1884,AL_127,AL,numeric,significand,mean,0.493,0.7053,0.8244,0.9442,0.7315
1885,AL_247,AL,numeric,raw,median,0.6448,0.7138,0.8243,0.9163,0.749
1886,AL_247,AL,numeric,sig4figs,median,0.6448,0.7138,0.8243,0.9163,0.749
1887,AL_251,AL,numeric,significand,median,0.6619,0.7138,0.8243,0.9163,0.749
1888,AL_160,AL,numeric,sig4figs,median,0.493,0.7087,0.8243,0.9326,0.7385
1889,AL_145,AL,numeric,raw,mean,0.493,0.7121,0.8241,0.9209,0.7458
1890,AL_145,AL,numeric,sig4figs,mean,0.493,0.7121,0.8241,0.9209,0.7458
1891,AL_226,AL,numeric,significand,median,0.6448,0.7121,0.8241,0.9209,0.7458
1892,AL_124,AL,numeric,significand,mean,0.493,0.707,0.8241,0.9372,0.7354
1893,AL_15,AL,numeric,raw,median,0.3903,0.7104,0.824,0.9256,0.7425
1894,AL_91,AL,numeric,significand,median,0.5916,0.7104,0.824,0.9256,0.7425
1895,AL_64,AL,numeric,raw,median,0.4835,0.7053,0.824,0.9419,0.7324
1896,AL_64,AL,numeric,sig4figs,median,0.4835,0.7053,0.824,0.9419,0.7324
1897,AL_25,AL,numeric,raw,median,0.6401,0.7189,0.8239,0.8977,0.7613
1898,AL_25,AL,numeric,sig4figs,median,0.6401,0.7189,0.8239,0.8977,0.7613
1899,AL_175,AL,numeric,significand,mean,0.493,0.7121,0.8238,0.9186,0.7467
1900,AL_296,AL,numeric,significand,median,0.4432,0.7121,0.8238,0.9186,0.7467
1901,AL_85,AL,numeric,raw,mean,0.5916,0.707,0.8238,0.9349,0.7363
1902,AL_85,AL,numeric,sig4figs,mean,0.5916,0.707,0.8238,0.9349,0.7363
1903,AL_148,AL,numeric,raw,median,0.493,0.707,0.8238,0.9349,0.7363
1904,AL_148,AL,numeric,sig4figs,median,0.493,0.707,0.8238,0.9349,0.7363
1905,AL_172,AL,numeric,significand,mean,0.493,0.707,0.8238,0.9349,0.7363
1906,AL_11,AL,numeric,raw,mean,0.3903,0.7104,0.8237,0.9233,0.7434
1907,AL_91,AL,numeric,significand,mean,0.5916,0.7104,0.8237,0.9233,0.7434
1908,AL_145,AL,numeric,sig4figs,median,0.493,0.7104,0.8237,0.9233,0.7434
1909,AL_160,AL,numeric,significand,mean,0.493,0.7036,0.8235,0.9442,0.7302
1910,AL_7,AL,numeric,sig4figs,mean,0.3903,0.7087,0.8235,0.9279,0.7403
1911,AL_151,AL,numeric,raw,median,0.493,0.7138,0.8235,0.9116,0.751
1912,AL_319,AL,numeric,sig4figs,median,0.4432,0.707,0.8234,0.9326,0.7371
1913,AL_133,AL,numeric,sig4figs,mean,0.493,0.7121,0.8234,0.9163,0.7476
1914,AL_46,AL,numeric,sig4figs,median,0.4835,0.7104,0.8233,0.9209,0.7444
1915,AL_262,AL,numeric,significand,median,0.6448,0.7104,0.8233,0.9209,0.7444
1916,AL_211,AL,numeric,sig4figs,mean,0.6448,0.7155,0.8233,0.9047,0.7553
1917,AL_109,AL,numeric,raw,median,0.493,0.7087,0.8232,0.9256,0.7412
1918,AL_67,AL,numeric,significand,mean,0.4835,0.7019,0.8231,0.9465,0.7281
1919,AL_319,AL,numeric,raw,median,0.4432,0.707,0.823,0.9302,0.738
1920,AL_100,AL,numeric,significand,mean,0.493,0.7087,0.8228,0.9233,0.7421
1921,AL_279,AL,numeric,significand,median,0.6448,0.7087,0.8228,0.9233,0.7421
1922,AL_211,AL,numeric,raw,mean,0.6448,0.7138,0.8228,0.907,0.7529
1923,AL_157,AL,numeric,significand,mean,0.493,0.7053,0.8226,0.9326,0.7358
1924,AL_10,AL,numeric,raw,median,0.3903,0.7087,0.8224,0.9209,0.743
1925,AL_323,AL,numeric,significand,median,0.4432,0.7087,0.8224,0.9209,0.743
1926,AL_112,AL,numeric,raw,median,0.493,0.7104,0.8222,0.914,0.7471
1927,AL_112,AL,numeric,sig4figs,median,0.493,0.7104,0.8222,0.914,0.7471
1928,AL_11,AL,numeric,raw,median,0.3903,0.7087,0.8221,0.9186,0.7439
1929,AL_262,AL,numeric,significand,mean,0.6448,0.7087,0.8221,0.9186,0.7439
1930,AL_18,AL,numeric,significand,mean,0.6397,0.7189,0.822,0.886,0.7666
1931,AL_100,AL,numeric,significand,median,0.493,0.707,0.8219,0.9233,0.7407
1932,AL_115,AL,numeric,significand,median,0.493,0.707,0.8219,0.9233,0.7407
1933,AL_230,AL,numeric,raw,mean,0.6448,0.7121,0.8219,0.907,0.7514
1934,AL_230,AL,numeric,sig4figs,mean,0.6448,0.7121,0.8219,0.907,0.7514
1935,AL_23,AL,numeric,significand,median,0.6397,0.7172,0.8219,0.8907,0.7629
1936,AL_7,AL,numeric,sig4figs,median,0.3903,0.7053,0.8218,0.9279,0.7375
1937,AL_85,AL,numeric,significand,median,0.5916,0.7053,0.8218,0.9279,0.7375
1938,AL_331,AL,numeric,significand,median,0.4432,0.7053,0.8218,0.9279,0.7375
1939,AL_15,AL,numeric,sig4figs,mean,0.3903,0.7036,0.8217,0.9326,0.7344
1940,AL_112,AL,numeric,raw,mean,0.493,0.7087,0.8217,0.9163,0.7448
1941,AL_112,AL,numeric,sig4figs,mean,0.493,0.7087,0.8217,0.9163,0.7448
1942,AL_323,AL,numeric,significand,mean,0.4432,0.7087,0.8217,0.9163,0.7448
1943,AL_181,AL,numeric,significand,mean,0.493,0.7019,0.8216,0.9372,0.7314
1944,AL_181,AL,numeric,raw,mean,0.493,0.707,0.8216,0.9209,0.7416
1945,AL_181,AL,numeric,sig4figs,mean,0.493,0.707,0.8216,0.9209,0.7416
1946,AL_136,AL,numeric,raw,median,0.493,0.7104,0.8214,0.9093,0.749
1947,AL_136,AL,numeric,sig4figs,median,0.493,0.7104,0.8214,0.9093,0.749
1948,AL_327,AL,numeric,significand,mean,0.4432,0.7104,0.8214,0.9093,0.749
1949,AL_154,AL,numeric,sig4figs,mean,0.493,0.7019,0.8212,0.9349,0.7322
1950,AL_10,AL,numeric,significand,mean,0.3903,0.7002,0.8211,0.9395,0.7292
1951,AL_67,AL,numeric,significand,median,0.4835,0.7002,0.8211,0.9395,0.7292
1952,AL_115,AL,numeric,raw,median,0.493,0.7002,0.8211,0.9395,0.7292
1953,AL_115,AL,numeric,sig4figs,median,0.493,0.7002,0.8211,0.9395,0.7292
1954,AL_26,AL,numeric,significand,mean,0.3702,0.7053,0.8211,0.9233,0.7393
1955,AL_103,AL,numeric,significand,mean,0.493,0.7053,0.8211,0.9233,0.7393
1956,AL_127,AL,numeric,sig4figs,mean,0.493,0.7053,0.8211,0.9233,0.7393
1957,AL_247,AL,numeric,sig4figs,mean,0.6448,0.7104,0.8211,0.907,0.75
1958,AL_145,AL,numeric,raw,median,0.493,0.707,0.8208,0.9163,0.7434
1959,AL_8,AL,numeric,significand,mean,0.3903,0.7002,0.8208,0.9372,0.7301
1960,AL_10,AL,numeric,raw,mean,0.3903,0.707,0.8205,0.914,0.7443
1961,AL_10,AL,numeric,sig4figs,mean,0.3903,0.707,0.8205,0.914,0.7443
1962,AL_139,AL,numeric,raw,median,0.493,0.707,0.8205,0.914,0.7443
1963,AL_139,AL,numeric,sig4figs,median,0.493,0.707,0.8205,0.914,0.7443
1964,AL_10,AL,numeric,sig4figs,median,0.3903,0.7053,0.8204,0.9186,0.7411
1965,AL_298,AL,numeric,significand,mean,0.4432,0.7053,0.8204,0.9186,0.7411
1966,AL_133,AL,numeric,sig4figs,median,0.493,0.7087,0.8202,0.907,0.7486
1967,AL_15,AL,numeric,sig4figs,median,0.3903,0.7019,0.8201,0.9279,0.7348
1968,AL_142,AL,numeric,significand,mean,0.493,0.7019,0.8201,0.9279,0.7348
1969,AL_21,AL,numeric,significand,mean,0.6401,0.707,0.8201,0.9116,0.7452
1970,AL_21,AL,numeric,significand,median,0.6401,0.707,0.8201,0.9116,0.7452
1971,AL_8,AL,numeric,significand,median,0.3903,0.7002,0.82,0.9326,0.7318
1972,AL_194,AL,numeric,significand,median,0.6448,0.7002,0.82,0.9326,0.7318
1973,AL_279,AL,numeric,significand,mean,0.6448,0.7053,0.82,0.9163,0.742
1974,AL_247,AL,numeric,raw,mean,0.6448,0.7087,0.8198,0.9047,0.7495
1975,AL_163,AL,numeric,significand,median,0.493,0.7002,0.8197,0.9302,0.7326
1976,AL_311,AL,numeric,raw,mean,0.4432,0.7036,0.8195,0.9186,0.7397
1977,AL_311,AL,numeric,sig4figs,mean,0.4432,0.7036,0.8195,0.9186,0.7397
1978,AL_154,AL,numeric,raw,mean,0.493,0.7002,0.8193,0.9279,0.7335
1979,AL_172,AL,numeric,significand,median,0.493,0.7002,0.8193,0.9279,0.7335
1980,AL_298,AL,numeric,significand,median,0.4432,0.7036,0.8191,0.9163,0.7406
1981,AL_85,AL,numeric,significand,mean,0.5916,0.7019,0.819,0.9209,0.7374
1982,AL_18,AL,numeric,significand,median,0.6397,0.7138,0.819,0.8837,0.7631
1983,AL_19,AL,numeric,raw,mean,0.6397,0.7138,0.819,0.8837,0.7631
1984,AL_19,AL,numeric,sig4figs,mean,0.6397,0.7138,0.819,0.8837,0.7631
1985,AL_157,AL,numeric,significand,median,0.493,0.7002,0.8189,0.9256,0.7343
1986,AL_127,AL,numeric,raw,median,0.493,0.7036,0.8188,0.914,0.7415
1987,AL_127,AL,numeric,sig4figs,median,0.493,0.7036,0.8188,0.914,0.7415
1988,AL_73,AL,numeric,sig4figs,mean,0.4835,0.6985,0.8185,0.9279,0.7321
1989,AL_194,AL,numeric,significand,mean,0.6448,0.6985,0.8185,0.9279,0.7321
1990,AL_10,AL,numeric,significand,median,0.3903,0.6968,0.8184,0.9326,0.7291
1991,AL_127,AL,numeric,raw,mean,0.493,0.7019,0.8183,0.9163,0.7392
1992,AL_11,AL,numeric,significand,mean,0.3903,0.6985,0.8181,0.9256,0.733
1993,AL_163,AL,numeric,significand,mean,0.493,0.6985,0.8181,0.9256,0.733
1994,AL_103,AL,numeric,raw,median,0.493,0.7036,0.818,0.9093,0.7433
1995,AL_109,AL,numeric,raw,mean,0.493,0.7002,0.8178,0.9186,0.7369
1996,AL_109,AL,numeric,sig4figs,mean,0.493,0.7002,0.8178,0.9186,0.7369
1997,AL_166,AL,numeric,raw,mean,0.493,0.7053,0.8177,0.9023,0.7476
1998,AL_166,AL,numeric,sig4figs,mean,0.493,0.7053,0.8177,0.9023,0.7476
1999,AL_226,AL,numeric,significand,mean,0.6448,0.7053,0.8177,0.9023,0.7476
2000,AL_24,AL,numeric,significand,median,0.6401,0.7121,0.8177,0.8814,0.7626
2001,AL_118,AL,numeric,raw,mean,0.493,0.6968,0.8176,0.9279,0.7308
2002,AL_118,AL,numeric,sig4figs,mean,0.493,0.6968,0.8176,0.9279,0.7308
2003,AL_142,AL,numeric,significand,median,0.493,0.6968,0.8176,0.9279,0.7308
2004,AL_20,AL,numeric,significand,median,0.6401,0.7104,0.8176,0.886,0.759
2005,AL_139,AL,numeric,significand,median,0.493,0.7002,0.8174,0.9163,0.7378
2006,AL_25,AL,numeric,significand,mean,0.6401,0.7138,0.8174,0.8744,0.7673
2007,AL_17,AL,numeric,sig4figs,mean,0.6397,0.7104,0.8172,0.8837,0.76
2008,AL_103,AL,numeric,significand,median,0.493,0.7002,0.817,0.914,0.7387
2009,AL_139,AL,numeric,significand,mean,0.493,0.7002,0.817,0.914,0.7387
2010,AL_25,AL,numeric,significand,median,0.6401,0.7121,0.8169,0.8767,0.7647
2011,AL_20,AL,numeric,significand,mean,0.6401,0.707,0.8166,0.8907,0.7539
2012,AL_181,AL,numeric,raw,median,0.493,0.6985,0.8166,0.9163,0.7364
2013,AL_181,AL,numeric,sig4figs,median,0.493,0.6985,0.8166,0.9163,0.7364
2014,AL_100,AL,numeric,raw,median,0.493,0.6968,0.8165,0.9209,0.7333
2015,AL_100,AL,numeric,sig4figs,median,0.493,0.6968,0.8165,0.9209,0.7333
2016,AL_24,AL,numeric,significand,mean,0.6401,0.7104,0.8164,0.8791,0.7621
2017,AL_17,AL,numeric,sig4figs,median,0.6397,0.7087,0.8163,0.8837,0.7585
2018,AL_133,AL,numeric,raw,mean,0.493,0.7002,0.8163,0.9093,0.7405
2019,AL_11,AL,numeric,significand,median,0.3903,0.6951,0.8157,0.9209,0.732
2020,AL_130,AL,numeric,raw,mean,0.493,0.6951,0.8157,0.9209,0.732
2021,AL_130,AL,numeric,raw,median,0.493,0.6951,0.8157,0.9209,0.732
2022,AL_130,AL,numeric,sig4figs,mean,0.493,0.6951,0.8157,0.9209,0.732
2023,AL_154,AL,numeric,raw,median,0.493,0.6951,0.8153,0.9186,0.7328
2024,AL_154,AL,numeric,sig4figs,median,0.493,0.6951,0.8153,0.9186,0.7328
2025,AL_311,AL,numeric,significand,median,0.4432,0.6951,0.8153,0.9186,0.7328
2026,AL_133,AL,numeric,raw,median,0.493,0.7019,0.8152,0.8977,0.7466
2027,AL_12,AL,numeric,significand,median,0.3903,0.6934,0.8152,0.9233,0.7298
2028,AL_121,AL,numeric,significand,mean,0.493,0.6934,0.8152,0.9233,0.7298
2029,AL_133,AL,numeric,significand,mean,0.493,0.6951,0.8149,0.9163,0.7337
2030,AL_94,AL,numeric,significand,median,0.5916,0.6934,0.8148,0.9209,0.7306
2031,AL_21,AL,numeric,raw,mean,0.6401,0.7104,0.8148,0.8698,0.7664
2032,AL_21,AL,numeric,raw,median,0.6401,0.7087,0.8147,0.8744,0.7627
2033,AL_115,AL,numeric,significand,mean,0.493,0.6968,0.8146,0.9093,0.7377
2034,AL_21,AL,numeric,sig4figs,mean,0.6401,0.7104,0.8144,0.8674,0.7675
2035,AL_21,AL,numeric,sig4figs,median,0.6401,0.7087,0.8143,0.8721,0.7637
2036,AL_94,AL,numeric,significand,mean,0.5916,0.6917,0.8136,0.9186,0.7301
2037,AL_311,AL,numeric,raw,median,0.4432,0.6951,0.8133,0.907,0.7372
2038,AL_311,AL,numeric,sig4figs,median,0.4432,0.6951,0.8133,0.907,0.7372
2039,AL_130,AL,numeric,sig4figs,median,0.493,0.6917,0.8124,0.9116,0.7327
2040,AL_12,AL,numeric,significand,mean,0.3903,0.6882,0.8123,0.9209,0.7266
2041,AL_17,AL,numeric,raw,mean,0.6397,0.7019,0.812,0.8791,0.7545
2042,AL_311,AL,numeric,significand,mean,0.4432,0.6899,0.812,0.914,0.7305
2043,AL_118,AL,numeric,raw,median,0.493,0.6951,0.8118,0.8977,0.7409
2044,AL_118,AL,numeric,sig4figs,median,0.493,0.6951,0.8118,0.8977,0.7409
2045,AL_121,AL,numeric,significand,median,0.493,0.6882,0.8115,0.9163,0.7283
2046,AL_19,AL,numeric,raw,median,0.6397,0.7019,0.8112,0.8744,0.7565
2047,AL_17,AL,numeric,raw,median,0.6397,0.7002,0.8112,0.8791,0.753
2048,AL_112,AL,numeric,significand,mean,0.493,0.6882,0.8104,0.9093,0.7308
2049,AL_112,AL,numeric,significand,median,0.493,0.6882,0.8104,0.9093,0.7308
2050,AL_16,AL,numeric,significand,median,0.6397,0.7002,0.8103,0.8744,0.755
2051,AL_18,AL,numeric,raw,mean,0.6397,0.6934,0.8101,0.893,0.7413
2052,AL_18,AL,numeric,sig4figs,mean,0.6397,0.6934,0.8101,0.893,0.7413
2053,AL_103,AL,numeric,raw,mean,0.493,0.6934,0.8101,0.893,0.7413
2054,AL_103,AL,numeric,sig4figs,median,0.493,0.6934,0.8101,0.893,0.7413
2055,AL_19,AL,numeric,sig4figs,median,0.6397,0.7002,0.8099,0.8721,0.756
2056,AL_103,AL,numeric,sig4figs,mean,0.493,0.6934,0.8097,0.8907,0.7422
2057,AL_133,AL,numeric,significand,median,0.493,0.6882,0.8092,0.9023,0.7335
2058,AL_100,AL,numeric,raw,mean,0.493,0.6848,0.8075,0.9023,0.7307
2059,AL_100,AL,numeric,sig4figs,mean,0.493,0.6848,0.8075,0.9023,0.7307
2060,AL_16,AL,numeric,significand,mean,0.6397,0.6951,0.8065,0.8674,0.7535
2061,AL_7,AL,numeric,significand,mean,0.3903,0.6848,0.8063,0.8953,0.7333
2062,AL_18,AL,numeric,raw,median,0.6397,0.6865,0.8047,0.8814,0.7402
2063,AL_18,AL,numeric,sig4figs,median,0.6397,0.6865,0.8047,0.8814,0.7402
2064,AL_7,AL,numeric,significand,median,0.3903,0.678,0.8025,0.893,0.7287
2065,AL_17,AL,numeric,significand,median,0.6397,0.6865,0.7987,0.8488,0.7541
2066,AL_17,AL,numeric,significand,mean,0.6397,0.678,0.7916,0.8349,0.7526
