1170208
789256
1140293
1170010
1167937
1115824
1122639
1166513
1169836
1170437
1170505
1090079
1114811
1164573
780745
782833
782834
770481
791106
475283
402986
387476
474141
263204
128291
263158
474098
263163
263165
210106
128294
263169
263173
703509
263179
128298
128299
541190
128304
474128
128305
703974
263183
263185
128309
387480
1429166
128312
243039
263195
703091
263199
128318
501491
474168
785731
474794
60484
1452181
582960
390636
281204
522415
996067
60491
789547
772646
732337
775486
1222088
2183763
1621206
3718656
734384
1670373
1165908
1348626
733125
1589334
749017
445553
3777766
1922845
998757
599454
753084
728840
1169213
788936
722916
781924
3893338
1229112
3388131
1253304
3130724
780746
1206350
767642
1675332
791764
791767
225696
1679823
2638045
721370
161192
1235425
2077449
718920
3019071
780208
771837
791769
716793
1424675
1594453
452797
521213
812755
224717
224716
633546
391609
224715
208722
224714
985590
1700090
224713
224711
976696
1708250
1518601
4264629
2347050
783273
2600360
2412913
529547
16213
460006
460007
714063
37259
37262
37261
39783
39786
139113
37258
1196933
224868
495053
513013
698565
213666
222820
213668
582886
409971
1020241
180522
213699
934214
162432
197887
296277
559056
559058
3336181
162434
280002
713841
770483
787198
737413
708734
712823
474437
227857
241420
391177
487582
227860
474407
227026
227862
474410
227027
800213
241426
510913
227865
474421
474423
373801
227034
507781
60727
780210
786447
719697
710836
785924
716608
711682
785926
791772
714065
475461
1168388
1165705
1194358
1170301
707355
772166
1274595
1166783
772336
475463
707262
707474
787731
778204
297784
196032
188389
220304
195610
240969
260550
462717
95675
95674
194659
240965
235419
260545
282763
215518
700098
500336
235474
1626035
260561
4227798
2638117
995782
995780
995774
1274153
783275
783276
668259
683327
1214312
508587
1320677
721600
716900
163412
178607
163413
1228456
676419
517052
508563
445819
1182246
728920
287488
393217
235230
384612
287487
285567
297951
297958
297959
297961
198895
198896
246065
297975
245659
246031
380863
1049375
709202
775497
767648
775498
1691186
773626
2061112
732186
377146
725147
730371
712671
724543
740766
2085753
788497
734976
732840
128565
2170333
770110
730882
2176695
714195
2058069
784438
1694487
728922
2178180
783921
774785
780748
779061
2638144
789550
709174
775499
252590
703804
465831
710834
791774
1333148
783922
2150683
522858
452391
4075321
224822
379827
1254418
2508585
2197161
2150642
1981930
1599420
2142929
2071327
1591489
235329
712884
445630
720247
2353890
2409097
2578561
721463
2412525
2322266
2353770
1644785
711834
789688
1669563
2076065
784927
775501
780761
771300
1601522
777320
773105
3635568
1584487
16131
784929
1590207
1600034
787734
781772
775503
785929
775507
1138980
657939
4684966
2733822
474031
753166
1026085
644329
642308
541085
474036
834882
440066
578525
132806
971212
132808
757064
474023
709503
941354
1406866
1457684
132807
4684967
582515
764550
424409
846790
541095
770679
88675
422410
724511
791146
37140
190977
982555
1062688
866255
1062684
37133
813196
845745
464670
707541
37134
778206
1752719
1107215
218862
283154
3024779
240956
240957
215880
697600
476785
696018
291567
215882
240959
1160690
1596004
876140
219797
240960
771301
777880
291672
197764
291676
291677
259439
1294667
1599392
2046564
2638207
2037442
1358774
709353
769503
2638213
1659621
784930
756100
774276
1651971
782357
786448
21483
21484
5232
21487
5236
5228
5234
21468
21474
21476
291777
291782
291783
291785
291786
729733
291801
291807
291808
716795
946411
1011091
417723
156709
520633
626213
242349
376129
156703
1296985
1296989
584432
156702
644674
224083
2672097
408296
1003859
695823
408300
217823
2638221
665147
1004066
696545
2504330
853988
1296997
408298
1191046
642819
1296993
376453
374796
376130
645465
642006
1212729
700252
648203
695361
650240
1022430
663820
1347038
762322
408307
946584
414904
663168
707196
240082
701588
951958
969369
291821
291822
291825
721203
725514
782971
775510
787735
787736
791147
2209212
281891
194071
2202701
2676834
697065
1098292
3521
579195
187892
654511
992586
1452549
222896
3523
657146
3522
3529
800827
1048667
187876
1445597
3519
996033
187872
187869
570071
187867
504083
1643105
1577005
769504
578290
469607
126847
1169995
415934
787694
722224
710871
811539
1679508
263938
196247
255804
514191
459822
263963
1351449
440170
263885
292304
1703435
14366
2270
994586
637495
2276
2268
408326
2281
637289
214652
476772
587402
1193107
217163
439897
217164
575387
801442
2279
835548
801443
30736
847704
637741
585714
243066
637496
1299489
202171
155730
637279
449524
1456072
245809
2271
199133
2274
422500
418294
864426
30738
2278
572157
245944
217161
637292
193898
194091
643956
138217
2280
575589
573744
637283
2269
476769
713174
775129
731578
734527
780214
789690
1541963
784931
716268
1596131
2049485
1553443
1599180
711685
1599589
1599749
561198
2722874
1245628
774576
1013507
1556808
73087
1530823
2200604
2051489
916204
1647495
1574492
932894
711687
403339
3424493
3025679
3025422
403340
709645
2354038
716658
403342
791148
240762
260158
633595
633593
782360
1275295
767655
1165088
478105
478062
478067
478080
703904
782904
780215
767656
2309375
716796
3025849
1233038
1333155
777885
1694493
2212348
1268492
3168956
2638345
403485
403486
3054774
2398431
787741
787742
1220926
721791
585697
782361
773389
1267006
1316529
1260558
1177821
1250857
1229262
708261
1241807
447086
787743
1249544
786451
447107
3340165
447103
1179088
1345743
780216
747505
1322094
7592
789426
504916
504913
786847
786452
447108
1456684
1275155
585699
974420
801449
7593
2055600
2733833
804713
585702
791107
447094
930947
447096
402541
447100
1249070
259391
1143210
293420
293426
293430
702170
259386
293437
293439
293440
293442
697437
293450
786848
790475
1686401
774151
772652
1686402
2366315
771109
876291
293763
493023
2949464
128475
128474
1731308
2951461
772041
533803
465258
533810
1611981
1221
128476
533811
588136
183795
420071
428929
1347453
12781
239443
186827
184933
142637
185077
967921
2940286
419507
183735
480788
412493
1752377
1752328
183747
571856
12779
845283
230070
142047
186150
976001
2202708
230387
18454
3256401
187177
12787
183814
239428
459142
2678644
428916
142111
1796021
165180
178686
230694
1687624
143027
135192
184148
412478
183793
12785
1767632
4056252
36768
12791
428932
4547804
2583584
428918
767659
773391
791779
374868
599196
777323
780217
774152
733539
721792
786716
775518
716270
716271
786454
294364
294366
294367
294377
294386
294389
798202
471330
716041
723733
786456
774791
782364
713444
710872
735067
1109335
772677
1170881
1166517
780218
1170013
739597
446000
1083368
219100
1320135
712826
788501
767660
712953
719454
294999
429877
2413
295004
2408
286390
703805
295006
295113
295135
522968
786717
258083
760868
258079
735498
789914
1382079
3676992
2573417
740173
3907173
13667
2202712
1645928
975919
554846
2573416
2012612
500024
1076060
2733837
2676552
13663
1070177
13665
1334796
188928
1070178
381585
3768270
2664863
2664685
4086920
550163
2414632
812034
1679809
3701231
553805
3235878
829876
3600321
549969
449399
2900306
1466600
13677
1334794
555231
2676585
1489679
594951
188877
964572
551666
13675
2676516
1465466
551980
2733839
197679
1076159
3717679
13676
558036
975901
975889
1067343
3765634
2665006
2202713
1928080
13683
2664865
1076160
13662
1327158
188798
521379
1439050
13670
1455023
968006
13666
556859
3720172
1047062
1224381
554408
2761086
2664952
1076161
1035693
558588
2202716
189001
381586
550127
3580031
2666835
984475
13682
198423
188750
2671815
13684
1457567
495882
943632
3024107
188792
2202718
1323883
4086841
13664
2202719
1679902
1435973
3687905
3895919
2733843
1436006
1074126
3768042
13673
1457572
2840424
1932270
13672
553154
3629478
1455036
2733845
2032693
1003680
1458303
555880
4086860
940683
2733849
1455037
1472480
2664937
556746
3720176
13671
623122
371163
3256537
2664938
937925
1480030
3720177
1224321
550442
550626
1452498
2202722
1498560
2676678
4086879
2733852
1020192
1457576
1072423
2664936
13679
2665103
2665102
2576975
1498590
1455042
4086886
2676588
1916167
992375
558387
3024105
2664877
1030812
552418
1510101
971527
1405036
2820741
1334593
371400
1464855
3720179
13681
1511003
558598
554044
295552
930908
1510120
1457578
427766
1003872
845286
1344542
844755
1511156
1300140
1457579
556895
2733856
3713031
551446
1327508
2671573
193996
295699
295700
282934
199235
447539
295708
2200157
198971
198963
295721
1666047
198680
295726
295727
446053
722034
198669
439808
982057
1029973
295751
295753
376803
295758
295764
295765
439807
295768
289068
289686
736738
447562
295780
295789
780223
447558
295807
295815
295823
295825
197547
284530
291236
295849
724702
618681
295856
295860
618173
195883
874729
195825
235713
295877
194746
295881
735461
585985
618682
295887
726035
295896
193680
724969
2174351
283808
719065
208731
372848
218950
208668
450370
432071
487652
487653
487654
1916169
784937
1260804
783279
791605
522247
636701
775130
775131
17071
714637
783927
8533
786983
8534
2260860
3532915
451410
1700098
720859
770680
789915
791782
715330
713748
2503917
21173
21172
3675
21171
1029823
3682
3012577
167180
449033
2676033
513090
2577237
11957
2676029
296885
691
235414
296889
287588
2578520
2202729
193053
296895
193052
785933
775524
711820
1120074
465250
697696
101520
465245
697776
1611093
702169
465249
218865
2146398
1164479
791109
789916
789917
775525
2441156
296982
536198
782680
4491
1701096
461632
130284
95963
95966
657794
1701097
280026
297025
1146801
4496
380239
1415561
4492
571063
461629
95959
261278
261280
1240550
725931
790481
720984
785934
719606
720518
786459
790483
727178
1272380
985622
1214981
546177
451635
807406
30709
570739
1297155
488193
2664983
297075
434314
1272255
1197625
376870
1930905
1196385
1248110
975333
1212594
2966935
3026799
2253675
1261342
133556
434338
2249035
2916164
1205794
1203777
2171448
452118
1291562
2442202
635055
1176188
1182296
2500289
1915575
133547
2614234
133548
3004497
1261038
133549
2984941
1196466
133550
2148349
1248815
2176334
1337075
1257586
126311
377278
1805024
446064
133551
1686501
1217160
1706986
287961
1260649
975334
133552
3910080
1212747
2891479
788352
1193038
297114
30821
733557
871134
1284
985880
595423
711767
2638549
2049806
718390
782681
1560051
1570987
791784
2638558
403071
775526
782682
730779
1027535
2717794
1048836
801464
1447825
1191374
2069381
737243
1245507
777902
711822
2897887
1190481
916511
599460
711051
1300569
2038170
737244
1205799
2170998
1690845
2068371
975325
2059456
1544828
1216497
3021143
715868
1167798
788285
2893879
1592767
1984393
2421470
2164605
1189705
1923564
1926686
1897823
730037
377281
1270985
376920
235372
3002962
3508761
1337350
2193601
780226
719702
445768
784439
1925119
1050039
733872
1216461
1197923
377337
1175451
377378
1281447
426245
784940
784941
721173
780227
718968
618091
811532
618089
781582
720895
374878
1257057
791787
783931
617918
2342728
3025349
785935
783281
715549
771840
1288039
1548756
1598588
775529
1644766
1595113
2589354
783932
1271446
281760
474985
541836
1570499
785762
697735
1681480
700421
567612
464871
699667
215506
243071
6189
662296
136327
529737
190980
1599150
836023
702342
18260
18252
770112
775532
770113
725556
780230
733213
1614918
713645
1236755
252789
1548192
195419
46088
226643
786722
178352
163535
789257
784943
711665
782936
773634
547981
1299763
1244486
590300
590302
599343
1536255
1287683
1146060
1248559
1555414
769509
434833
542862
3039490
262792
208339
256793
256792
210791
476293
256787
256796
161982
256794
784945
709686
798217
767581
709356
707224
1616289
775533
775534
715469
1258634
1258444
1249962
782372
1235010
783283
772681
783284
3709041
734978
2916660
2076311
982710
2514128
779854
3121876
777558
2327924
2056964
1536438
2638694
2050839
2378506
2061010
2405390
2050935
780237
1414676
2203980
2723593
2638699
2065454
2169039
2357580
2306258
2042793
2143259
2045419
1506326
2049971
2071224
3018477
3891615
2214859
1049200
1232730
2376845
2057322
2050476
1675358
2319771
2062211
1287868
3351956
2465470
775052
2052270
1583645
2169159
1541500
2081161
2212730
2045680
2175142
3709471
2144838
1974420
2405221
2201235
2269555
789920
2075410
1501728
1601503
1266499
2291035
2078125
2715339
2215516
4050322
1277352
2073900
3121869
2137674
2462601
2499569
2741019
2200706
2600642
767666
777905
767667
1201174
492943
1686274
774796
1607094
1621094
1195476
775535
130023
379909
56214
236407
236409
56210
56204
1072746
188857
56202
2202734
56198
56194
130022
8899
520610
1969122
56190
56187
8901
8900
56179
56193
206651
2035352
771304
771305
771306
437336
140540
258382
196620
258366
194939
258364
258400
258399
258393
507612
258391
876392
193217
773395
1249466
1181125
1638525
1252459
781774
585006
730845
1185583
505302
2632379
6246
6241
208370
6243
666707
163754
45101
163756
402940
720986
402941
402942
590782
1284899
297339
297340
297341
2058310
2198445
548636
2202737
1333489
1361
297347
1292506
440017
2572759
674902
440016
379445
440020
2429334
772424
775539
871442
1047248
96708
653107
1491716
538678
280046
207212
448897
198842
1027418
207201
16113
870347
207199
207229
16114
37301
207193
663633
265386
37300
207192
1686202
379258
453131
207227
1076377
372507
374181
627587
207190
16111
16118
297381
538680
16117
16119
1691858
207187
662199
159921
597357
488790
1686206
789258
777906
14162
134821
644406
14158
653595
265248
2952264
2445438
1379348
1504060
528089
14156
134835
134838
2043461
14163
2132885
297411
14157
770844
260613
241030
1243374
589108
699190
241032
1153874
416954
241034
416969
260616
260618
429775
416972
235494
416970
701091
546597
73815
589002
445494
783286
1686343
773810
797173
733015
782374
130378
461326
719042
791710
786870
1333093
782974
415451
415448
697025
252550
239555
697144
453924
239552
415456
239561
95945
4440
4437
1517841
297446
431961
4439
500850
617677
711828
1325337
2202750
1465976
73
254172
3720201
65
718486
1344855
979212
982397
1344850
41757
41756
41755
219953
142604
5294
406845
41751
41767
142590
185242
182691
232291
449417
587355
135990
140877
41761
185274
372416
184952
141595
182689
187280
5293
185653
182688
1436665
1117404
824211
796674
182697
233585
577118
464711
849076
183896
41760
641313
1275525
1601575
1570041
445370
777908
1264064
381577
557424
556190
203823
552467
138238
854802
161117
1422
552478
813350
297484
297486
203829
203828
2676623
2202759
554696
813351
1425
876445
558690
417857
813352
203832
848845
260665
775053
784948
167524
56589
3998
1067007
3988
4000
872288
3992
162586
3993
558572
558512
2677979
290011
403064
1678875
1678876
1678922
225054
1678934
1678940
779062
6724
721206
721210
769513
782376
791792
791793
711830
780768
781775
297551
160065
94094
160053
160052
744271
379542
21354
287849
501413
707467
427852
617852
468250
707004
286610
289293
667745
1236890
1337061
717691
129860
297579
30233
723109
129857
129856
211797
129854
129864
129863
445694
30232
982308
259242
769514
719705
1287335
717674
787746
8954
851878
137028
8953
8968
1358726
130889
8957
8967
8964
92428
92429
8958
1067729
550000
8959
203663
1079233
203664
850446
8956
8952
92433
711273
791795
771841
786804
719938
1291889
786990
779397
1223582
380003
380002
381204
719707
4369
4380
4384
4381
4385
4388
1323985
46545
4387
227193
297692
2878
36669
630141
468297
627765
2873
924428
201127
468298
926532
265939
2875
630597
297699
262900
201124
630161
630162
630598
375852
36670
770847
1169492
1164179
17039
444168
773408
771115
777910
1169425
710241
402461
402464
1166522
1166647
770848
1167718
777101
1170461
1164576
1169777
1170462
786991
716274
771116
713749
773636
729080
1287065
767673
780242
297764
297768
297769
297770
1169778
775552
1130892
1169781
1170161
1166029
1126271
2959813
2080325
435978
775134
787747
1253133
1257820
2043550
1239401
1270534
446389
1295514
1270825
782908
734876
709687
711274
2070209
1181059
475153
377130
1167253
377251
775556
218580
447277
728309
475123
556498
1066153
30422
380528
128354
95531
5497
380085
720628
720987
133287
297871
297874
133289
2202765
1067257
1599175
297885
297892
1359807
1246995
134548
541544
445731
706821
1196512
1167138
704007
8523
917428
8521
2065970
631614
8524
393364
728986
1169792
1169496
1169579
1167634
1092362
1169786
1165955
3108
1536080
775560
774581
713673
774582
773812
1165356
1166571
773813
1167772
1098568
1098567
1470027
801494
3906146
1445004
3758005
13120
813222
98848
850287
3233349
750796
98846
1070754
1069898
560496
13116
427864
870344
850613
98836
29873
1986858
3233354
2933272
98835
421620
801495
98834
98826
29870
2154687
13117
98823
865841
2149933
13118
3381772
3233353
98904
556178
92860
98900
1679125
942448
92859
98895
973967
3385360
556104
937681
559520
98889
198416
829832
973956
801497
1074826
98875
3251847
964193
978981
98873
870346
98870
3024117
560497
98868
467827
13119
870345
866507
281715
636202
2202769
98864
2202770
978980
865946
789504
98858
98857
13115
559523
98854
987271
98851
1068757
1213912
4686555
98840
968598
2432988
98830
1068758
437985
98888
2944236
1067769
98861
770852
2941
713750
791798
775562
780243
3672279
734981
1284792
1284632
773111
1599442
1299264
725704
1581559
996116
740641
626247
1664312
783288
787748
555765
799225
1420172
1347938
3336488
203537
859753
281077
92258
3597
92261
226108
226097
1452587
1456808
1473955
2875447
226068
3599
226055
859752
198025
226059
3591
557423
226106
807358
550256
1076157
3595
226100
3594
1478499
226065
1455130
1374259
92267
556697
92268
1404546
858831
203539
943968
3598
226089
226054
203540
3251329
3588
2059928
550313
2679931
226075
189019
859269
3586
1067387
458788
2679893
950466
1433388
203542
438861
1356922
843524
226095
1477017
850051
869115
1279217
47911
178904
47915
138511
180456
201929
720742
711770
790335
786463
779220
780244
775563
787751
786464
769516
767681
711053
781663
402410
475271
712918
2516499
783937
782379
712673
728845
791082
783938
709550
1280597
784442
777924
724077
775567
784443
782380
770489
782230
715422
780246
789149
780247
780248
791801
435416
714641
1277748
723874
547818
777326
561334
712919
547813
298131
298132
298134
298138
298146
298147
298149
470694
8739
259705
259703
259699
724166
402837
772683
402839
238200
298212
787206
780250
99494
836905
866115
99481
236149
99468
7885
635991
635990
99463
806156
298222
99458
99457
812194
99455
298223
2442572
236147
635988
377409
99447
965953
2202780
2151881
236145
99438
99437
689736
3588163
865907
1457651
99433
7884
1048145
143076
99430
99429
438105
438104
867188
99428
7882
236144
236142
99422
417994
99421
99420
7888
236140
99413
7911
806159
99406
871507
1000328
99397
99394
377407
853893
1196428
1275763
1972408
377406
197055
99383
99382
236134
236133
99381
99380
4536993
99373
99372
99371
812197
1048142
3233596
812198
431947
1040597
236129
1048172
99361
99350
1212473
866082
99344
99342
236123
1013244
99331
99330
427117
812203
99321
99316
1067804
866739
99304
99303
417992
1284272
236115
866714
99288
99286
99285
99284
99283
1048125
99278
1476832
417991
99275
866870
3249666
1066342
99260
1024633
99259
99256
7904
424901
1457682
969178
623693
636212
99246
1559116
959438
99237
2733927
143075
7903
236102
452706
1073207
986929
866879
417988
865964
99224
298251
236101
30218
961495
99220
99219
92867
1456034
236100
1184970
866345
99213
2202792
1213975
99212
99211
99208
99199
7901
7894
7886
1503129
99196
289310
99194
99191
1452669
99178
838547
1476496
1048167
99174
99173
236096
236095
99167
1298429
99162
438091
99159
1448712
99149
236093
1358935
389679
934230
1350758
99136
99135
631618
973687
2151888
849842
417985
99127
813130
99125
99123
2664260
444171
417983
288341
212727
635441
417982
99108
1998012
99103
377403
2202801
99095
236088
99092
867085
801518
2733940
236087
522787
99087
417981
99085
99084
438089
865882
99073
7900
193990
99070
99062
843109
3249752
377402
265011
1035783
2733942
801519
857394
99045
99040
193580
866242
1001082
438086
99024
99518
1429209
99513
99500
373916
99471
7898
866421
837854
871576
2733948
99273
99185
99166
99165
2789051
99122
99120
99113
99112
99107
2733951
1048140
99083
99065
236071
1067270
99498
99497
1350865
866562
7899
99217
280328
2202817
99110
779297
718421
791607
708858
717135
706372
376840
298293
2674903
585803
1028072
370476
719339
780771
786467
1206245
256718
256749
429532
371296
256719
199034
256721
256723
844261
998107
256727
256732
256734
281333
256738
256741
256743
456499
374339
377192
1185185
474760
474762
89030
734406
1263477
731580
2358844
436635
1233160
1295596
1407245
2159649
1333259
551600
128885
554556
94017
1342860
94016
11943
94011
94010
1589726
291455
2674733
977617
94013
210825
1220944
559436
559435
682947
681875
509180
513655
517536
667038
1170181
769518
1629882
1708532
784445
235592
17137
498797
449528
198019
258461
2053921
3064166
196779
1189120
1216773
1575331
291540
668356
561274
258438
291550
775571
733787
745356
773149
787208
370032
369980
1267873
780253
727198
780084
45568
780773
45564
517339
163642
1167893
1170045
1165732
1166558
1168662
1132777
1170046
972741
774395
1662312
791805
782975
781778
778235
735873
734037
774583
777929
1609664
781928
720096
1569102
714933
772685
782382
774799
740238
1649663
1630775
1253160
786468
789875
718581
31636
1809757
450201
740509
259743
706956
1098760
132813
769521
779857
708302
713558
210134
1333112
376873
769522
787752
775575
1294562
586061
2431063
623699
542666
190325
1803044
559647
452594
542660
190328
986989
280584
1803043
1087753
663661
2500299
2500323
775055
769524
402537
769525
770114
711969
711970
775576
789431
716048
783940
746882
784955
1140881
519434
447626
192255
995131
626319
976123
782383
767688
790336
1182540
130315
733619
712920
758180
782384
783941
715246
3352609
734793
774278
773112
791808
750395
773412
472196
220727
157718
157716
696255
157727
218686
696207
225770
533713
166684
13900
13903
561786
1070042
13902
222971
13901
13899
219097
40470
39648
177778
40469
40468
746336
256640
12684
764732
719340
791110
245874
291991
456629
456627
291993
446031
292005
292011
773637
190755
35772
44162
44160
427946
862119
162823
452250
545677
3572864
1464828
1910512
2078809
1299690
1611891
545680
545678
1029934
1311442
769242
402968
710498
1280460
728107
1178176
786856
775590
782386
780258
775591
741107
775592
767690
733878
719890
781584
783943
787529
789693
767692
1301837
709551
775593
777328
594474
767693
287637
1240908
711288
440917
1341955
1169497
1579303
777559
1513071
720898
1070043
1694521
1457738
2140725
12190
944811
12191
1722337
2733972
12192
3284877
1222205
1274004
2169478
1414498
1331415
709534
3870
139534
536421
712784
3871
3867
3383101
452101
9260
449457
292332
859739
9259
9257
9261
775138
134987
134983
463177
287036
3715199
134985
286650
134978
288353
134977
134975
134972
806201
134971
772250
134967
463174
134963
134961
2881119
283610
134968
463169
445811
3406937
801537
801538
1174792
1240631
801540
1301776
218796
769244
718727
932519
773151
500524
1686020
2365
292430
2368
2370
1067426
2733976
220478
1504601
781779
785842
1260082
1297440
1606025
769528
1565761
1261913
1627144
787214
1549942
218733
1065589
2444115
1704073
845873
217335
1410982
2103996
280147
2574784
2814004
650108
8721
1684591
1684590
292466
217323
8723
3253671
292469
292473
767696
767695
769243
1285171
2568526
735055
2917578
474244
55906
55907
750653
876146
866840
1139779
3353
3352
813205
1164914
386934
1316095
380192
381177
516719
382113
730079
777102
1222321
1192520
376771
788943
711736
1255367
737232
292517
261079
717808
292523
292524
292525
292532
292549
292551
292554
381746
261078
876460
876461
292567
711737
649051
8426
2202838
1301984
962917
8421
8424
553560
371412
1050778
551777
782937
773152
788766
710875
2050841
384334
402131
384335
767697
2085336
2049102
2002793
2038171
767698
779222
1659135
1611910
717811
767700
292610
733548
292612
292617
292618
775140
1166562
589756
587845
445612
716186
587883
1733034
1691144
730852
589186
1193553
588150
730661
1326719
560580
560595
1301474
730526
730505
737275
781664
770681
775599
778237
462820
777933
475713
772815
770328
790489
786470
783297
719892
789151
1264550
1186886
1231239
1258538
1205962
190986
1206088
1281065
2393729
1218937
1206244
1205917
1246453
1203221
1274774
1225072
1263466
1263753
1247942
1189356
1265104
1237029
1297609
1187342
1227442
2639243
3095586
1175078
681084
1243522
2393733
1269475
1206704
1289912
1242771
1216733
1175150
1205931
1242222
1254977
1290060
1208942
2371247
1193152
1260709
1246169
1186350
2229259
1205192
1178678
1229680
1208428
1201192
1211767
1302747
1302746
1302745
1194040
1222131
1198208
1239802
1218219
1265666
1286180
1200863
1228056
1182945
1251817
1222433
1255099
1235186
1213639
1287967
1212321
1244740
1239242
1174419
1286473
1221916
1179724
1229450
1183365
1180860
1205894
1266034
1188363
1266162
1251416
1272269
1278608
1270895
1205946
2222579
1204803
1175489
1206956
1207207
1247656
1186844
1235678
1276086
1248526
402868
1293919
1226009
1251236
1278160
1277512
916211
1179881
1178727
1253040
1187220
1194778
1219692
1283478
1298018
1206279
1183066
678544
402869
1194972
1200762
1206179
2498419
1220627
1264247
1208753
1274506
377878
1228120
1194347
1206280
1220490
1263560
1193189
666623
666624
1249558
1248900
1286529
1179868
1227167
1235459
714073
1261755
1247512
1178008
2347191
1250269
1241337
1250704
1253186
790491
712085
775600
2455585
775141
2345802
3537485
787217
775601
2237203
769533
775602
775604
769534
782976
782388
1262705
2035667
2712439
709688
719342
767703
732029
777934
778812
402168
769536
211066
381463
211065
3250654
129136
731581
775606
12450
12454
12453
449764
2141661
652762
212413
748927
68243
14660
1166563
205061
429855
205064
1707538
17496
17495
41035
1594180
205059
205060
191352
158332
3066100
2925166
39458
196312
195112
292781
292782
500335
2578582
1675377
1197867
1180221
1278538
726018
1599472
516928
736228
224729
712086
789942
770116
2473468
1268289
4311
242383
1691430
21070
4295
691989
93449
4297
496800
4293
496081
2429167
4292
931820
1211295
4327
1176205
93448
4290
4320
2682534
918140
813336
93446
4318
4306
496080
4325
198757
932200
4328
4298
4301
93459
633239
21072
558788
93458
4314
932181
93455
4329
93453
1339116
4291
65570
4330
2503944
4321
4296
285512
196296
983093
1511
2431446
2063906
2432673
1513
1510
3031439
1330664
4541522
1187215
1469002
1507
1456959
2437867
618827
1163643
4077428
3778706
2432690
1284904
522658
2507815
975491
736267
2218301
1192454
2639414
2342068
2367145
769538
1328007
3250761
789551
2639423
2570739
2387376
780261
3130338
711291
2456933
1288287
775607
1271326
2345995
1277376
977147
1588803
590277
2048375
438831
713033
711293
1286450
1289453
1290043
780262
781665
782389
780263
710876
720659
782734
773115
791223
2253405
791112
280609
60509
265328
190305
120250
561681
183411
280151
183410
183409
370035
181522
372863
183408
183407
183406
183405
183404
981604
850519
561621
228289
183403
60506
183401
694723
581105
224122
227047
773284
674310
787857
2488942
488705
200949
66888
66929
66928
2756520
804298
66946
285468
573778
476837
66964
66765
2202857
66791
408994
646027
424915
3907369
570592
66868
1074127
66882
66884
66885
2098083
66899
48067
14504
66901
66908
66910
14483
48070
66915
14484
636395
65764
66922
66925
4098587
48077
14524
66931
3070531
48084
1761898
435769
200942
1764508
1764986
66952
245950
1766532
1766722
1766724
48093
66963
36473
66762
14525
66772
559576
429219
48031
66778
14495
949101
66782
14478
66808
66811
14493
36476
964333
14489
14481
500663
66850
66849
435773
66859
48046
66861
66860
194261
734107
719457
286515
3362
292857
780264
774158
714098
770493
767710
775144
777938
1183536
1167828
726238
782390
402409
782391
782392
1238056
791612
218687
708056
801560
2512195
801561
801562
193129
246137
246246
695672
418391
526734
577725
198111
292886
161443
1284518
37077
12308
834440
637430
21307
12310
3233389
2506238
810634
386229
1397970
858212
789552
1243276
767711
709690
770857
777330
780266
783950
783951
1291670
776340
775145
1301750
775613
785843
712089
732731
709334
773640
775614
770494
775146
788691
258957
258956
235335
258951
258950
258947
258943
258942
258939
258934
258929
3322408
12846
258925
258923
293011
258921
258919
12844
258941
12856
12853
12855
12854
781929
1230050
1268234
17728
18396
780087
787858
770117
774399
785791
780786
714796
402860
791816
730642
782393
709553
767714
791817
1166403
1164402
7467
129317
7466
30251
128485
585463
520908
430293
12922
2430257
204884
493055
12930
12921
204886
204887
204889
871961
12926
655681
449379
1029935
449380
12920
446869
204896
204898
1072573
446871
68985
238168
1216390
1315281
521207
12925
585462
725705
782800
715941
788843
1625631
783298
728251
258820
1521989
1095653
784958
970082
542646
199256
199254
476028
650500
782394
1170163
708933
717815
726708
789153
773285
783299
1242630
784959
724321
780273
1538150
718064
1663617
1537495
8696
8697
293255
293269
129697
6711
637330
41024
14170
41022
14191
447730
637793
217233
14173
14172
861910
572034
637337
578468
462797
661067
462796
14186
637350
208765
14181
872512
449538
188325
945306
411674
637349
14176
14174
14175
411666
1067479
14167
549681
41017
14179
411669
14188
637928
447727
14177
14169
188168
208146
531693
14185
217232
845076
221065
14183
217235
41014
637506
653751
407060
968839
7241
1351620
135194
653952
407044
189841
661612
428933
946938
835716
187084
1113621
3073349
1646459
995676
2953031
1082914
707189
1563319
1741769
1147424
465975
3793595
1062199
825167
1743491
1083589
293319
1095716
1124611
41772
402850
14823
1234232
225994
156331
402857
156330
2397613
402858
242685
779299
777952
784960
730055
1170814
801568
1164406
1164407
769540
718142
208172
714274
36661
772819
769246
587365
12313
769247
1288942
1710913
2227546
1254734
783012
737458
1296929
780787
772820
769541
708859
1078675
1164408
769248
743229
1164871
402343
1167410
1167836
708313
775149
1167838
775622
780790
293476
728993
729661
789949
281210
678373
546109
293525
5957
492806
2585580
3911778
255215
3376900
716051
255214
709012
293580
293583
649
293599
293600
37345
875953
255205
293608
293616
255202
293619
255201
255199
255198
716055
783954
293628
2734024
255188
255203
2734026
293644
782395
777955
780277
723964
1684530
789698
715852
733680
293661
262629
725559
16313
260072
16308
38394
876844
3251858
293691
874042
16305
260077
38395
631576
2734033
16309
293697
260069
774280
709846
715792
782397
782398
718489
787650
780279
1686794
1168919
1686793
1686792
1810378
1686789
1686785
7951
1173106
30205
7950
2575101
2505295
875033
631578
2429757
7946
2500839
7956
1686782
7954
7957
403218
2505287
625855
2570632
2570631
1342205
1342964
1342203
1342965
7961
2500837
1342202
2500835
7948
7952
7947
1342962
1013538
875955
1439558
1111192
1342198
1342969
1723173
876939
1342197
2429760
1686788
1342967
2429764
7960
1342196
1342210
876020
1313921
874204
293718
1303146
806285
193066
2500830
631580
2575095
7958
1703222
1684937
876089
1327021
769251
707255
1601616
1170509
869211
1916206
1061
1064
380113
21547
1310135
1060
21546
137066
427120
2202883
18017
958071
627228
2734037
18003
18010
18019
18009
18016
18007
18020
863657
2734039
627161
597303
155937
3242375
1094336
3012606
18042
529742
18030
654211
18039
1170692
18034
635233
4686611
1001692
18014
18015
18004
18011
18022
1330272
18021
18012
876603
870846
780004
789260
785846
625168
789154
770496
709335
721265
722313
784962
767730
784963
775150
711778
786475
773416
789952
732634
3024863
770497
715839
780280
1491797
370718
5369
126418
2883744
562398
447882
972638
556556
2677341
5368
1439693
188730
188952
5360
1939980
222762
447877
550771
1344814
767733
476285
257699
257703
257704
476278
789553
720147
774160
791823
780282
780283
262225
874815
874816
770330
1606362
1444133
1519579
2003417
1436231
452392
1320140
265066
1487122
2076045
1605463
2181144
1426177
1592788
1013540
390468
1357577
870847
521483
1649733
1553812
1314898
2075063
1234203
1649316
1640405
1234416
783301
1543173
2071871
1345387
1283121
1447283
1179829
1619291
1327244
1568122
1976172
1302882
1560195
3022481
1593210
1254273
1165451
1168089
1985178
1582246
1613570
1588285
1353260
1237545
1520389
2192019
1304580
2034486
2639613
1536727
1433562
1519002
1654549
1485313
2876350
1536094
1529355
1446986
1594011
2139785
3994437
1110168
1328657
1570378
1694537
1659953
1405908
770120
1155292
1595928
1916575
1397966
1598076
1292983
1405032
1300602
1328838
1362647
1383428
2191111
1962144
1388891
1579786
1304749
2958629
1109559
1091046
1246480
1599075
1367139
1228754
1050023
1900265
1603618
1985061
1523555
1568473
1301484
1248984
1587712
1241705
1301483
1484290
2560608
1476592
2083041
1615152
1601053
1916024
1194257
806296
774802
1238059
719001
781586
1290680
1258483
1265468
789262
293988
293989
293990
293991
293995
293997
738048
259783
726588
259784
773290
294009
195603
591594
294073
294076
1166381
281211
2248
2907299
256115
294081
281319
3574675
379274
68497
256116
783956
783957
783958
1249884
1284754
780286
294098
294100
874470
294109
294118
294126
294128
1591145
294133
1652133
294135
876516
294145
294151
96207
294154
788289
873691
100598
874667
294166
294167
709714
294176
294177
294180
294181
294183
767735
294190
719894
96208
294200
96210
294203
100600
294212
720901
790495
875754
876753
719866
874868
874869
294237
294247
294250
780288
294255
294260
294262
294271
100597
294274
723216
199240
199238
199239
1413259
294286
711056
1582084
294298
875963
709581
781796
767737
1327443
1690443
1690442
782687
770682
708065
738215
2057214
770331
2288015
1068249
16550
294494
294502
294507
294509
1600648
294514
294515
294520
294521
289336
294522
1163684
294525
1175202
16545
1712431
2570747
774281
730391
767739
775633
730392
778240
523008
774401
775634
1336981
1179673
1279612
1241507
1287619
2397573
3385303
1336292
1336119
1712456
1336564
1336294
1232884
1252690
1336288
1336124
4683989
4683991
726937
4684004
1244723
2581641
1712465
1712442
708283
789953
1712446
2161762
775635
294536
294540
1338159
1336494
377177
402533
716750
1712447
3143825
4227355
294551
294572
16520
21638
389308
21625
680363
21611
21609
157878
21605
21599
157857
514177
157841
294621
157838
595524
157836
136426
95889
157828
157827
157818
294635
21575
712343
294646
157792
157790
735069
157781
210347
21553
136425
282730
157793
978995
812296
1180656
265083
968530
99917
1301835
766807
99866
190990
1141221
1470081
865858
1068031
866829
866833
99870
1067463
2572562
3233624
1076789
933277
812299
73455
1457843
99874
2191841
1066344
438073
872033
99876
216912
973930
5733
1418184
5732
99878
236478
866264
812300
427127
372352
1455364
565382
1388331
99883
846967
2925305
427863
39614
707390
846589
2502418
236473
973913
636016
5730
99896
5739
99897
1456203
845976
1067464
987002
866855
801601
1045903
1490976
1298333
2202916
801602
865928
99906
973928
859692
712344
533075
138847
464444
1085729
533070
138848
378445
380459
138850
786993
1223272
777981
710395
445909
720091
786806
720288
739968
716676
1696323
711841
788768
435619
709583
758154
730431
730282
88653
775059
2672376
727200
1530753
770684
770685
775151
786759
767740
781799
254850
294704
294705
254847
541057
254842
294709
294714
197021
254830
17623
17624
473986
294731
156288
541050
692246
254816
2159257
2428663
199685
873871
873872
254803
294756
294757
254802
294761
849085
225281
2428558
254789
699331
294768
254855
254853
874925
254833
254811
294804
294806
294807
294808
294809
294813
1262820
294821
294822
294829
12411
43669
177634
43649
228409
12414
43639
43638
43637
12415
43636
177807
12412
43629
43628
165549
12409
43627
1699339
43625
43626
177644
12408
771842
780295
775153
721653
712095
719372
788947
711297
585147
788084
742448
2603747
294910
472285
558932
9526
558936
770499
677222
703903
1631913
1584699
705093
703837
706579
703803
294956
974505
294964
716738
501504
1174871
1274010
1247304
716902
740985
784967
721217
774282
733215
784968
709589
779399
709590
709848
723068
723070
2398123
2639845
474469
581019
1170111
801606
474460
474472
474475
1166971
1026545
712923
260657
1235105
1271124
711298
717694
1297905
782735
403451
403452
711259
727218
770860
1283436
780297
1229349
787219
775643
783303
1175658
402445
787220
1164353
1598556
1903270
1979111
731403
540319
402559
402560
402561
439554
783304
789264
810914
402562
1252113
875708
294975
725461
710794
1165011
791114
1164411
712096
1456560
771843
1166245
1165906
771122
788720
1164872
791230
1164722
295070
255591
295080
255588
295087
775659
715857
295096
255586
295108
295110
1443250
295118
1803490
759442
295131
14543
295139
295151
2573382
217873
3419
778743
259928
2059037
458684
3415
3414
265196
449039
3417
775660
728722
1587713
1559146
721005
790251
782083
719245
710791
1213227
778789
1620625
1250452
707060
1587895
1413254
1648079
1628353
1634135
1124856
755041
2073856
183418
162520
807914
449572
2404985
235383
279981
1493344
1363848
1205093
445480
707391
707695
707696
1165318
709034
711843
521372
521373
129102
18418
18420
450589
447352
2151912
585878
129103
1636993
1626969
1093705
1568207
1572846
786996
726712
1166572
1166200
717438
791831
718897
767748
717676
709021
1295138
767749
783016
715860
775663
1209808
1209810
775665
1209811
1263075
434711
1209812
1209814
1209815
1186709
1209816
1281704
434705
787223
1895590
1209817
787224
1209669
1272210
1282370
1209670
1209671
791520
1207720
1188102
775667
1209672
1209673
1600021
1209674
1209675
780795
1209676
1194159
434708
1209677
1209678
780806
791115
1209682
1209683
1209719
48468
282144
48464
48463
178568
48462
48455
48453
1024750
553406
48451
1103983
179565
3028639
48444
48439
504509
438016
48436
48434
1047575
48433
1485310
1065734
177913
143175
429215
48424
1119468
143174
178937
228204
48423
833910
498883
2202939
2151913
1071762
1016214
930727
438012
198344
48415
438011
143172
1024751
48409
178649
48407
48402
557093
166434
281818
1469637
1066345
166435
48399
378847
555105
1516972
236537
812117
48380
48378
48377
48374
2157820
48367
143170
236531
551066
48361
855225
48356
813104
48355
558542
557692
48353
48352
48351
178577
553994
209203
2151914
179268
48344
197932
438037
1358888
48635
553424
1122361
48634
48631
48627
1375709
1046614
636228
48623
505625
48620
48618
555769
1160787
495329
48607
48606
178648
48599
48597
636127
848662
725665
48589
1399214
48581
48578
48577
1473440
384319
965224
560524
2734088
48571
560523
48568
48566
166480
48565
178578
48563
48562
167815
178651
48555
227145
48552
48549
517292
48548
178652
2734089
48536
438023
48535
1403290
265979
866608
1093405
865788
662197
552599
558293
179773
48525
861348
48521
867207
178681
177992
1331411
1351689
1051986
866375
1056888
418534
133312
970060
242397
242590
48500
143179
166515
48487
959217
812458
2356
2202975
954433
48484
418533
813246
1414732
48481
2151917
48478
549981
552511
3767139
1297136
48471
1916216
801619
551502
1213938
554616
636117
551303
2359
2679474
2115757
1015542
438002
554336
48347
552304
228411
2355
284411
1441479
979017
1042201
438026
48592
48564
554033
143182
48507
48496
1443145
986887
1329097
213835
155837
213845
381708
239515
224872
440982
495213
714102
716061
1168663
1680888
1680921
1166327
1165414
728847
1680977
715899
1165014
1166609
789956
380570
381429
769551
381453
380077
731557
638570
791834
287195
130079
130078
295657
100787
130074
784970
773642
708513
720660
787580
785952
782938
262129
262130
737719
714953
712422
1241865
711058
618593
1637205
789957
1618248
811581
439601
723968
252619
252618
252617
775672
709717
791521
783017
788948
788949
770862
521663
1164141
626329
805859
625852
3062080
774806
986836
402645
402646
1338959
402647
402648
402649
402650
1176224
402655
1225081
402656
402657
402659
402660
402662
402664
402666
2137818
545626
224875
100900
424332
586109
586111
295937
258619
725097
709591
16604
16605
3067495
689461
775673
689459
1248973
770121
770122
730211
429628
192393
138111
138110
875252
295971
295975
259005
3103884
3343880
985335
985263
1183980
986093
520774
1261945
779066
1705897
1705899
712256
777334
1705892
705672
97995
192130
8849
8852
8845
1100640
695724
1050746
214026
136297
214027
806371
3637
666357
214033
392924
372655
434087
2439508
381728
807531
225002
210097
3666430
225030
377447
2206791
775676
780307
769552
709037
1343801
3420237
590334
520880
1339505
1344344
380039
545649
2674638
522951
545650
379988
559323
1744457
2344828
716834
1222014
811113
718309
2639990
1791944
709038
2620094
713546
771323
2497456
721140
716903
711807
775682
711260
2639999
732637
771324
2403767
759829
731271
784452
2373866
1338875
789876
714104
1226334
712423
775683
2245730
3203858
767757
767758
710839
752152
716065
2497455
775684
709598
718929
709041
2450070
811115
2350259
728724
771326
787758
788383
618763
773421
811108
788384
710914
2450045
711808
731273
781803
733366
759499
810904
737469
771327
2640016
732639
771328
791083
775689
1242422
734356
1772034
748360
731877
767759
773820
2497465
771329
720235
2562599
737470
755731
773821
1776945
2454542
2672385
731274
721220
726938
790253
811105
1778659
787761
1779216
723113
775691
791839
1338877
715471
743140
2381160
2497458
709044
712677
743141
1285196
715439
2049166
2053235
2640037
1127856
2045088
1166201
2640040
1151376
1879117
2640041
775693
744940
715442
712257
791840
2640054
1879119
1164335
715443
769554
711810
711811
711812
3390919
801630
431989
18284
127188
464113
1303122
18288
575911
1031829
532770
18291
521371
2582807
1073998
432685
434074
228243
18283
872627
2582795
692271
381639
2635623
579324
381640
18290
381641
2501790
224412
420099
2582799
18292
420707
2582809
280732
93549
2582810
265457
845550
1333773
18286
464122
18280
974928
1475492
377433
18279
654469
948238
941283
3572955
1065494
974929
464119
2582036
427190
2434933
2582815
42106
196311
381642
93548
1452968
639455
464114
18281
642798
42107
1626466
1575600
1601070
1647774
2056085
1601415
590319
1587788
2071585
732920
721094
721095
713775
1168379
1269574
770863
478371
1165357
714468
779620
775694
729988
777986
734292
445383
789436
1266325
260361
6842
6841
296129
35465
1652792
767762
780325
711666
1333158
714798
1749131
1749073
241417
242640
1113059
225682
718408
783018
712258
713043
771692
773422
718930
783321
789960
1229023
380009
506753
388756
506397
769556
1168943
1599170
770864
402984
593372
286377
593381
372201
296297
721221
1582562
235262
296307
296311
242531
473885
262649
525191
254941
296373
235582
254934
254933
525190
254931
454487
296387
211410
254929
254926
254920
254917
254916
218370
296412
454481
525183
254928
296434
1251054
789961
770124
724324
787653
1282348
778256
770687
788508
775696
777105
1279724
713337
777106
262600
262601
773294
773295
715472
730284
734529
570006
162727
837873
1769204
177977
43908
192111
417196
412281
201642
532047
43915
694345
1105565
1574905
296556
296557
779705
138289
296573
296576
296578
14278
296581
296584
404190
572162
372582
43801
201195
201194
513024
519533
43708
1524904
463554
201214
201215
12959
43750
180486
532409
180489
43770
43782
201254
36746
36747
3315890
509431
957942
12954
201387
201270
519433
201276
201277
1805845
201280
201279
2734117
1072597
201283
965149
36750
43840
649240
180500
191545
921873
404208
1480581
404183
201188
201315
644207
427164
201398
201319
201324
201325
201329
1021015
201330
1009997
1441891
201333
201334
43720
201335
43722
514526
12957
568135
201350
412834
419465
1067931
201355
201356
2125455
201357
423597
201363
449306
201365
201405
791844
773296
773297
773476
1576872
787764
429780
377373
502309
435220
445849
218765
377218
1265586
767768
2212070
1285277
214425
1324399
954126
214424
429183
92451
265149
1745312
214422
1738105
405939
265148
393578
214419
429174
214374
843573
2053225
214382
405923
92447
142077
575043
529807
92458
1074129
214416
666168
1691284
846829
1523717
214413
823050
858011
1762727
1067347
405925
1757309
844336
393569
214376
237117
460376
184555
16237
16236
826742
141355
429176
214375
214373
460368
825947
418209
1066054
393567
142654
214433
214432
29705
2116358
237116
1487230
429181
214395
824730
186284
265146
92455
16238
2885468
265145
1459781
643911
214393
134415
134413
214372
1067616
784980
782400
730662
435103
769259
767771
767772
773423
296911
436677
193691
260006
39814
1296988
422166
39816
224125
1976538
3191931
1013559
737716
1708224
976114
1032618
208690
1687557
617452
1066831
214269
383938
137019
1078869
2725768
1046728
1660216
699857
532556
406729
414099
737792
751205
406727
992827
640405
1061461
2955487
855425
701987
1196263
774114
941217
728337
1618946
446406
709968
780096
708314
780331
787767
715902
778814
2186943
1701129
97978
4377
97981
97982
97987
97909
97912
4373
4379
97916
849794
97924
97925
4370
2228095
97944
234292
1188124
97960
1694435
469053
234293
778815
775701
1596160
1597277
1597289
1601897
1582338
1600429
1602754
1284620
1598987
1582349
719377
719381
767775
783322
403272
767777
784981
403273
717141
724559
780020
789265
775703
758670
331223
256616
256605
256606
769558
4044
1064772
769561
331357
4048
4053
2734130
374344
331363
256611
4046
256614
1254323
260231
260230
260227
471915
217340
707008
3025956
235469
592088
2575086
975749
975614
3026199
1216019
1180137
1269909
1614588
1530005
1670508
1252377
2736222
1572835
1565060
430823
1202249
372197
445728
710310
2054245
2711907
1588878
780812
780813
1067260
2443009
1067424
1686222
1705386
2430907
420675
4082371
870388
2443020
2499552
1509978
3054736
3728883
2542811
721144
1169867
1528271
1164475
1160732
712924
1675765
712925
472726
1166121
539952
539947
472727
780336
1082186
472722
330622
129431
129430
393366
6499
330631
2581278
393369
2167243
330640
2650673
2359088
1299887
403387
733620
790496
777943
767785
782401
403044
403045
262583
262585
262587
727226
752037
729737
1601069
284164
1419269
722924
1921477
1167408
1986014
37042
2189490
1586738
731487
712260
1165416
1144072
788723
1123906
780338
1165949
499274
709138
1164816
1170080
1167816
1484411
1164817
770690
714107
1168945
387317
714937
1367616
446082
1167078
1169874
218416
1335899
778816
1696343
1442652
516655
2520070
1164632
502640
985302
13892
13894
3297299
1169875
1167514
1166651
1169750
1582659
1112780
1169876
1164820
1156269
1169878
1166917
1166195
984968
1165015
1049346
1169243
789964
712926
710542
440414
167844
333378
93463
195468
333392
333393
333397
198758
431796
333407
283828
7542
258648
7541
65664
287871
742271
716280
720907
790815
714108
708452
789267
334066
627679
927120
2926448
3761971
128418
255977
1057902
1765271
128417
334088
510012
926986
2930788
128416
440515
17890
40223
1777380
627775
180279
2935136
438310
2173744
2928284
1766890
695321
1024967
412950
3761728
629361
927687
218450
544091
128426
808683
927689
927690
630609
630610
1759409
1758577
630611
477817
237749
1666119
1168905
630284
546857
2446989
334130
1026734
933432
918980
2930133
2931730
572387
128423
918753
218447
918761
630299
412956
695855
627779
1739280
630310
925762
544105
1735542
218443
922445
544086
1727887
1797477
1793948
920950
3415587
700579
854674
128420
548039
548038
199683
412948
630359
412953
235263
334181
128422
630366
1176087
1240643
1242826
2039704
1265149
1541304
372798
375881
375882
438287
644499
2203023
1194481
1679101
985328
1708274
133986
1337006
1065568
432039
2650726
783183
133983
133982
770126
377157
1378717
2071249
783972
771125
1410260
1543979
734878
1593317
2072053
1486503
1523633
789965
1444125
709720
1654784
729663
1563779
714109
1401295
770691
787000
2142531
777989
724335
2050537
791417
1167925
705774
948895
1065948
449769
550418
100085
555246
235806
8736
188987
418241
449456
14845
2675985
2675986
2635256
14846
203750
632355
1691100
190379
1217468
1809760
14849
2854014
414288
414289
414283
402796
262564
241934
402798
241937
414284
1164847
414292
402799
548986
6136
1211668
65811
48259
178503
1064992
48253
178504
1185573
21856
2429109
402270
48240
48238
1185574
667141
48225
48219
1183600
21844
48213
21837
335446
48196
21833
1703051
48190
48191
21826
40177
6143
48170
1544987
48222
21836
21824
48174
48169
474321
704801
1184280
777109
730532
729664
715473
789558
1167270
1168993
788509
729665
335482
335514
713562
788951
1256723
1341352
2220066
374829
729628
773478
767787
779864
1532655
788724
422220
377271
38358
418311
38355
1810247
694362
522371
381523
16160
16162
626263
4122
4117
335538
128990
897413
420062
1696337
775708
785961
97022
1120654
542659
772582
955307
379765
191366
97024
379774
719104
707217
252701
380464
379641
512619
767215
476042
1121359
680874
1220207
1207420
8751
1169313
1194285
767788
767789
790640
788952
788953
780815
788954
717823
716623
790338
711817
254648
427633
974912
254652
254651
449872
254653
738564
195107
193142
193141
287769
193137
777945
193147
498856
734530
335655
728217
335665
1141029
738565
780343
781944
335668
1140948
93472
335675
1553058
133476
133475
412937
133474
133472
133479
18083
133468
706161
335697
133465
335703
133463
133462
239799
133461
133485
412912
239794
133484
133483
538274
133469
133460
133459
538286
133457
788391
788392
335755
898500
896915
335762
783325
255966
335776
335777
718983
536215
335782
335791
335799
715376
762476
459645
3337
459644
3346
3344
3351
459641
529238
459640
1298365
3345
459638
3341
372520
973099
2716510
2674675
372519
582210
3340
492899
97400
988403
988574
3339
3347
830332
372518
492895
696978
682523
5671
220021
335829
335833
1807003
855316
1111773
855431
374641
1401411
536436
397539
432721
3340341
1519323
1344039
660105
5669
1454039
450255
188190
208644
430448
468561
448442
5675
665622
418502
1076310
943524
989113
448444
409031
5664
5658
536442
1038129
665112
240948
987211
3768839
536441
578312
521854
989181
488606
1066782
3571526
5660
240950
219575
1997879
1344054
871420
2151928
3378005
240952
219608
217004
996538
1380625
536446
801666
542046
475254
542048
790903
1109879
542044
1804623
143224
989330
791711
1087800
717018
767791
788639
778258
783023
1268974
782737
720830
783117
710311
783326
711325
713933
787226
774405
717568
710585
712502
3702317
2069463
2143073
2491026
1332908
1291456
138467
138462
138464
4530672
4530671
96699
7733
166969
3236697
845455
92435
1254629
456637
7743
1331361
592512
2203048
335952
7735
2681123
7734
1489392
7732
1339668
2203049
2681130
3339803
1338800
68467
1172842
2681133
917724
92437
3586583
813356
2577219
7744
7730
92436
1634683
7736
1203967
1222775
1634085
45367
448938
40733
240197
40716
1798759
2059608
40706
40702
521933
40701
40699
40698
40697
40696
448942
40692
636262
448943
40686
40684
12872
40683
40682
40681
372656
12871
40680
40679
40678
1392074
45348
181552
40673
1066783
181551
45345
40672
40670
40669
1712183
12873
45344
40664
45379
336021
40662
12870
12869
40660
197778
45374
45373
40651
45364
40649
477721
448945
40648
40641
40640
1327044
1584679
1356178
1642120
1227684
787227
1285321
1285322
770338
770868
719316
1255528
716068
212765
727228
788955
1223966
1294725
777768
194262
336036
779657
4978
785739
4980
336048
286793
4975
336063
767793
288558
336066
336070
198902
4968
336092
779658
746339
214594
749809
741966
214620
381199
138141
382954
3110
138148
2194451
2734172
943110
1076782
3586650
1458045
562304
3377753
336205
3359209
3586670
18116
18115
804198
436413
478312
478311
478309
706656
544540
544542
705472
702299
707261
30381
1318082
780348
2456384
2456403
895866
2052050
1769397
1699154
6469
898892
726022
1786522
336273
1788346
775711
336274
336275
896208
777946
721225
190395
724831
445631
576901
445493
528475
528467
785633
1164873
1240526
528469
707926
50609
448971
96720
183233
641544
1801655
127850
137216
188255
183700
215501
132748
127851
41650
630046
90964
90634
90654
220448
570175
645314
142708
91044
91053
36575
91062
1729503
1731638
36577
91104
91105
91108
91107
91110
91109
188119
91111
91112
91115
91122
91121
91125
91135
91134
91145
91146
91147
91148
1417674
577710
827451
41651
2798450
2447341
455620
91246
91245
41652
2093480
1762
455631
823501
91270
91272
638846
91273
450154
232810
90503
568928
90504
90507
489908
422795
561171
90514
90513
483753
433880
1784640
1066604
142767
90539
455471
1021004
41641
192221
1057949
90583
818775
246389
1504444
90625
90638
2819272
1772564
2073483
142614
1759
90718
90717
483664
90724
427602
90737
90750
41644
90764
576261
483724
90771
1039589
184645
90789
1780503
480909
90791
2673297
1780893
218040
90805
427606
265573
1753
90812
1764
1756
569189
1783071
90823
427603
90837
90836
90835
2700968
90854
455537
1784426
1784432
820546
90860
90861
233888
483690
90868
1492933
1785226
90873
90874
428497
428477
428464
90878
90880
393457
820674
428522
633496
90881
90882
187518
90883
2453475
229885
1786275
820781
408484
237385
90942
439192
90943
483671
408557
1685955
619522
408475
619523
936706
428545
90986
2587531
455571
91006
91017
91016
619571
233647
633493
655967
91037
1796214
1517490
232954
89540
3398955
2561249
36581
1749740
1765244
3904169
3652390
1772913
3614081
2490650
1776118
89208
2567489
2029801
2106493
1783188
89234
1967903
2567456
89282
182662
41596
410411
142426
958041
89551
921162
410445
89165
142244
520541
89172
36582
89179
1494223
237131
428352
633497
1769181
183760
89186
185673
89189
619537
89192
633495
561174
455141
89198
41588
126891
89214
89220
647328
89245
89248
89254
561175
141058
89267
1789871
433914
89279
486911
8931
935757
410514
234622
89341
126892
218057
410436
41593
428337
89357
483816
433923
220619
1318850
142773
89393
89400
89422
1732998
1172512
219294
140866
1735470
3296397
1735630
3722989
1735772
2567490
89479
2773670
2453192
1736274
3296386
89497
2673898
233214
89506
1736962
4085293
1737047
976770
134376
1298805
1329873
1329971
1329967
986893
4277376
1462769
1329867
134377
1164883
1624029
723818
719964
722414
14393
14384
1458111
14412
336460
14402
336462
255609
138116
733621
336468
16247
16246
721735
801713
206263
138559
93589
93585
773482
787230
731671
786482
773483
3893681
2219525
1675782
2591843
774406
775717
775718
774828
790503
711819
728727
787231
720749
1168915
1170464
756731
138739
253224
215010
214999
670119
1203150
1199970
587375
138742
215004
336621
8072
896728
241246
526339
220759
241252
414861
566870
1691887
1335392
2650962
712927
1698869
790504
724129
258781
7704
336670
708458
715474
718004
785964
1090481
336742
336744
782402
767801
220870
1102313
193723
462949
260683
1099609
193388
805980
775722
444499
1167160
265259
1167921
372158
781681
788725
791855
781602
785965
1258238
769563
711326
3236724
1180103
2059305
1073321
29735
1067128
381940
30700
1031688
488564
138514
214868
138516
787581
791856
41480
261569
458843
772846
709603
783330
783975
710414
336908
336909
775726
775727
775728
767804
783331
44228
761407
44231
12229
12228
850234
2734207
336920
280139
1343089
336936
138183
138182
777993
775729
777994
784986
284469
94311
284579
94334
94343
198495
94358
284800
94365
555770
94366
837557
6682
6681
551237
3775114
3775112
551891
1698871
282164
94264
282410
377823
281067
194354
94270
290700
6679
94278
545009
217224
195490
288438
281014
195598
6671
94289
167019
2674980
167021
284254
551236
6674
4528887
196175
94300
2912979
242418
498954
6675
2153164
167023
288860
2693796
6667
197004
94315
655896
555968
2203093
280068
500922
94321
128949
94324
94327
94329
94331
197504
2674972
288830
665724
217227
242527
2441107
286151
1991591
3776168
18443
283243
500678
94340
1184483
94341
2199521
381677
291078
6668
557110
1444196
775731
790505
445321
432606
1180923
1207606
774830
775734
1698420
12941
1162323
741946
783976
220880
383753
240983
240984
504918
240988
376953
387347
518084
387328
221015
260563
379229
389386
210128
220971
260565
383758
389387
695582
221017
698064
383769
383773
383759
241009
241010
383760
813153
235621
383774
695245
383775
383761
383762
221010
1164463
514310
449932
512367
393379
373524
240972
235538
240974
1213956
235452
459846
220878
706279
194868
383764
720099
790819
50793
50791
424125
722352
132799
132802
218310
694269
132805
1177291
132800
132801
132798
973102
218312
369682
495145
132803
208792
253066
253062
488490
1324226
286174
8157
3895753
595262
137082
8158
488491
8159
253063
1260121
789560
790507
734881
1298817
3176241
816698
1189446
569319
337067
643909
8402
774034
536181
337074
655129
468268
2057592
468265
719761
337082
337083
637068
337086
706130
1044931
2141445
337090
337092
259241
2575870
582950
21390
774831
337104
337105
218681
95358
465838
382459
235622
95363
95362
95359
337114
1204115
726830
337127
4342
4341
262091
262090
1568780
784987
771333
777996
262092
791859
778820
775738
992828
337158
782980
402731
1251710
1270327
402738
402739
1280997
783980
402742
1267514
402743
775741
719231
790509
717074
719232
787769
784988
771335
508136
508116
1582334
508580
1268898
770506
500138
508569
1293726
1318149
1055985
477585
896481
337268
16206
3779694
1470010
896544
717895
337302
337303
227072
596954
165204
828145
666332
130382
193261
786860
1389371
785972
711327
714958
1168842
1164696
709604
714959
1674580
445976
1169914
1560003
779225
1169916
1273760
791466
281417
2158785
1155245
565347
219415
380348
1862
989221
411807
2046315
941193
464446
720274
711329
2431343
1062261
731163
128986
337410
2203113
128983
741968
1175192
128988
128987
895664
193296
786863
707066
707706
136209
126964
241226
532514
126968
2574088
1452727
857168
949685
337528
337530
95552
7928
195686
938392
167714
862932
866921
866863
143144
636112
867016
193702
716739
773426
1321858
1230137
337581
659958
898231
705712
38912
769569
788957
756021
767808
791864
1684216
737745
1684217
773427
1684220
895315
288895
285271
1458185
9473
1071996
866560
377069
1064488
812278
498768
865874
689726
3249789
156335
9481
800983
9474
3251572
9475
191120
635157
1064498
866559
2159683
3773704
812281
866006
3382582
1444626
9479
497256
989367
9482
860883
1056891
1432595
9480
9478
812283
9476
265467
867082
862038
861698
1064475
800759
867037
708516
559351
710312
787773
1529592
433559
189835
385586
782085
779405
3352584
1077076
430951
782803
788958
791865
788959
1256912
771127
787238
711193
787240
786485
769571
1629553
711194
711195
767811
727072
708523
791150
775746
775747
711849
1675234
3257624
691582
691583
1601119
1587929
783337
48325
178038
48333
767812
261428
464175
784989
767813
780830
790254
716758
774595
469439
380588
469483
381173
469426
2651246
1606667
8363
382437
707452
469438
383001
382461
445847
537231
381436
779303
469449
779304
578725
469453
1140892
469462
469463
380579
771283
469482
537225
380569
537234
380577
469491
1563074
377298
537230
1714868
5853
194115
5858
265471
702179
998077
532549
5849
985204
3510
501325
198703
235470
92717
129813
129814
710415
3025299
778261
636044
95371
775752
330749
1054812
972463
330754
439895
330759
618715
236454
236453
801738
2971429
100581
95369
786486
780355
770507
774409
1260138
1234934
708525
775177
790255
1209747
785006
1209748
781604
1175564
727231
779406
711305
1221840
1280816
791867
767816
767817
30489
529887
703030
702382
2224329
13782
703343
3584291
801742
986916
777999
712427
711850
717171
786730
786731
1271261
709721
1554073
788085
723023
728143
780835
710544
708526
773428
893358
330967
1639759
259737
892574
198817
2937280
330972
285395
235325
2948036
285394
798254
1089486
95270
330986
95271
596159
194223
784880
767113
95272
95274
194231
706119
892641
772630
330992
330994
475120
194230
194229
37084
707068
194225
37081
798233
713573
780098
778821
716759
777957
781947
721097
719629
158010
1169621
262473
1208027
617681
617682
716836
134120
331100
972257
331102
1992373
932369
161333
1676815
188230
664
665
469122
331103
695443
331104
627072
1048663
627329
1394296
659
1048661
668
669
627365
536970
671
663591
662
680
568712
627166
677
1067579
161334
546154
1427775
775756
770508
260986
785852
769573
710243
731585
731586
708664
731587
180161
801750
770340
801751
1248375
767822
1249668
1326078
767824
1649576
218967
136735
2521316
136733
136731
783983
791870
786487
723820
780357
782981
773649
779227
712928
2443749
130071
130072
211978
331127
130063
130064
383084
772447
767827
331162
331168
331169
331195
708529
331204
331207
331211
708530
982112
382069
772849
731073
772850
775179
718270
775757
776343
777368
773429
783119
726277
789880
978268
712902
775760
331298
391143
574191
1149290
871532
1331326
431481
1802538
951741
217029
181744
696738
466282
392737
696826
181716
95631
181738
95630
181715
405332
167853
95629
95627
534645
187816
181735
181733
390228
380262
95622
160317
516349
1600552
95619
181711
4082197
974618
1447734
388778
381118
181724
181722
181761
436118
30295
159483
159482
516380
331331
643400
468784
1639029
392439
206068
420374
241284
1096940
206072
468771
206073
1117694
206075
95899
206080
378115
406457
167263
1626219
206084
389768
646236
698912
658883
95901
206089
649788
675624
1270807
241285
193911
206094
406454
587988
998403
138178
206117
658261
206100
206118
206102
385743
772185
206104
833803
206106
206108
206109
2443686
1333049
3384044
140740
1678783
390542
511237
378056
761
763
708861
218723
377064
331379
331380
331383
730643
710196
435961
95126
95120
388062
257801
380238
194308
129733
129732
194291
871820
506284
2055025
129728
1995419
465548
129724
129721
516944
129720
287802
281124
281125
496132
385695
95109
129712
198967
226843
129710
386746
380917
387814
257764
257762
257757
257755
257752
257751
257748
386744
257743
227730
226842
227724
465445
129707
452824
499052
129706
95102
198375
235444
384148
226847
257835
514946
129761
257833
129758
129757
95137
95135
95134
129755
514945
387292
95133
129752
331500
129747
129745
3233268
95131
129744
129743
225083
551527
167336
551937
331514
129740
2070678
95129
95128
465592
257795
510528
257773
533979
193880
193879
534077
136652
791523
785013
776344
784457
2377115
3300970
783123
1282954
780099
18310
29595
18309
893616
331698
257465
778012
716761
774597
777565
775763
775764
775765
1265522
3040654
718271
2361867
3133095
730664
3133089
1275346
2505367
710587
791153
791873
791874
730667
777958
790339
727233
775768
523675
523679
1064798
1768273
787775
770342
718683
767828
714964
782404
1574605
1500334
261566
474956
474954
541773
261565
189338
1499843
706289
943161
812532
137622
137624
1466209
1000132
1359801
774762
137621
541787
570847
648968
702333
137625
703432
1170345
425215
541781
541789
978485
787361
1542219
726698
541790
2591004
240715
1990928
240713
521063
1329938
432534
1329934
808839
1107213
379838
726317
194857
1329933
373960
194080
724875
848976
965681
698747
431726
1711508
645623
130224
207032
207033
422127
985353
3340847
449147
488391
976279
934399
801776
207088
12879
1318908
421259
449164
1757816
375510
378927
982024
29888
4531776
1063573
206961
2435687
2922025
1343156
207050
207052
661206
207053
207056
207057
452471
464902
207069
1016528
870189
194555
212125
449958
689785
206972
801778
12878
375508
206974
285909
130219
207080
432034
985318
938446
206978
206981
331730
2941530
958319
29886
839313
984832
984831
1508868
206991
410982
2203163
379254
12880
381961
375505
206994
1325038
206996
206997
432025
839303
650423
427011
1804532
436661
1308640
1342672
224077
3238770
533495
207012
375506
12877
464912
3906897
372973
3906896
383825
207017
207018
840614
207019
380389
207022
2578870
1344839
835364
870747
978919
410984
1218166
1325039
207024
520893
1478168
207028
196039
782738
2780010
1403790
2859309
1418978
893219
894065
261772
331831
241575
96137
130649
1384856
130661
130660
130659
130658
30935
130657
93660
68574
1066894
68573
206880
68669
648916
206873
1343886
430087
1048587
372740
68664
189965
572287
68662
68571
68570
930321
212119
1705492
427057
530440
801789
373157
189926
982041
995420
206944
449130
68565
68649
68648
942302
1024963
1300554
1686141
430088
189922
206855
932443
190011
429924
573704
68643
420883
68559
68642
206854
12882
68641
68558
206853
658621
206852
381568
2506369
68557
801791
206851
1074453
68554
68553
461276
68552
68637
68551
2430247
1098276
206841
12902
426175
801794
189976
138982
589810
68544
189843
1454054
372966
1393964
68631
68630
206814
206822
3338839
68540
1444800
2833642
576683
68537
430089
2672178
1686144
418476
870417
189942
2203182
189990
954384
838141
429551
851568
488378
2775809
461268
206818
2203183
1064821
383819
1458265
189968
1024964
68624
206811
206810
190013
12891
206807
68533
189933
190031
516847
658067
68530
12887
1411637
1116769
36753
589852
68613
808862
861493
206794
1685431
190016
68609
957303
373282
861214
813803
189867
68607
915838
1179015
189882
68523
68604
838246
381569
68600
206790
1686148
574036
280527
837128
189961
189869
1175195
68598
1686149
206734
422367
2504563
1012963
189924
801804
452271
589795
12883
189949
372566
871911
93639
68592
206781
961713
372741
206938
189917
189929
206936
1301469
68589
1926018
374331
283885
1206579
206761
282973
372865
189996
1297050
2910148
2834332
1999484
68508
801813
2572473
1986502
1916227
1474078
68506
68505
1057080
68586
390676
189913
1510730
68502
1065177
390594
429575
189872
190018
373136
189945
68585
190017
189962
1032678
206755
206933
530489
1477244
206750
976292
68583
801817
1071939
1418113
576745
189934
68672
444533
68580
930374
68579
68578
189871
206929
206745
206744
1000050
587828
68577
982639
68575
68668
68656
2855720
495270
975943
998557
12896
842887
449901
582634
812176
280476
423370
972887
189862
68615
206927
567303
68528
68527
68597
68596
68520
1369705
206942
93664
206801
461262
196020
94092
245903
234412
6360
287829
6359
194947
440255
130262
194839
94089
938920
421969
6350
331982
194498
258882
331983
6367
331985
21344
130258
538468
245897
69411
157596
6370
709139
788640
727910
734296
734113
1144743
773488
781949
94088
777566
445875
711855
1105953
715948
791155
403612
789967
724597
729114
780359
790440
728645
780360
716297
780361
714940
724598
728646
786732
777567
781685
770131
724599
719317
767829
783990
2504002
967316
287364
2751382
973516
943967
195964
2734323
1076791
288726
973515
639640
374098
1498315
2734324
2734325
595313
2191815
598092
235398
501603
290133
194842
259145
1510983
194505
594531
2680875
288100
332032
289123
1446289
598701
951369
1070887
290081
2201969
288555
1383688
956883
2679668
194214
332035
6590
2679946
287035
1446335
500323
3776883
332068
211392
129505
129501
518333
332084
332085
129500
129497
1101719
129492
129491
332103
771338
724693
773126
775770
129542
789970
129540
9450
259420
332149
129532
259419
332156
129529
714130
129520
259415
129518
723153
597281
332182
713565
332187
745857
715562
129506
740169
733879
1654486
1624565
129494
129539
1629083
332206
714472
129511
332208
129546
3014382
812118
6161
437993
68066
96499
259913
474869
474871
474874
259911
259912
541709
259909
791119
786868
560641
786265
332241
785017
2960660
128890
1237711
332339
239551
332355
713777
332360
332366
332374
332377
332378
332379
332383
789707
516570
775784
1268264
1259921
1592314
1621663
1242774
791878
1243484
403608
449923
332440
128733
29582
210728
381627
18379
2651550
785018
282381
702336
391071
14872
332489
134904
134906
2064233
1637705
134900
332509
6646
2651567
741896
377121
1235464
713888
1268706
332624
6346
1686097
332630
332631
1575994
332633
332635
1197111
1297
43873
2720001
12653
12654
12652
47718
47710
535503
202340
47702
47701
47700
47699
47693
47684
47675
47670
282653
47663
47655
405075
47644
47642
262336
47629
47628
47625
47624
47620
47612
47610
228171
47595
677006
47588
47586
47577
47574
47566
47562
47559
132137
132136
132133
47547
47546
47539
47537
228166
47521
47519
47517
47516
196156
47511
47503
130683
47488
497020
47482
165766
47475
1219966
47470
192148
47447
47437
47433
682501
1202735
47425
47419
1748323
47418
47410
47407
47405
47398
681174
47390
1211070
47382
47380
202893
192152
47374
47373
1745889
228145
1013432
47367
47359
47356
202874
47351
47349
202329
47347
576118
47341
47333
202858
47329
681567
202842
282655
202325
47305
47298
96301
47290
694572
178192
47276
47275
47271
47265
191135
47250
47247
47245
47236
202796
47228
47223
47218
47216
202786
47209
47189
47188
467346
47165
47162
47160
47159
47152
47148
137798
697111
178205
47136
1200489
180572
47128
263477
47124
47110
281838
47074
703110
47072
283492
47053
682505
47037
509581
202305
47015
47008
47002
413058
1212719
238784
202304
46983
46982
96289
96288
46971
46963
46952
179180
202612
130666
467121
220885
993535
46929
46918
46917
733526
978740
238766
2651654
535163
805713
413203
220852
238762
413050
809014
192167
192168
238760
192169
192213
192171
220962
691750
192172
192214
192173
192215
192217
238751
1205980
192174
46911
46906
405101
238748
46886
46877
202575
46874
46864
46863
46859
1179544
46852
46844
46826
46818
46817
46816
46808
466969
46786
680494
46777
46775
46770
46763
46758
46756
46754
46750
46745
46742
46731
46726
46715
46705
46698
179594
1522765
203302
46690
46681
46680
46677
178246
46672
46668
46666
46664
514881
46656
46655
46651
46640
46635
46633
177967
46626
46617
978037
228058
46608
618464
46604
46602
46598
46595
46592
46591
46586
166228
47841
47840
47839
47838
47835
47832
680400
1219810
47829
47826
47823
47821
517063
47814
47812
47807
47803
47802
47795
47792
47786
47780
677497
47775
47773
166259
203204
502199
47766
47765
47764
192176
192177
1193101
47759
166263
47757
47752
47749
166265
1193897
47742
47741
47738
3629792
47736
47735
47731
47729
47726
47852
137833
47848
47847
178665
47846
46582
46578
47692
47648
137826
47527
47523
514880
47451
47444
2504988
47377
47334
203142
701243
203141
47158
47100
47098
47078
47049
47046
47040
47032
47001
46978
46973
166326
202868
46805
202774
46779
46641
46587
46576
47703
47678
47178
178278
46687
691764
466819
773847
1283171
722431
1231630
2067299
737173
1246770
788513
774291
1289001
788514
1554138
1280772
1613988
720664
709625
709073
714133
712366
866659
801838
1308275
438054
715564
257150
333014
1494511
665011
801839
774293
1221151
781606
218863
1280392
777369
791879
777959
778263
775182
199707
619227
1329349
1471288
1163236
17228
199752
74348
101351
1163237
101310
101393
101469
101349
529313
3380959
2120816
228249
101156
625114
4232233
101367
101320
101173
161215
2725494
659067
101307
1469491
529315
101390
101388
101430
199715
101195
1785779
101456
948196
3634086
1743597
1990321
2013532
101237
263829
101452
101361
3147563
863790
263854
1769481
2032118
101185
459762
561178
2035506
1172323
101365
872592
161217
101297
529319
1489113
17225
495541
847253
101451
136845
2498858
1474997
3666960
3380960
1781376
1465364
101342
519597
101434
640050
199727
35964
636412
1072145
650784
199698
101129
17205
618030
1786274
101455
101253
101323
17227
429978
101444
101106
1788109
199700
844024
667403
101377
17200
3768977
1523561
1339754
1483582
987809
2575879
199735
427009
101407
101316
101165
101254
236994
101446
101246
1177285
101296
1486385
2757881
529317
444545
199737
3075297
2886107
459784
101467
573925
846467
3585122
689752
1195573
101273
459785
572498
263685
3366496
3386484
101133
101239
101192
101484
101487
459787
101177
101352
136856
516866
226540
408282
213128
213127
1038404
665486
213083
136952
213119
333137
136949
213152
263921
136948
519666
136944
180303
2727336
136941
213074
136940
136939
519688
212979
529286
136935
3720004
523366
1508139
534236
333161
406376
695283
534234
2580954
333167
951489
56158
839124
5412
801843
381730
56155
986324
791881
716762
714134
782940
785022
714135
708165
135046
135057
135054
333209
135055
135051
135058
135049
135047
333236
333238
65688
333240
65687
987063
382428
430548
382970
972924
379986
379985
2208901
780857
144006
643417
426484
848760
30085
160354
30083
30084
1644768
741427
791882
775799
718311
709627
709628
723464
725184
788641
402748
711858
732360
781952
788642
402749
402758
791384
402750
783124
791385
735590
377778
1225183
791387
709074
402755
772855
716763
771339
791883
725770
402759
785985
985697
848063
521150
2517049
718508
242318
1027612
3364637
242317
809132
2512305
1083493
1027609
730977
709366
709367
728465
2343955
791019
745231
1695001
720342
2054835
2083638
1151674
720241
743562
2082905
767838
716299
771340
1164203
707756
436291
771633
219098
137563
800207
379723
214626
513503
138168
579062
469553
589091
436636
546548
2097617
422062
1208890
1338898
1164562
575584
280282
521523
1809700
2203243
373069
662501
1343141
981628
1526096
381575
2608058
537273
2820987
967319
1164336
775804
775805
737298
737299
767840
769577
775806
252575
783347
21727
21728
333442
402493
402492
791745
1112791
7760
7762
130592
257316
282606
696111
220656
694319
1339519
261364
241312
4415
261370
770695
2723905
333638
425702
425719
800204
812796
225305
425766
8799
212817
8813
333640
228460
425842
1112108
8800
333642
425884
425883
425887
425886
425885
425888
812827
425897
425906
3899317
425907
8802
8806
425954
409828
425966
993809
136528
2073805
2897467
2153699
425999
458626
333650
333651
333652
784583
785023
717827
721101
771129
714943
774294
783349
789157
4683124
475275
3605803
16921
161114
811325
945024
661941
4683127
1337576
4683130
4683129
1711524
827701
432079
623475
849622
636389
1035066
546887
963211
4683122
741101
439812
769578
791885
771130
31914
3720401
432383
14231
429933
3254569
1238518
735252
1600914
786490
786491
786492
769579
774837
720911
871304
1528856
2755627
769580
1627264
2045714
1536104
784584
787583
777961
787654
333800
214347
214348
1190704
778017
374233
1599704
333869
333875
16940
16937
701962
402565
677166
474170
134520
156444
375891
134516
134515
2651850
333891
333893
898420
333897
2698288
3669713
333905
333909
333910
333911
333917
895489
735230
333924
333925
774414
779080
778822
710620
779081
784460
624174
741049
789564
789567
789570
1561818
777769
737872
767848
1575872
450474
743754
1579290
445867
720295
445362
1620
1232674
2445716
2418
281476
281331
128849
550641
203645
449391
1458373
2419
2734366
3336300
549934
280052
372747
656636
558483
556766
2203249
659565
702366
2723143
558211
555253
2680883
550006
235274
2098190
1066946
677597
488489
128852
967151
1524431
758225
2201054
786765
788696
136501
136500
142135
945148
136499
8045
140757
142769
136497
127741
142450
978478
183698
460750
633801
633831
2861
262832
2721441
2862873
1146475
723883
235310
2856
1566603
2857
1526238
334245
2855
2760238
3366816
624176
2734378
1455934
3384054
262824
2888434
2074596
262822
262821
235381
334262
930799
624177
719072
235771
235321
334276
334277
2049451
2974341
2864440
264998
388614
785991
801893
376861
1650319
775810
445305
2736244
2886894
1618073
1165708
1169960
1169961
1168742
2060373
1704374
1946118
1302813
585091
795049
789974
1598385
770511
1594847
1006696
721246
1670543
1619606
2170043
16325
1643213
1169963
716302
2740158
1051443
1917878
1017559
752015
1124892
729557
424645
1057038
424644
711309
1683462
712430
728853
714165
801895
789977
1167494
260337
196456
260347
197799
198202
463145
945899
992420
4175
1325104
1344879
4178
827737
783125
775812
771846
1267955
778281
775813
252588
1132134
719460
1131106
779083
731429
501323
500437
1893
1892
1675837
445565
334309
334310
334315
334320
334324
536504
787164
769265
378854
783128
783129
783207
711264
782805
1707500
1706475
1675839
1279127
1241508
1288928
1266001
1335441
1265574
1695004
2498863
2581363
6168
214160
6167
625207
214165
6164
214166
1455942
381524
3240922
6174
6170
6171
136502
1442140
1457638
1071417
1280618
791889
770134
1183404
1154598
403497
1244340
770878
775814
783353
709361
780860
403498
1236340
1235642
1227003
716838
783208
775815
714147
2552768
498095
1802246
65865
65866
65929
586208
586209
65885
256798
65898
4266
4261
4255
65834
65838
4260
4259
4258
4254
282791
199040
557779
1466056
1904869
707602
68843
532827
1484123
4463
265292
464182
334405
532829
334409
334410
432003
427218
775819
775820
785857
783354
334439
2203265
8869
334444
2584388
378272
138521
568300
138520
767857
445477
1301996
1227694
235291
769588
217872
1166589
769267
1167466
780100
785858
780101
1168843
775821
1164413
709765
1170465
713058
722478
2578200
473302
439620
289991
775823
66414
66412
44260
66411
201726
66420
915758
66387
16825
16835
66393
1471108
522692
969855
1324221
16826
66398
39718
16834
66400
66402
44252
1600464
774166
767858
1598493
777770
710315
1280637
712507
727250
723155
709208
730536
1650882
287263
775824
733636
1594202
783358
1238554
1567281
1333154
783993
783359
288813
767860
754605
388353
798216
782739
714982
791892
288014
283126
334469
593874
235404
334482
334483
334488
334490
334493
193901
730214
1583751
724327
282995
730081
1167788
717900
334508
725669
775188
334526
334529
497272
193381
1904179
402979
775826
3341518
3165092
3894705
3770895
771701
3894667
3895233
488039
504758
279964
547748
2664999
547747
514816
1997771
228387
227833
226992
4212
547736
4210
995911
547733
1299308
3337438
4217
488038
488032
488034
1164813
2381767
559418
1606308
1166427
1611738
731083
724724
1301563
160375
1301564
160376
1196100
138243
64624
259091
2430748
559557
725911
402985
522186
2605367
334703
829920
255038
334706
191312
767863
3031146
447188
974376
1480342
334710
667045
3585800
3585803
3376678
552195
255028
255025
550472
1333646
1589663
334714
988149
1388462
1077020
17406
970165
550588
553903
3585842
556413
255019
2780015
2632519
562445
557759
1456812
255018
1458417
218426
556844
988148
255015
556434
554661
255014
2203274
992406
3585887
3376729
3236151
504909
1219193
1453657
2067966
3585905
1699904
3376832
870369
635513
992427
522542
447191
369941
557549
974513
421367
255016
555012
4081614
499491
255004
254978
1057850
718509
2189752
254994
254996
551046
255001
3256617
1618891
812152
1203930
4531833
3377043
635538
255006
931180
562337
3586002
3370320
255010
562453
1441244
807565
430020
632350
254977
1008517
551759
254979
551440
1355638
1470896
3236813
988108
830011
635483
254985
3374730
1458425
2637143
522482
617934
266007
371669
369964
447168
1298377
849784
870361
371670
3066165
1699903
1512833
3066280
447169
254987
562286
562350
1804096
551881
254989
17489
939366
638006
3586102
2572470
556711
1488700
1455983
17492
635543
562260
804577
1375749
804578
447172
508705
623161
3377030
1179129
3835257
763070
254995
3256680
3061902
191151
1455985
334780
3371055
870362
3236369
224788
254998
550745
982113
379993
379994
1577363
1596695
1648610
1167997
1165948
1592240
1166272
4563
334878
130320
779583
488596
130324
139123
369673
872655
4562
2693251
788963
771702
716097
1098288
3329014
3329013
3067259
2290294
785725
334897
334902
334904
712389
5539
235324
898427
334909
712934
334910
334911
334915
334917
334918
403465
783363
730395
775831
791235
709655
779324
791236
727719
1166067
767866
1167999
709656
778283
427932
1166999
780366
789573
1168743
775064
718583
735295
862706
1164839
769593
723973
767867
775190
541700
771343
334928
241983
262630
416363
773651
713935
767868
711873
771848
782982
770697
770699
717615
713063
161451
128952
1806076
128950
39492
435022
235819
1151649
128957
128954
707886
677180
538841
191153
31078
195100
420109
534526
198749
801910
397615
217751
259667
692272
706404
18337
235605
335056
6585
216947
1295070
3910263
1130
335067
862338
194606
335074
1330729
440386
440388
440389
770346
789161
1338467
437211
12272
12270
437450
4747148
12283
12267
597250
1338434
12281
1246736
791527
787246
1170807
781690
775834
780874
770516
192262
95018
192261
95014
896062
285481
95013
95010
283239
95008
166936
128823
95006
283682
128821
94991
196977
94967
194744
520883
476546
289755
287817
284796
56907
280028
497225
838882
288820
94945
94942
17149
94941
94938
94932
235302
259300
199092
94927
199090
94924
94922
94920
94916
94915
198167
94914
94912
94910
94908
94907
94903
283891
94901
1381974
166947
166948
191157
1599849
1601105
1267164
1284306
1224701
712454
1279299
1229855
1321173
780368
780369
1246554
1528887
775835
785025
775836
785027
775837
777370
376949
770136
718810
767874
784462
1167927
1167549
1169658
715629
1167550
717830
1167552
757454
1166906
208078
208077
374654
2515150
767013
702324
283520
1111485
2462290
3104581
1115109
702713
766852
707111
3283686
3026227
707344
284720
283931
1597573
424498
977487
1129812
138437
2577650
214697
290734
784463
769269
767876
725099
791087
782420
716765
726946
781830
778055
1296539
729852
777143
784590
780371
791899
1234784
773436
726939
1286215
801916
378046
679511
974917
1452132
162060
418275
428604
211298
234899
373113
521233
464261
2035801
280500
245636
162059
986214
208161
208160
162057
449043
974924
974916
234697
974913
162055
162054
422067
30169
432584
373905
188057
162052
209165
426934
421138
654820
424652
204172
204065
204016
204069
5641
204020
188957
204072
2203295
5644
188985
2681194
204076
550334
204079
1378865
204083
2681157
204084
5643
188866
188891
204092
204093
189021
5645
5650
204103
204105
188738
2710435
40166
204188
204110
92311
140584
204113
92312
204115
5640
204118
204121
188979
5647
5648
5646
204126
555895
204128
204052
204056
204058
204143
39486
188986
2203299
204147
1239219
787248
717179
790259
777371
788219
717180
748328
788220
767878
1246662
767881
1255346
1258653
716842
1296739
1179507
1247775
729125
784594
770881
775839
791391
730030
158420
715392
158414
1701413
158404
210810
158405
158406
158410
1282693
710903
2256774
718047
767882
708386
788967
1134393
790345
1138996
778061
770348
785029
708652
783213
733134
716098
778062
771344
734423
725801
506590
403570
772461
157613
157614
766918
963695
209144
787009
2734439
2667
2666
2676
2675
2669
1029322
3233544
1517375
2677
987035
2672
1475088
225909
263004
730689
345328
772859
2673
2679
1027413
427186
1186673
586057
208786
265201
1695780
345684
915289
981273
2579948
1386082
423129
345712
345717
345727
1678869
1373547
345736
345737
585154
871618
289396
3377491
235923
235922
224119
559630
1050804
1168981
1585240
2077764
1158759
711878
781967
784465
8283
8281
8278
1221201
790525
767884
720298
1223806
736003
780373
1375803
1205280
983409
2174255
2690484
1384310
3618014
1645267
1192749
3160674
733991
3160675
871922
748771
2064482
1201504
1166529
2071471
1254441
721249
1260228
446014
1357522
2069415
1228843
1205203
746343
436693
1404611
445412
1958835
1472233
1913856
2212593
2418582
1164862
775845
1214975
436691
1415470
702177
194117
1657614
798307
2386047
4084727
750331
728067
2412577
719635
128771
713900
128770
713341
444596
475246
475248
773438
710716
475928
475929
1168986
542535
475930
542539
1164863
713000
475918
542545
779599
475919
542536
1164100
238217
3428
3427
697196
137031
534232
465833
1285195
134319
929642
134327
134328
12040
134310
241729
342263
257066
134311
134312
134314
134315
241735
134318
456353
134324
12038
134329
93330
418538
135405
161402
2561023
2226
182975
43597
43598
223163
420073
625226
223168
93326
496052
186220
1070179
625229
3148494
2233
36899
526675
193118
428813
229860
2236
178692
93327
223170
182977
496053
456577
223171
182979
223174
2237
583075
496054
2223
223176
219160
1799028
480963
43599
223184
36900
633016
223186
223187
2228
2222
1730577
223189
583094
223193
849869
1088219
827583
664415
560744
496057
167827
428807
428802
496059
625240
223199
223200
36902
1208816
496061
2229
1522394
496062
420074
496063
1737544
496064
127829
428803
36903
486714
649525
223219
43600
223223
567944
182980
618484
182983
496067
223225
43604
223227
480772
411955
2231
2238
618485
456566
2224
43605
2219
2218
428799
2216
625256
36905
625261
428795
419447
625266
1066145
223235
1232409
5063
1590652
1699521
2076677
17801
713342
1650863
1297484
421722
716099
449654
192368
422549
1507042
426798
640001
432110
421676
572893
650130
3242530
978926
1054920
475486
844522
1038355
520878
192372
192369
432150
656334
844693
542198
429293
567558
377065
845407
570384
421211
280932
956735
833947
568080
733135
790260
708387
734811
1677280
726677
2653538
1298153
130019
1070305
436397
1341522
8142
8136
137752
96175
160112
864448
13960
21342
13959
40618
40617
40616
181509
40613
40612
40611
448928
1763891
496189
40608
40607
2883997
44634
636789
181517
3429947
1760795
120246
40606
40605
40604
13958
639302
426303
44633
40603
40602
504514
228288
40601
13957
618340
40600
44632
40599
44631
265535
40588
1782247
227886
496188
343103
229175
448930
40585
40584
40583
978721
778286
769601
783215
783367
710916
780377
1335502
712979
695123
711803
782690
744743
784466
787781
1342031
35537
928227
46153
343500
46148
46150
241469
177840
165456
202109
36873
46156
235059
734
46138
46139
190215
135472
135468
135491
2581665
135490
135485
135489
259466
253
135487
135482
135475
899822
135465
1066146
790261
712981
708766
721610
785036
778835
773570
6654
381725
259850
343846
3023623
1801824
128827
2421993
780104
1899
2691456
38487
38574
528480
1905
38567
24993
2734449
24997
24999
3907157
25012
38290
2203313
571821
25014
25018
801945
25020
587716
25021
25026
458809
92400
38275
25031
2680347
156003
25036
38281
25037
1901
25039
2734452
25040
25043
25044
25045
379232
25047
439039
3666195
38570
2203318
25069
25071
25073
1675907
25075
2203320
3588707
25016
25082
25083
458806
1902
25089
25090
2680357
25094
1897
203642
1898
25099
25101
25103
775850
1304745
1043590
1708508
1050816
767889
770137
791912
712993
1229746
782807
791914
382303
162627
1259048
492926
12564
2442325
492924
439310
12550
12547
12559
437004
548123
12568
2682093
12552
12558
12553
12557
12542
12555
492915
492912
619921
12566
12567
12554
723156
900163
218339
546932
988076
88762
2579398
1164865
1165419
791915
1170808
1164785
714232
1170628
474215
474214
541259
767376
767377
807450
984581
3769564
221576
703461
474226
578124
778065
1325897
813278
769270
137212
718935
2688032
702620
264100
137635
213941
919937
263412
165391
449834
949252
12502
222839
177704
3363263
36859
1028591
263559
1679895
264260
213908
1458510
213927
477537
263399
12517
1687722
265447
1470300
12514
1332771
543900
12515
155839
217016
811253
213936
180541
1066978
165398
12512
12511
12507
190764
3339535
948
92901
194596
252985
344784
426185
92899
558919
167145
933
942
3339727
555363
553506
932
938
553636
930
344790
528328
551496
940
92896
92895
1070505
973576
1546896
558213
550856
1251981
1301844
1071414
854615
381567
372371
568792
284172
2203326
933199
807421
2927179
939
198077
925
1353182
1066585
1102868
68479
1050398
265179
3759084
553205
2935679
522884
551757
92907
522669
556862
928
555030
129154
68478
555286
935
195074
944
945
496895
1514446
554550
926
917831
3251806
521991
1063917
92904
1895462
4951
284535
777771
767892
767893
783216
626261
89994
90136
90135
90134
90211
90274
90298
90297
90306
90343
90388
90403
974958
89631
17105
89640
955911
89645
89648
561169
89651
1752818
89682
455379
89684
1048910
619504
17079
89739
89749
918697
957817
89920
1332634
89934
89955
495763
89992
17088
17106
90008
1365656
42192
90110
90112
90115
90116
90118
90120
1528668
525811
2833328
90133
572275
90137
90138
90141
90150
659950
90167
90171
1732140
90178
17094
433851
824248
182516
90194
90199
1523598
1735971
17096
574220
90241
90258
90264
90272
231105
41640
90305
36557
90319
90318
90339
90342
90350
801205
90380
29654
433856
90382
520540
90390
90391
90404
90409
90408
90415
90439
90441
561172
230595
90456
42496
17085
89610
89618
89617
89629
142276
41632
41634
89696
1343456
89818
237316
433869
89822
449776
89825
219290
89846
17090
41635
1779288
89871
89877
89884
89890
41636
89895
17089
89907
89906
89909
1781578
89911
29657
1782160
492688
89945
89946
17097
479696
89953
216336
89957
89959
41637
89966
89965
89968
639057
89980
90006
233523
17099
90011
90012
663235
90014
90016
127621
90042
90049
41639
36547
90071
479712
90097
90100
219292
791917
710917
719408
710918
787012
156204
402989
702568
789980
783997
1237863
1249991
710796
769271
786004
1277354
766709
2180685
766570
785043
786007
1181322
775857
775858
6858
545541
344918
344920
36765
68002
9375
67989
9377
67980
519384
67974
67968
67967
67966
9383
9369
1188516
242199
67937
9376
67932
9406
9385
201517
67884
9395
201503
67844
67842
9370
67838
67836
9401
67810
9392
48298
940929
67753
67749
67745
67744
67732
67731
1788496
67723
9391
48293
67692
67683
48289
48286
67659
67651
67648
67639
67638
67637
9390
67633
67632
67631
68055
68049
68048
68032
39444
201440
1684121
925751
67996
920689
67927
67821
67808
67807
67778
392337
48279
391439
757184
95405
420024
463269
259999
240679
463263
414633
516029
220789
414625
240674
463254
235224
698067
445871
532162
240670
532089
414622
259997
259996
1586566
1579664
240667
240666
95401
695801
240664
1678778
1153876
1553093
391119
698366
463235
380956
948476
95400
1772778
240663
700351
240662
414634
697145
800260
381545
1130397
697655
532134
240665
414624
414623
703369
474745
541574
582919
474735
541605
701958
774059
1118676
541592
474720
474718
568652
1364151
260335
705824
703323
541568
474701
1562562
541578
1054133
474687
637857
426113
541603
541590
704628
69850
872004
2576562
697427
1142907
541581
474759
782424
787584
156209
781707
786008
718010
736365
743354
252806
786009
775860
786010
783306
746445
778837
772860
726224
712983
156205
777772
773131
383031
345147
631920
515225
1172490
791475
17580
133954
208674
1208710
224082
403583
403584
403590
1176457
403591
712455
2052551
1641726
734533
1701455
2722168
1370337
4189859
775198
1600452
731807
787782
767897
787972
770519
807621
380952
262646
226688
541335
423767
846771
262641
60512
262642
541337
226689
769272
780380
785046
789982
377356
386897
545449
262108
423145
211942
436369
425294
1192475
446832
128388
128387
128386
986820
1086134
719010
901814
1256272
345197
716845
724878
445947
1693338
787015
787016
786876
746987
717832
778067
778068
767899
767900
774841
767902
767903
770521
791240
712052
1288203
691523
191173
691519
992952
226708
2720074
691520
55871
691524
55872
1711571
431124
226701
218718
385400
709851
903324
899716
4845
345428
1164870
733625
1169361
778069
468449
261731
345503
345504
900169
261729
261727
261728
261726
778705
901884
468440
345512
261722
345515
345516
261721
345523
261720
345525
345528
468438
902843
261738
345534
345537
261736
345539
345540
775866
713779
721972
785795
785048
785049
708653
731673
712053
778070
1214509
372538
3391
712456
783372
181444
14061
31777
345581
281247
13742
345600
783307
260577
260579
345628
345636
903330
771854
345667
901567
260587
627106
2506350
475537
542246
475535
475532
475530
728706
135202
475526
388568
1712155
135239
964305
3160642
1138298
436681
833639
475512
135235
135217
135215
3317721
586532
135222
135230
135214
135221
1006308
732362
135228
135212
576724
715966
1167812
135219
475496
135210
475495
707707
840538
767586
848909
475541
475528
475527
135224
475523
475520
719952
1529582
718732
721723
1165591
1601662
1562933
1563261
1254337
1569050
1600845
1639389
1634374
1580359
1554272
218720
2597226
2263476
3082183
2653774
375373
426111
453272
770886
748928
712054
770522
783376
784001
711936
712527
1250639
728188
721612
721613
771855
779415
731538
4185
4179
3630022
2783604
17423
2798318
1068913
1339157
17460
805756
1393079
1197972
1047950
2203354
1174813
1254251
1806588
1175072
1075764
1066186
17458
1436406
1503512
265079
449005
1048054
2802793
265078
2154342
1048052
3376731
265077
709194
345810
1048045
631922
2203359
2734505
2502782
372348
1048020
3339557
17447
1196665
372763
279791
1683714
17439
1676652
1676628
1404275
1676257
372344
1212890
1711979
17463
1676650
279790
17456
2203366
1047984
431991
1047980
1695074
17438
1047979
17453
379455
379224
17450
379476
1676648
800761
1676647
1324153
951382
522791
2203368
1676645
17430
3589264
449003
623187
372342
345834
1526043
2153501
3068618
1047935
372339
1693021
631924
265673
1217102
1430052
1404283
17451
279789
2098202
991832
2154587
791243
75132
746194
751224
991837
279788
372333
712528
1048033
937822
17434
1048010
751510
345854
1409788
255109
2201930
774420
990196
990198
990201
990203
255104
1122666
990866
2165750
255103
345870
2163540
990880
345881
1050768
1064713
1450301
29636
2080231
2780023
345891
424625
1246267
1273557
783378
770700
783379
775867
40229
715568
1225855
767908
1723815
903642
235366
12138
646763
1348719
932183
1232531
1329924
700199
127118
380108
477843
415519
127115
258615
345974
345975
1629160
258612
450393
472485
258610
472483
472476
345988
345992
258606
258605
703419
258599
258595
14530
29774
903073
472468
775870
773442
722360
709660
16082
695069
554115
978708
11979
3340315
556278
235608
56239
656955
11978
550886
556661
651542
552860
462898
56231
430735
1071418
557814
56229
551285
11976
226558
128884
208541
196388
257587
226557
777774
780876
721569
769273
769603
783381
712458
60540
60547
60545
225925
225926
575991
60543
1169340
638638
260285
60544
60546
780382
748949
729558
2159974
748929
403115
1237612
784007
770525
346044
2252499
771350
346083
346084
346086
532194
346089
1229880
1183695
241067
241066
241065
241073
66026
241071
241069
1656861
66021
773985
240279
416537
218531
723118
721175
1298918
789986
770526
784600
377348
18114
129984
726513
1224365
129985
1455148
776349
776350
788970
727443
1168988
753721
3603893
783382
445830
791925
478464
478507
478509
478403
478409
478413
772266
706984
766922
478417
478418
707433
544643
478421
478424
478426
478433
478434
770090
1165218
478448
478449
478451
478453
478456
478459
478462
707543
478474
478479
707166
478481
478487
402602
478488
544656
478497
478498
478499
478504
478508
544657
783169
478381
478388
478396
402604
478400
766923
478410
133665
3224444
133664
1778494
240048
240045
133661
472716
2429331
1399300
1698836
2681785
485289
133667
1953049
3818824
1784178
12443
782088
789163
770528
776468
720864
776471
781831
737602
1243124
1225352
487489
767913
1279402
775199
767914
776472
770532
775878
1588700
703886
207991
346194
346196
749098
207986
785
474768
719636
709852
774421
774422
770142
1555340
66072
505894
1098362
1200572
227197
227200
732287
226474
226476
1215552
1197889
1219359
226479
784010
791931
709209
775880
1065560
287634
788971
677804
787793
1225547
1262347
731960
1183074
282975
1336573
1584752
712437
1336005
1678586
1168989
402630
402635
402636
402642
402643
416638
506644
6398
1067019
38961
6405
432006
1360004
287869
1330837
346316
1484937
1580098
258105
734989
258106
346333
2067195
624028
1642058
258108
1165307
675920
1139336
1898156
258114
6406
522782
1413908
2173789
723119
2196842
790823
258116
1062114
899660
1461356
258117
2756227
2059795
258120
346360
346363
1595170
516077
3000866
732363
1146799
732365
1164784
196401
784011
771351
978595
839569
214950
790538
1301652
736210
771135
774300
599471
1294798
1546394
1251224
1287404
1253274
789988
1277022
778087
380114
683883
683936
2068282
403053
734893
790444
403055
1296896
791128
403057
403058
257600
257599
257598
774167
774168
257601
474283
445295
785636
784681
475312
475310
374498
475307
475302
475298
475297
475296
475334
475322
435782
435783
475315
227546
545452
995918
547531
1048556
29792
346499
226725
734310
588674
1219385
497696
1336670
2520247
211041
55847
376816
521111
2231455
211040
217265
522138
391588
3381418
873452
280463
916082
217264
748104
167094
1769792
2185228
1422778
589468
129109
1511491
1699398
589391
695610
791528
789989
710656
775886
775201
774423
774424
712461
777144
2060525
346684
711368
346687
899727
346689
346696
346697
346700
902554
2061944
1659549
786013
2052159
722579
734039
1599173
1053439
235560
2788
3233938
848865
346787
2782
180651
2779
255383
444613
224994
1168034
520679
2777
843493
346792
255392
2791
2790
2778
740285
197636
1341395
255386
255381
1048977
260314
2734543
13613
13614
13604
2854184
36694
709663
735118
3380970
627025
219837
956390
29846
2664772
13318
1435151
945955
2203408
1993
266096
798227
128452
346912
199197
1560379
1276131
2044
2042
68064
438186
191178
1091337
2041
769275
782429
782430
769276
743355
780879
767919
453
346976
346978
346979
746450
737421
845386
346988
801991
789990
716846
1452866
100909
703909
37089
466404
2627610
95747
850725
1169424
780385
731085
712463
712464
671432
377049
737603
712465
2361228
777375
1621546
1614931
784013
1242703
786015
133823
719250
784014
774602
1673934
1094046
1550808
751951
716847
788486
782431
735700
785060
775891
791944
713299
767923
1538658
342525
775892
791945
783399
717721
779873
771856
774845
770888
717696
791246
791088
1267119
1192595
774846
775895
775896
713904
770705
791437
746970
773132
767924
713691
790540
710199
720916
545526
1172608
224820
1512702
973261
899697
16770
775898
780402
724726
4292044
1691860
3377072
522009
1067339
421824
1709274
638658
638660
139448
1174854
375372
638657
3002681
733316
770889
724490
3818274
2143816
218526
1932366
722701
731901
342634
2067543
198582
798587
789991
285914
342648
342654
1599709
342656
342658
1532715
342663
342665
342667
342668
1613875
342671
3055235
342673
2071229
1983407
285086
1708167
774604
790796
1723290
1542422
1617951
749691
1542433
774605
786017
1301668
371502
729972
861290
3172
3173
640206
342739
3166
3175
3165
836287
2627692
189173
2626845
944660
2101494
3168
553516
1065535
188865
65578
1387389
554869
1184269
342752
255481
437464
370939
967274
342753
1071746
1456230
1049830
780403
780881
791247
778092
780404
1799217
780030
2654064
780894
778093
219524
257090
167196
219982
44140
227439
44139
504523
44138
44137
44136
44145
505352
1708922
1227026
720917
1321411
2035301
1683243
279731
1698732
8335
650821
35787
8346
977805
35798
8315
1454775
8332
237770
8333
2575421
8323
379844
1298934
410345
8314
2925358
430465
959855
431804
448997
60667
8331
8317
372316
237756
35776
1068215
8352
1066880
35778
854168
8357
804659
3376824
853442
8318
237760
8350
2038876
1516739
1397805
410347
237763
1698608
2203421
35788
959995
8336
8312
410346
379931
381654
374153
1475268
935768
379932
342801
8349
198071
166799
463948
767925
1232816
790541
781713
782692
767926
773134
780407
787256
778108
1230603
794055
521035
162091
218354
162090
2421548
702084
1170029
342867
264291
342872
262281
226761
264565
539098
226759
226758
226038
539095
511460
241754
241753
514822
389541
226755
226754
390503
2447218
193752
226774
241764
696475
262287
198606
241759
264342
511524
695923
226773
784019
770144
774425
100127
342935
775902
767927
775903
736953
784021
780410
791949
717197
789169
734119
791089
1636419
778111
1670435
1672919
2506305
736578
678700
1280641
1317687
1316816
1317139
508564
508702
683349
1266350
684166
1318439
1804890
785062
716104
791952
938037
29709
1184013
472437
800683
1184193
1184190
29720
846616
1184162
216931
1184157
472431
435282
29711
1184226
211061
802000
802001
2184317
134466
343139
2924964
134467
2926951
713300
7345
7346
1439431
2690504
242466
30882
136253
30883
136254
1253828
242463
1451120
420048
30880
343199
136255
242461
858760
30884
242459
343206
13534
13533
4539010
13532
13529
1491487
13531
900152
3775050
343220
196227
639283
2688328
3870896
1299953
1266648
1268570
1236752
1338160
1336002
262274
194126
288335
1158398
343247
262270
252770
381963
196048
343268
13042
802004
984772
13018
1071889
13013
437998
984774
870952
13047
866399
343274
13037
984775
13016
381626
13021
13045
13038
13022
802005
866181
867081
2628072
13035
1451122
866113
13048
493373
13028
279882
13024
13046
417867
13049
437997
13050
938969
866418
862966
856495
867225
13025
865884
625303
984782
196282
13033
867026
984784
866537
812397
143081
811432
13040
13023
13026
13043
870954
13027
1213894
870955
866926
865880
13034
636084
13030
2501809
955802
523376
13056
866976
802008
13014
1230209
723284
779416
733952
747312
789278
773447
716852
782243
708071
1247381
260114
445972
771857
781840
994186
1241131
781841
402555
725565
709666
786018
2205343
1260874
775908
1228170
714204
1289426
786020
716308
739849
770350
783404
343326
377375
432124
783313
374558
382151
703970
714205
773448
715477
779231
1209902
1209899
3039308
1209984
709669
719416
2654159
771354
265746
1088761
791953
265745
188351
218850
1077017
281975
96511
988261
224989
1193484
836678
241998
280859
343405
903006
259089
670995
902173
343433
12622
343441
12615
1600156
12617
12616
2041965
781714
774302
37169
1241442
977939
730294
931465
719593
783406
781973
773449
128709
782810
128707
434748
128708
789938
93230
555567
38884
2734572
217894
2677518
551146
12015
558327
1705197
1458708
198428
638037
557375
343470
38885
1331492
939354
1451151
558333
1072009
1942487
1687539
217891
12011
557302
12016
554490
12018
836321
2203448
225429
38877
38879
849881
38880
38881
1650467
1973317
2149144
2145857
523187
437899
2355493
2064148
775909
2157128
775910
1255184
1602765
1250792
1233782
1255363
1533910
726389
1255364
2022836
560681
635781
635782
635783
717584
180594
369919
261662
369906
2734577
369892
634958
714207
138251
4753
214680
2050844
791955
1537169
771136
785066
778116
929175
252665
705370
496320
496323
158003
136470
158000
343597
157989
343603
963834
696343
157974
157963
158006
158005
93668
343624
235760
1263460
1276295
2571191
714208
252794
720346
787258
708662
716447
281238
902769
717837
778289
2047054
723074
1575166
446021
726987
716448
773450
773139
708072
770894
542121
383918
162663
516905
2654212
1552086
777802
789717
780897
789718
780431
343690
226655
4613
762372
343705
627005
226654
756752
343713
431113
707265
284863
128839
3629557
381716
767292
42125
198992
343767
128837
128844
521552
343787
1940027
775913
1660809
971183
30574
48146
1966493
1331448
4395
802016
48142
30575
2412363
775916
548443
2039097
3905250
1321166
708312
1614226
732950
1663673
756898
1546554
788851
789719
789720
3672755
1596734
1595795
787614
1611157
714209
789722
1588233
790546
1536883
726242
1616146
1632872
785069
736348
1221640
1180795
718611
493377
775918
1903584
343875
448412
259528
343882
343883
769281
785070
789724
724340
784028
770895
731088
775921
214482
137462
746761
137464
4160
137465
343925
214493
1185262
30598
714234
1348151
715641
711374
771704
777145
714235
1119996
137466
214500
708885
713905
194780
343966
193733
499904
459284
343999
1125936
1166535
1125222
344010
1599372
1116797
1574028
1345400
1509117
1164786
344065
376957
445929
344075
551265
225301
13226
13228
344097
13215
719484
718430
718431
344109
344118
344119
235396
344121
466613
466614
344123
344125
466616
344126
344129
466621
344131
7089
344133
775923
2069471
3900742
2506775
218953
1337491
2041744
3049181
777376
1164372
782244
721253
844757
1109685
781843
126446
549510
344160
16095
1334152
3064444
130349
255898
516406
1098861
709853
708886
1211263
1259963
1269634
2041745
771356
726736
711375
74954
773452
708888
718734
344201
788974
780433
901937
344204
344219
344221
344223
344224
344225
788853
3910437
225874
802020
372701
666259
666258
225873
2628582
376492
376478
376049
1198826
419128
217291
280875
1172582
156446
1129752
376498
376050
418658
521363
809567
419222
917489
39704
135038
31945
1333250
864863
1804026
376470
31944
376475
13655
13659
217293
13657
375898
45466
376476
456537
39703
1098323
1057635
1209066
1691391
45467
217292
179173
419390
39705
13653
13652
450316
376247
773453
771137
1250939
414882
473894
719887
697879
640798
1111455
488522
856439
162838
262970
226484
162841
262964
455011
416129
226483
262975
262974
162844
226485
221189
872143
1201570
138181
261207
344306
1199832
95941
203796
664032
476391
1930
1929
476400
1458456
702622
1804815
542949
542951
264648
1601787
1684244
783410
2378882
774440
786025
1242214
713089
1453777
285116
5942
195203
692118
5945
802032
992848
5949
5948
5946
942204
372360
372361
1184948
598970
5950
666195
692119
381579
872660
1208981
1457929
813359
1577910
1624191
94381
593061
420049
781844
762737
689722
166676
1053045
2734602
1184848
1184851
2129
344358
3896067
988293
789726
780900
1174883
1238081
518344
3770455
787531
1209885
217780
217779
217778
217777
217776
377181
1049612
217775
217774
217791
441164
217769
217768
427066
256211
3353081
2601746
3607325
902536
2889253
1298946
780902
221946
719032
712529
775930
501352
712442
1262673
712443
501138
786507
724974
767943
1263682
716105
596964
711376
733114
288240
30669
225403
729994
709755
1281181
780903
2498946
1248475
786026
16043
16044
780109
775931
711410
2654336
712515
1285353
769621
714986
712516
769624
712517
1285354
1285355
2654339
3507609
725273
789279
1250766
706688
1166550
702180
704781
463034
702560
791576
1280879
788854
785075
1256811
786882
1601412
379663
383835
6527
6528
478110
208163
6550
650760
6533
6532
265276
1070564
6540
279913
6534
846332
1294557
286990
1076262
373405
689635
372540
1492561
3233406
30822
1166886
1164788
1165195
261404
344447
5934
5928
3362772
872664
1678754
5926
344450
714260
790550
48154
178600
48158
226496
162857
48159
48161
1217521
162860
227212
48152
1638153
266034
522854
1426474
800183
729133
979154
788401
1229084
788776
95726
511815
596133
95727
95729
429348
5084
802038
95733
167403
426101
194096
3250177
871023
5091
802041
95712
30461
994700
214893
3338791
1670948
1623384
1195991
1600895
2858952
789136
726737
719089
769625
708776
218756
218755
403121
403122
403124
259879
259878
259876
1572547
1669178
1557237
707553
708777
1166180
1164902
833696
957039
101062
101058
101057
725714
774442
716856
284163
403381
767946
726053
218846
284162
995585
791024
709675
2227486
787267
777589
728858
790388
715597
783412
1175170
767947
773184
780436
720048
755440
129380
2354973
344529
771138
718907
721178
403622
403623
636308
376911
445328
476354
1170159
476316
1646675
476317
476319
772031
578352
476324
1165000
476328
376924
1165002
476331
476333
476334
420935
476339
1168068
1168069
476345
784032
783414
100563
138644
730671
281812
167436
143066
143067
964268
13106
636186
217798
1172721
866660
418401
1698713
1070411
813066
684509
1475513
349392
349397
2981891
349400
1265262
713301
778843
708890
1178472
1246424
1323098
639529
557150
193062
92651
193061
3906898
222993
195038
1458769
92637
3906899
580286
11922
280992
1166787
445364
725873
1168586
376863
1168947
778135
719666
1601240
2654539
1166796
1639378
92641
712837
4539823
2203495
1455223
556358
1021968
2198440
1526094
554670
1458774
1468875
3591555
554590
222995
426817
791065
265418
947028
638074
3906900
3233261
2792270
1458511
4539822
1685351
1683230
222992
167190
11927
557870
2585078
638075
92623
950889
92624
557205
11925
550799
558189
496834
198696
92627
856833
92630
11919
11918
551675
496861
1309246
1482722
526839
429205
11910
92635
11924
558900
1067173
1038439
1339514
1064675
556406
286242
728655
1164138
1170311
731348
1169918
1222937
787021
1635914
2888095
225758
2191231
3498092
2172482
784035
802047
769284
788403
778137
775209
780439
134397
716579
134398
134399
16358
1213619
2144392
1206069
838879
784797
16332
16339
16340
515342
16357
16356
2203500
649812
372751
16359
16333
16342
16328
16327
134404
16329
1252306
134409
134410
374828
16349
16344
16338
16337
16348
16331
65855
16341
16347
465352
707579
515197
804802
134408
2769092
255338
585862
715119
1680145
1680148
790951
16335
16334
65564
714238
789992
771139
1168086
784486
1164139
1169919
720665
1164373
1601439
1680152
1680156
1680157
1680158
1088249
1680166
1680169
2187831
348433
1680172
1680174
1935942
1680180
734040
3202287
2972832
1680225
1680227
1680230
2176809
782438
713783
775944
775210
773677
348568
348570
348574
787797
720222
348583
348586
7551
863669
7548
7547
372503
710843
348592
758469
710319
786031
1600152
1530425
1568606
1615277
1569339
1651223
1662784
417743
1634449
1567068
1538968
1559386
1586256
1617281
2041355
1531045
196597
465683
943383
560990
1952562
560992
1278
262882
1543180
2610960
704024
128913
734435
1279
1126263
2923721
2922811
2944602
746986
762967
2946964
2930177
2922699
2934861
128914
262887
2924805
423589
128915
128916
534131
128917
262866
534130
262867
128908
128910
128911
262868
770708
775946
721072
708767
777803
461604
802050
461595
800202
703022
348983
711625
348989
348992
262615
772044
707500
772198
286560
766909
349057
262610
787716
349077
349080
767307
281704
235428
349089
767181
461811
349093
349094
262620
446663
498505
193503
262618
558005
262770
195425
262779
197382
349110
456000
198282
5343
349168
498649
262765
199191
349174
167043
5342
349175
167044
349177
349183
262768
194283
262771
349200
349211
780906
227152
45457
372583
137911
215376
2193625
178654
420050
215378
178587
290817
872210
45463
2203515
430094
166585
45432
1199427
215356
178591
1315675
4512
2203523
198835
427051
95322
215392
45440
45442
1071979
45445
2203527
30556
4510
1373337
4520
137919
379865
1328696
215369
209206
166606
95323
430096
1073764
215413
4521
228313
549512
4526
437297
2688006
2688011
2688008
2687997
2654627
782440
782693
1281932
783317
789995
789996
709574
1168750
1164225
677232
592325
350207
350208
350210
350212
350213
350215
350217
350218
350219
217421
217418
347006
1266845
1164303
1168074
777804
1296905
402545
225879
726146
770899
708518
1206345
198763
126247
126227
217610
2203534
217615
937996
961210
900659
217604
217601
56304
126240
217597
987848
217609
217594
217616
917927
982095
690363
744
217607
1285429
769628
767950
791972
636223
5610
193330
770900
786035
708783
713074
1212785
2775915
505871
3251699
459896
490
623325
2721958
503646
1286756
770351
775213
2064541
769629
1169419
1169606
750675
1168075
786036
799367
1170629
1284758
746606
1087097
1169420
714241
1168893
1170143
790391
778140
778141
788779
130289
130288
3256764
734701
18400
695635
18401
791974
720329
720330
775952
780909
786814
783418
1601561
789280
733882
403456
771359
775214
720789
2654701
3943956
523586
716632
1166644
1095303
1168071
1168533
1168072
1166645
1165133
1136000
1170495
1170070
780033
709677
774856
778858
719668
711908
111262
767951
775216
779877
773694
791975
562401
446633
446635
261868
348737
261859
261861
476155
30703
261863
767322
348751
127158
127157
348755
734652
785086
720920
1298957
1634175
709407
713092
1601724
1599207
1287276
719953
378084
512923
206036
138119
592087
1686357
810659
791976
780926
12298
869127
413921
1333130
1333132
43887
1216177
43886
1297902
178379
787533
1285313
710926
784038
1603557
783420
1614601
1685836
2571202
1929359
775217
769630
713906
445620
791977
811600
785090
785091
2654748
1068762
812274
16932
166888
775961
715712
789173
775963
775964
791618
2323325
283043
534948
2203542
466604
558332
8712
42035
8717
8718
2203543
8719
499193
551805
92662
862654
92660
714198
788489
710427
1285310
41797
41801
414511
41790
135028
414512
39616
41794
135015
135016
133374
135018
348909
237265
237235
41597
41599
375909
13865
375919
565576
13866
375924
458908
13863
375928
375932
1110788
623416
134606
134605
12318
134602
134619
134611
349008
726740
128703
210683
198263
738709
128692
128694
434722
128696
731091
720572
1270670
349112
377137
349117
349122
212305
714280
712906
722055
769286
1166565
775980
1169218
1164932
775981
769634
1165025
1164933
1168948
1168079
1050137
710927
1097782
1552649
372284
1217074
1281795
737306
780462
2755816
1301193
140611
1519153
16024
2151986
16028
16030
1458023
16026
180147
16023
16032
189195
16031
1249332
789998
787028
713093
791440
782091
770903
786514
783421
716107
713305
780463
717876
773154
775983
767955
767956
791441
3150682
780464
790785
780465
1275989
775984
775985
349499
261984
906576
261985
789999
782092
791978
349545
788523
349561
791393
775989
787029
716108
717678
770905
748886
1189006
2460514
904664
727257
784041
790002
780468
770713
262959
788782
1262065
773454
206719
259780
206702
138967
1686322
1238813
403437
403438
403439
714948
735128
1280044
403442
730397
791980
772868
721106
767957
261821
349652
349656
349657
349660
349663
349666
349669
198912
289289
349673
349676
261803
235757
261804
349691
261805
349699
349702
349703
196042
702725
1568066
349720
197016
916663
349733
349735
283806
349737
349740
349743
261813
349756
349757
702791
349764
349768
198348
702073
349791
261794
703588
702045
702030
261797
261798
261799
697684
702996
773707
775990
349874
727258
349877
974886
349883
788491
280129
475684
475669
773708
775991
774615
144074
144073
464388
769287
769288
775992
780930
214217
1438
136973
136972
1440
214223
128828
136979
737153
780111
782246
411323
416703
1166234
411331
416710
416707
411324
128222
784488
1695096
446237
1690887
1690885
3332640
3910399
2571207
976391
770154
1228656
3422246
1321804
1195227
780484
2892555
708787
774304
780035
1049142
712550
786039
776475
711909
780485
1273874
711910
16856
1194811
16858
787807
783423
197292
783424
1203610
197293
995083
994061
1200321
1212981
1200988
1198805
1277577
1234740
1287149
1208931
402805
1256745
1226114
1247713
1182318
1291769
1290589
2428521
1234072
1205890
1247420
523082
1206074
1206199
1281372
8575
752888
349970
349974
905667
349979
349985
349987
598009
767958
767959
767960
767961
767962
767963
745709
775997
92798
92796
972884
448039
802079
873387
1700726
569586
811865
350022
237628
1170795
220091
775998
1082206
791728
473875
709772
782443
785099
785101
780486
789471
425334
773709
790004
704527
14007
785103
769636
780487
1321117
1267971
2446023
3102352
751483
785104
785105
773455
767965
1286948
1220932
771143
790394
790395
790396
789175
350113
218545
350116
350123
441001
350125
6556
780488
778860
709733
776001
156230
437058
347020
197124
347021
14242
347023
347024
347025
501124
129627
129628
283193
840396
14238
347040
766480
347045
776002
441273
441275
1686095
1452512
1581051
441272
1205977
619210
1660980
1271175
2722641
2908993
218895
1159128
787032
790005
445400
774175
1167790
709895
787033
347077
347081
347084
95319
347096
1324696
1698542
790006
775219
285171
376761
218598
1209847
789472
1248245
1282248
787271
780931
1277142
445884
776006
787272
776007
787273
379526
14026
445619
135316
135308
135320
135321
135317
135309
135323
135324
135305
135314
135306
135296
135297
135300
135292
135287
135289
799090
1270616
787274
372226
372222
1048576
372225
1199086
684533
755322
755323
1599389
1164468
1165328
732178
1416228
802081
1169921
1156871
1166295
446035
776008
1601075
695323
1068252
39503
512742
39500
458309
458307
39504
659541
167162
211126
773869
767968
347146
1116399
1645653
347158
2203560
347163
1164931
65580
1451295
3589762
1532599
902337
1802728
790553
347173
900733
1169801
195438
728146
347182
195437
195439
197397
787276
497895
347195
347196
197396
347224
347227
347228
347229
709736
347234
347238
780933
713095
347245
901214
347246
347248
347252
716544
445644
787277
347260
780490
776010
767971
197884
8087
1068355
647394
8094
1071052
771706
2115840
2115842
619031
2048477
2057931
2003792
1264009
2417680
1179715
2044008
2161777
2003794
1247351
2066192
1280522
790787
2655030
2159151
2115850
786816
617844
129478
716109
129480
2429997
2655032
3898294
1628464
264251
190540
1509740
190542
377473
379808
1736393
180269
191535
426274
263614
191536
738833
347327
191537
191558
496111
413951
191559
35690
238588
413978
180272
238590
457054
457055
379341
191540
191560
527057
1284962
863768
969527
191561
191562
238596
190528
191563
519247
430478
698458
449744
406495
18058
853758
377480
190532
190533
190534
67603
347350
18060
377483
1294201
724773
776011
130046
130043
235222
786046
130042
445857
189339
731078
713096
714245
787174
738929
786518
771145
377240
715976
782093
714246
773159
716453
784043
786520
45780
227709
30509
773456
2048281
708168
773160
2866724
16494
708681
724466
716823
1777575
1777054
347432
1776863
390578
2993503
507613
347439
2780142
383772
347451
778158
549845
1279041
1249603
787278
3015
988240
3017954
3016
988241
2655067
215543
262674
1150
347498
166725
347500
195416
100564
166727
262673
585190
974416
1043917
100565
714247
475736
203534
938867
475733
475734
542391
203523
475721
203524
475724
436841
203530
391893
380918
732105
1199864
380812
708713
1165991
380329
1165156
385548
1553487
748114
380882
1152585
384625
386758
377854
1556408
1617689
386576
445560
1302209
435176
1167898
380796
380933
506463
1569442
682397
1598910
380798
1108691
679019
380813
377311
252740
380816
382899
385985
380797
382920
517745
749644
388998
1169933
792164
1609772
382877
787279
380819
445551
445868
1528837
380911
680458
1601771
1606221
1654060
1228449
1166823
721149
736371
1164304
723366
1166824
418295
930771
129609
1005
129608
162380
1006
504403
129611
776019
3671059
770155
1166825
1164497
771146
777805
730296
774617
2082397
347568
504726
226630
773711
1804057
780493
402918
767978
218971
1455101
1073197
218977
440805
3242584
218979
96533
2198697
713617
1549029
2198698
1618424
790312
720467
347719
347721
347723
347728
347730
781734
710955
256832
347737
347738
403047
473189
403048
35455
784690
427785
403052
473175
390618
473174
282001
540422
281585
743723
473170
540402
719011
1711598
1280003
2582613
1703001
134385
783427
709081
709082
778162
474610
790556
710730
723333
715599
16382
695914
901958
16384
16411
16410
783428
347812
16420
347814
16402
16404
16399
347823
2572634
16366
16362
16361
347830
347832
100574
802096
143129
778315
717287
715600
1600192
771707
901284
347929
801356
1701007
1064418
576973
167040
95075
12028
1451322
802100
203712
12030
656755
431962
427131
418182
31576
12029
2203583
1519714
1177573
459966
666174
848248
1453914
2675102
199094
203720
1705585
1494694
459962
31601
645788
1069043
203722
374577
95072
862527
459963
31602
847402
242522
1475736
1507657
418184
1517130
971109
2675137
1069045
1481977
2627189
265124
789176
774858
774444
1336132
1221590
2045119
2723660
1336010
2038933
1336079
774176
776028
742157
783431
731275
1610581
707890
1275013
769638
769639
790558
717844
784490
720104
902926
1742382
403284
403285
128114
348036
128099
135995
700415
701571
216536
136005
136006
182793
1093329
136009
708813
527126
900660
348107
902347
348108
779053
348114
929948
2574683
782994
348200
776029
7917
1686368
1686369
993883
994064
1330598
387711
2854198
377364
55952
55950
219
809707
92308
557564
55942
529230
223
55940
229
222
760805
371140
718908
771364
777806
2037510
733650
713148
730298
2049977
723994
713787
776031
261442
261445
261443
448695
261448
261449
261450
703511
261451
60510
261453
448698
474355
2052413
474365
710524
785110
253037
18249
215168
789580
916581
437868
780512
737877
31839
378351
31838
784047
537926
470486
41472
746638
470480
470481
2655214
2655215
39267
39260
39261
2188
39266
348304
263297
263298
39275
1075096
802105
39251
39254
166978
12037
722240
377355
789581
712554
791993
1238651
225400
1297284
1273364
497493
11901
188810
68193
555711
731217
68195
2637829
627368
11892
68204
68207
11898
550462
348375
1482231
2734694
2734695
381729
68173
371565
11903
291081
285379
1101749
555904
2734697
873465
189154
68187
2768257
371214
11900
68188
737971
791529
783387
782813
791620
1050494
1050539
1180023
754062
1227186
1050227
785111
1268969
720926
791994
778165
1234383
778166
2178908
1169978
770159
1554326
1271388
1230564
781849
1534975
1248376
1282850
770714
1050086
1229599
713907
1252649
1049394
778167
717846
1238469
708936
778168
773162
1282585
737652
2903679
1685108
779880
1236097
773163
1050268
710589
781994
1244700
2062900
444645
444646
1273384
425343
728740
749043
790559
2063764
1227896
1288685
1288791
790398
1621645
1261219
1282122
1272103
738845
780938
371794
239661
8744
582115
422382
412398
2562379
1408872
224957
353201
472381
221062
1066704
412357
952803
8743
8742
160358
239658
960976
30132
224949
130279
771366
1168112
722287
781608
778864
224599
1094687
1143432
767989
726741
781623
778317
710958
782944
1287298
445301
726243
1482366
2019
130353
2203603
2203604
1705051
791254
773167
771368
773168
773169
786526
790008
790560
658115
1065578
1948465
916674
1510848
950401
242683
12736
39109
36948
39108
410693
942539
29899
916675
265267
847515
701603
242211
846482
39125
916632
809729
6018
734123
1280723
771148
790314
783434
1326071
790561
786527
773714
129841
211760
354053
354063
1255175
790563
7029
1176807
2676864
138304
354356
138306
702181
354359
138291
138293
138294
7033
7030
439918
387712
138300
386715
791255
727927
785113
240840
350255
240839
1272437
1255198
3270151
1317326
1263693
1226467
430945
1255329
226595
163132
238962
238961
407258
1765286
454738
178741
238959
178743
414351
257995
1581262
178744
2139248
216542
525386
238954
238952
238991
238990
2173941
1907255
696654
1674486
178745
407214
525375
454809
1762881
696655
163142
2199762
226606
548646
226605
1063128
414361
238984
2046159
1753182
407218
228251
2046160
1016659
414365
2809274
1618768
238980
258045
369664
525557
227326
238974
695669
855365
1978839
862851
163153
178752
215493
1727529
1381533
93727
163155
2198434
1629728
163156
178753
178754
971688
661991
226597
226596
65637
163157
178756
454754
351209
2079406
351218
2156747
219719
163159
178760
785114
714992
1302808
736954
716192
872813
1203997
449111
830227
1258053
253084
985519
1032521
1694452
978213
976785
790012
1321560
1216772
3461678
725457
715801
1200917
787811
1266454
2364149
716019
445920
1223448
2217618
1188695
2602622
1684128
1286077
747514
727580
721659
1227539
790014
2608073
716340
445657
1013248
745736
785115
781624
1167616
789735
773171
351498
283343
351544
21256
21255
245600
377837
788980
770909
708073
716020
718405
778865
708754
784491
773930
732107
436411
436412
770716
791420
785118
787617
776038
769647
720336
1260338
791442
1168275
1168276
1206233
1240702
782449
771370
716827
769298
712571
780955
790018
790019
786052
791258
988828
3336588
1451393
1451395
197829
1504209
197309
489020
4504
521031
1325093
4503
521030
1512077
1443630
1451401
1404789
2734711
2075883
353242
128360
235412
128359
353254
2997002
1931280
128358
2019462
1424939
128357
353255
5523
128356
773931
1608043
721326
728861
1168207
709029
789736
403471
1270915
1182550
727928
1259316
403474
722368
769650
403475
790021
722369
403478
403479
1272354
786053
1249039
948034
134523
14839
705625
377977
36392
1339483
14843
14840
353266
36396
134528
134530
418258
134532
134533
134538
134534
134536
787282
1334128
778184
380571
791998
380586
805482
130326
353314
353321
2139
3338842
353371
96343
2058423
159237
159030
1678562
353373
99922
1780497
2396476
588311
99924
96331
1291323
96333
2409363
1788024
180193
159152
523202
159203
943656
159205
644755
159210
99938
159211
159217
159222
159223
99939
159226
180196
3200182
158060
1548594
197531
158055
158052
158050
670050
353443
158049
158048
1673874
158042
158040
427895
261673
158038
1653987
261672
158036
1139334
224854
31219
848883
158031
1416162
217591
265062
2734719
157515
194561
217589
158029
714360
515875
353466
217592
158062
1217532
8759
8758
1235521
353613
618196
353617
618702
235543
353622
194373
2203641
353625
353631
717723
791577
776042
30221
727722
716828
1280849
778318
1296781
1039518
711925
1129784
1299281
711418
1167485
445907
787285
522196
402466
712448
719334
737217
782450
789138
218477
714250
714251
787618
714252
1084122
1165525
1170702
1600454
1169275
1170932
1151171
1169276
1167575
731376
786054
770718
718516
1137982
786055
770910
735134
709778
782697
1170708
1168092
377318
402458
776043
1166688
800772
904236
242800
167412
2734726
807419
281095
353685
703334
8658
281096
773191
703892
1554869
1671116
1642972
704246
798164
704040
288912
193283
833771
588384
728708
461371
713218
2167668
2147935
2911335
375529
635189
139575
139573
1112424
139572
461373
864598
404099
193442
404100
720666
353731
353733
729318
353734
353735
353746
353752
353753
353771
353772
353774
353778
353781
353782
1169214
906271
353879
907270
1395129
1398432
1429136
813890
1456543
716112
719871
587577
353898
471414
353902
782698
786056
238622
525497
411599
377161
416793
731355
774446
714253
1156517
1167486
1170115
1170041
1168208
1098855
1578521
1170704
719615
785800
771372
539064
1167651
767288
649338
252655
471695
30145
518364
1337865
471691
518365
471692
744361
782451
2387830
1416399
904242
2086167
101053
445672
2203651
1695127
68756
590788
1718
1426460
645783
1717
68753
1109409
3340048
496596
1629183
1049368
753965
1657654
599455
585031
1386109
1573933
1554600
1530074
1397342
1598730
155772
1585279
382901
1031823
384104
523636
1406085
584429
65401
435642
506410
2172317
781996
1315755
725315
771709
729142
1117958
1167008
786057
1160746
778867
1165181
780539
1170085
1164961
1634062
768005
770911
788492
1584339
1167576
771375
771376
787819
135039
60763
777594
43847
163967
159462
430127
383710
1283292
377038
518367
9168
9176
9179
3239631
9165
634939
9166
1929368
710844
508084
684104
1238432
515793
508134
509130
804558
517819
508085
1317551
515794
506538
1318443
508086
508087
1181916
508088
508127
1221682
682033
508601
508592
683304
1315765
684186
506716
1296547
1240488
508614
1316679
682762
508148
1920
2203656
566363
1921
1923
203803
198252
203804
950084
650003
286932
575151
577397
1521022
1924
1927
1922
203805
1521043
203806
1477647
2196635
1483421
1036699
1925
467803
1521071
957841
467805
1705095
3241901
2203658
718146
1271364
2655515
787820
789741
3033394
2210730
712573
710323
2205230
791395
740105
787821
257376
257378
733347
257358
2350635
257360
257361
735254
257364
257370
257371
257372
257373
257374
257375
773699
167173
129224
3874
702997
235583
93202
800653
381669
1328997
1423387
3878
256355
372685
3884
975004
3879
929001
435415
1301333
3881
93200
137480
137479
214506
214505
137476
214511
214518
1197667
727214
137472
137481
377924
380627
137478
770719
787822
3767619
445815
2655537
1695131
717877
985122
2655540
732405
446020
716634
975373
776047
774178
792000
792001
791135
719096
718613
1167438
1577370
1581748
1554569
1650632
1233562
720792
786059
791444
791445
785127
785128
402345
768007
354149
354158
354166
354171
195962
210189
434220
354230
162753
354238
418018
559708
2203661
559698
880
559688
559686
886
559685
92352
92351
559672
92350
559669
527326
2678570
92356
559830
430162
559829
166694
559826
549491
559823
559822
559817
559814
885
559798
445292
800876
496789
3688166
559783
878
559769
559766
559765
884
559759
559758
559750
2169513
445290
559740
559739
559730
559725
193036
506364
380066
380064
380102
377777
1229956
4742
774305
711927
774306
787287
792003
791626
778322
785129
733687
778334
722667
770544
719904
722668
773193
716883
708769
708563
778195
708771
778196
425347
768012
730678
635180
1809511
757890
402591
788096
780543
2025418
821892
822964
787289
127246
716635
1300523
711928
1260275
1599065
906079
259369
198170
354396
354397
1167697
259361
1165960
903796
354398
283913
354400
354402
354403
354406
1167700
354408
728947
354414
167820
167821
259367
167823
259368
354429
259370
198798
354436
354437
1155082
354442
730302
354447
1301664
354455
1139774
198802
259374
198800
354462
354463
498450
464852
354504
354505
213659
239415
697236
464869
698544
354517
697269
695889
239411
520592
1685375
2169514
224136
1685944
620015
206129
211494
1921111
46321
46330
46341
2305580
46374
562081
504576
46286
46296
504946
1204845
667068
46313
158651
226647
46317
46319
178359
1007079
46328
987000
226648
46331
1094175
158653
46339
46342
46343
46344
46345
46346
1103677
46347
46348
46350
754816
178361
179159
46354
46356
929872
46360
46361
1321451
46366
46369
46376
46379
46380
227412
46387
46389
46396
46400
1067214
46403
2802034
389681
163590
1368147
46407
46244
197599
1946422
46247
46248
46249
163596
163597
504582
1059622
46257
517311
504943
46259
46262
666646
46265
179452
163613
1954019
666650
449395
46269
2225233
46270
418237
46271
46273
46274
178371
863602
46282
46285
163623
1146462
46287
226645
46288
46291
1434740
198950
847527
504589
178374
46298
46301
279855
676755
928681
452994
430195
1098337
976672
2229340
216974
280552
520777
813799
126495
3024259
2500277
702887
1601573
703237
1166551
497259
702182
1332713
445465
194654
1166553
283537
445311
773461
354639
354640
14040
1336021
791137
790565
2241251
1614516
1192697
778211
790316
198587
2655607
771152
782996
780546
542454
706462
475795
475799
475800
372242
475788
1599814
1254559
262466
1582
1580
350330
787619
133505
133506
371861
371859
1331061
136412
482335
628873
135695
41529
216017
220329
1025291
187754
797
482257
246087
649594
428153
127278
486780
428139
428128
411463
41521
142010
133517
41500
185191
1393312
469904
428186
233215
41525
41526
41502
133518
418573
133538
133509
184543
829
127294
411419
133530
245712
183069
133531
141548
21030
1237153
41511
41514
127319
133513
245740
350422
41516
135721
127322
411374
712996
728543
710204
933145
933146
718147
712532
713698
773462
227431
371607
198079
2676145
226672
191199
1027412
371366
242582
226674
1512224
720158
2676147
1687658
371413
7656
194706
495866
554817
226665
974782
137617
226667
226669
226670
1030778
228806
445585
14363
496151
736277
723122
1678849
350482
784627
730679
350488
6078
350498
350499
350502
350505
1168235
1166972
790421
476163
446145
1167917
707477
476160
707490
1600004
189370
476166
1200361
194825
2734771
647989
3382561
204852
2136321
204849
3339413
3338816
2910308
128346
870697
204865
944165
17994
128345
1074455
204832
1303050
18001
204831
2193073
426363
219413
402176
410537
128348
666201
915455
915456
1038430
66613
3025725
262079
30965
262075
1599916
1600401
1619266
972899
2754384
213376
679472
258529
129054
213257
213371
213256
429330
129051
213427
129050
210999
129046
213248
213246
416906
904674
213344
1739861
137330
2662863
840657
1003634
213230
161446
1459134
458763
519834
350778
213229
547356
986104
1030504
1675083
213302
528436
137324
519852
1158040
129039
519805
213286
213283
213263
1678722
137317
450947
210993
137316
213221
213259
701937
137358
618125
94020
1702238
713081
37315
37318
37314
545661
37312
1323256
1193239
716344
2042018
2038943
1246165
2044151
2116407
720302
710325
708428
4082194
732289
4082191
791578
1270019
5750
6429
25350
595954
25351
379259
25354
25355
193250
25361
167696
440273
25373
460408
6422
6421
514792
38276
1686196
6420
1472238
378583
460412
25386
1707678
25387
1458254
460416
846688
460417
1451545
25401
1424747
1459138
651951
2202143
1499745
25411
6427
6424
460395
426720
25416
6428
1424767
25418
655449
1325078
25423
25424
25425
460398
444660
1456659
956437
25426
6419
460399
1068475
460403
25432
229813
128024
128012
37382
771153
766939
772457
2420421
434102
2153870
766774
1698778
190331
190330
2429929
778792
707051
2073316
783148
1642341
784628
692145
620078
692148
692147
620083
1562942
2925
2923
286868
7868
7872
7869
750482
350880
350886
787044
7871
904476
7866
7867
3720657
2136335
30518
30522
30523
30520
5839
129683
5835
5834
5837
5836
464369
95439
95440
260036
95441
1078920
776591
715401
2655719
2655721
1685359
2505249
864419
239067
697168
696981
695961
1138990
702921
1114997
286537
235533
261601
96086
351086
351097
377234
782453
14002
351138
351143
780565
719130
1141345
475211
1166567
3383481
568703
403550
1166568
475210
475209
143862
712331
1167839
737609
489294
156411
666300
1313493
580652
192334
421477
156413
1335851
812174
1538263
1301591
1591816
1335598
540208
1799815
1139652
472988
472987
226652
217506
704272
214541
214547
515183
770914
719173
769310
768036
768037
475708
771084
226565
163072
715117
351290
351291
475699
542368
163073
351306
787045
1170928
715334
787294
785144
729145
1168160
1165182
774634
1592555
512678
777397
708772
1168749
1629110
727536
727400
736518
16150
722582
351377
1235667
804889
804888
2079187
138099
214568
214563
138091
782817
725674
138077
214565
36778
440298
36781
351515
139254
139256
351519
139257
260043
139258
5269
529168
139260
351527
260049
848986
139262
260052
351537
529165
351538
351540
351541
541003
1169150
767467
767468
473954
1791331
1669715
473956
541005
473957
473959
709214
448370
221185
234910
351901
188311
377021
476899
193931
21690
21689
216738
216005
418488
130297
576051
130300
3235091
287306
414372
218918
29874
1154661
847048
961613
1297096
437982
440030
2136339
281323
351997
768043
971026
839256
1037370
352021
555871
4089
56012
4093
1878283
65559
4099
196209
1994865
4098
550616
65560
4091
720266
352128
352129
29813
38378
1297008
162118
3068555
162111
352136
29811
982040
973001
746902
352149
711934
2053848
352150
352154
907435
352157
352160
352161
352163
352166
1574365
748366
352173
352175
352178
707132
473406
783158
733483
3751751
2067349
2368839
218935
1686016
208692
217122
55848
2925384
1978435
2951939
1282130
473403
707454
473402
2073317
473401
707673
766771
707343
2354029
1189742
377063
3210839
2073339
285888
2037288
772509
707690
1134052
772270
258780
1586531
2950721
2940237
2920686
430916
666572
381618
212383
1321046
500054
707678
209020
2740891
352200
352202
787698
2066211
772600
352203
352205
800228
779715
1095628
1278925
774368
774140
352213
1337285
1252349
130566
515865
500882
767387
130568
800236
707065
130569
209031
130570
352220
1121007
130571
772222
1636158
352230
352231
352232
833712
257553
501590
130574
130575
435940
1557073
161412
2064634
445853
2080814
729998
256030
352252
167150
167151
352255
1257807
758229
717680
2200311
1249251
770918
728285
1285257
717651
1232448
1238394
1269345
709392
777596
2063895
1049072
1269573
2055663
1050143
2655960
2169770
708099
1879639
783449
2064619
2058741
716119
1242642
1237998
786072
1222038
1273017
1220803
1049970
2910792
2084208
2043855
1257608
2064451
1285258
2049141
1249058
2039105
774860
777597
1711616
2047312
1296639
242680
352307
352308
38327
352309
16063
16061
16060
242679
1324483
352313
948005
225379
352323
2273861
39966
252637
2631551
780590
739488
774861
1328172
781738
202085
48117
8174
782945
1285330
352464
522219
665754
430807
545429
1598494
1379508
973750
1625833
1377492
1165957
1375989
2182763
1602221
1601142
2969722
1049539
1644835
352506
1731
257436
372383
352515
638550
2655998
257435
441070
1233565
352572
352573
791067
541813
474973
1554227
383240
678206
464936
568443
833969
533533
546260
1177964
265166
427157
1076207
421234
464940
421916
430271
2201161
533530
477869
205514
1114069
3518166
807607
265161
265162
1803029
430503
853851
205524
205525
981377
205557
707436
1791457
16208
379114
205541
651395
585903
137424
585904
433102
625863
1017056
205549
60708
660327
809836
408211
205564
162083
391980
162080
380030
1206716
380574
382395
380055
977922
162084
771388
711944
774637
476018
771712
542638
542629
476016
542632
1559287
2656066
2656067
1064511
1064510
1064509
917898
743206
1562646
352801
352803
352807
903916
352810
792021
903986
352820
352825
190
580887
9004
1451578
1385764
9018
190833
190837
1528926
258657
717587
3202278
1181820
1430262
159309
159317
589178
699290
3708409
3670127
235296
159441
159442
655031
2306071
2418744
454042
454043
159268
2496471
516289
159270
1210693
1581254
159272
96042
2080948
3407952
159279
2163023
96043
2064771
3704281
1947951
241432
1012754
96047
2312775
1223065
159293
588555
1798706
159299
708683
1544951
159301
197854
96053
588715
159304
454046
445934
1711618
159310
2057529
159313
588220
3720668
159314
1392888
3715462
1739131
3668933
698121
159335
159337
159345
840198
283556
159349
423674
1302749
861442
159364
159375
1210027
547724
279858
159383
436064
159390
159392
211738
159395
436065
159397
159398
159399
1427244
159413
623190
159418
947720
159422
1299646
524699
159430
4146
2136355
3910499
1755095
96070
96071
380346
2079220
1253321
2244688
1361376
524733
2076676
958397
1343877
3714579
1215409
159439
261596
1179788
3592078
96079
407359
96082
1277981
392799
2174558
352956
252613
234927
729319
2690703
352975
1625875
352986
225352
1169
352996
256310
2186607
2080117
224637
1707083
253108
728291
5613
196434
552692
8095
8096
8106
8103
8104
2678070
188820
1165010
551288
435986
416618
241214
241213
969125
99645
2136357
99642
99641
198753
99632
198106
198107
730401
99657
849212
93438
5844
93440
353083
353084
390199
353103
384810
1212924
353132
353134
353136
353138
469678
353145
985769
717077
773177
202212
1256117
475403
259188
353165
259193
1071292
1458052
1330670
263057
263056
263055
263054
263053
695345
702108
263050
932061
521648
1712154
692043
16264
263039
16259
263032
263029
263028
1094976
263015
996261
263062
1137999
703239
702770
2656160
738102
1411312
265158
265478
537389
426978
8452
2629736
660083
30156
1567057
44130
517324
44134
44132
165194
683160
870218
3672447
1166474
2982258
212495
1213605
2428890
1929379
449113
218499
265284
421613
975997
421739
1336688
1195195
2498169
160177
1214258
692087
1679255
1519873
437125
1708143
160182
1676461
800842
380035
214327
473309
39824
587677
137291
137292
587672
214335
214336
429663
255186
255185
3380999
16533
3028895
908780
1093088
791534
735300
713325
790726
719131
716864
715572
784493
2656205
44858
3386613
2954090
36026
246658
948761
44860
157673
44867
157672
918622
413267
36020
192115
178028
44900
44906
44908
44915
44919
137171
44917
44921
44925
44929
36022
1604676
199939
44940
188472
16841
29672
161228
921425
927968
44963
137173
2299162
547803
521830
17937
522084
547802
829802
807514
547798
18466
547797
1182271
354699
354705
701963
1174626
844536
194362
354789
1609208
29784
1039131
849391
355009
712319
720267
792032
355013
3041710
723831
723832
1707105
712584
768062
774863
2411358
16652
725677
252706
436956
780598
770921
735302
710686
2361797
712911
262013
226620
163299
163300
163301
434963
1534641
1648384
522259
1284911
775229
773466
813783
162618
206187
933637
129767
2587
12725
37126
784064
787663
773467
720268
1711620
2656280
508595
466322
1218739
516888
466326
288703
459983
459991
285783
356126
449408
379247
128343
128344
1683947
1878454
1334843
1810825
449409
1878463
934137
1810826
218854
1878466
235512
235630
1359
1878482
1419591
426524
717701
727113
709650
778885
770922
1164494
1165184
1165185
1596747
508139
508154
1316860
667058
446060
805270
445509
508153
508611
667060
508152
508151
509125
1269963
1258140
509123
508603
509186
666748
805272
2152189
19
2443610
2656299
3025591
791564
725198
773469
751796
2690479
2591290
2170147
2443864
770726
2342805
773194
3777072
130773
904450
130771
130775
356218
356222
714621
708684
691934
775233
2136013
235892
127189
985928
127190
127191
380188
380189
425368
506357
141427
380154
381460
381458
380157
1201404
377004
377007
1601009
380161
380162
380164
1209846
391650
802196
788855
1234343
1236988
1231588
2068522
716865
711440
1321061
1244640
781865
785804
932465
3341965
1685680
520596
1690342
985324
1320202
1701862
996840
1333706
1245986
775236
772875
2369472
3040947
559839
402134
708430
784068
788099
986732
2445712
1331449
2734833
2457
2708625
3251791
2446
2450
948536
430342
2449
430337
289175
2452
946976
2734836
2895413
1221506
783632
1230720
1578809
1224894
2415761
1266965
1283506
12130
356249
356251
1085424
356254
356257
16077
16076
16075
356280
2584501
1336024
1531488
225313
356292
225314
903887
1578948
356312
356316
356318
770172
377168
356328
356340
356342
1599990
356346
1297710
1284986
1284968
402443
12153
988420
448906
65608
1705450
12150
65609
242761
189145
31662
804728
12154
12151
800926
12156
1422248
12152
988353
2084270
448899
12179
804725
585748
12175
12159
596309
1455875
1264335
585750
193596
1193708
261120
1269745
261117
1197774
261114
1276205
1208037
1200245
1201053
1238980
1264472
3327944
1198059
403558
1205924
1190982
1243603
1197407
1199051
1238266
261180
261179
1260789
261178
623663
1765980
261173
1263255
1218111
261172
1266597
261169
1325212
261168
261167
261166
1210080
1186026
1197303
261164
1188635
1217100
1182904
261162
261161
1205756
430489
1191504
1263188
261157
261155
1207409
1282924
1240549
261151
1179543
1202749
1753349
1223473
261147
1179279
261143
1215978
1226831
1279489
1214153
546997
1258568
624235
261138
261137
1231110
261136
261135
261134
261133
1215797
261131
1216475
1279668
1176198
261127
1220150
261125
261124
261174
261145
261140
1215804
1201535
771155
221935
732464
403511
1164495
466369
1168813
768076
13724
466362
534728
1165255
377081
466373
659832
465420
356368
356370
466386
13731
466383
13730
466382
466381
466380
466377
13729
534721
466391
1099324
791724
771394
466385
3056957
1327454
1711625
778338
779334
46568
178663
178604
356385
561275
46567
178323
226536
813821
2828460
17124
1334114
46561
196635
46569
162995
162997
287843
779425
1167701
1167251
403518
715762
534730
1115132
3360083
375528
469162
949697
981381
981613
660421
1213078
981240
3235087
41462
1878965
421734
2780076
1010280
469148
858973
859213
575680
833650
1595137
212352
536992
416778
577408
130530
643187
774180
716890
1722510
716027
380196
381205
713894
1286638
776125
981660
1164906
1168204
780617
716892
134334
581847
134333
134341
566449
134345
7358
99663
977980
7359
444681
1366826
1069193
852847
30261
866359
7362
30262
812440
1065758
802210
94127
99671
286865
402282
505548
163858
730861
711975
1691290
633797
3336275
684647
617846
3335972
375256
684636
2579650
684638
451071
356561
356564
356566
356572
356574
257569
257570
257571
356576
790317
414419
402760
402761
1168410
407294
1169268
414389
1168148
224928
402762
1169269
238649
238652
407286
414424
525564
414377
224919
454610
414418
238629
407297
414385
1085710
700134
1168057
414397
257630
454557
1973511
356643
356648
356649
356653
1388733
3377115
6119
356658
356659
356664
692063
2010562
907356
356674
714394
356676
196494
5218
356678
3341881
192242
445645
195350
1472670
719970
377947
225232
2027963
974939
9150
867021
974933
1070956
974938
962836
802212
1213842
547001
9152
974935
356734
100571
859367
774181
138906
138905
138904
98709
973718
865855
419521
1175271
13172
2844611
847943
437967
1175227
860907
98699
1073211
13164
844144
98695
941494
973713
98692
98690
98689
1175266
973710
98687
13173
98686
1067308
1067264
971980
98681
429433
623212
13182
1175258
13165
866955
1685416
98677
866675
812387
13167
13170
13169
143070
98671
98669
13183
98666
98665
143069
942510
785884
98653
98711
13175
781870
1115131
255741
502346
92787
235682
845895
1515421
255739
984940
492968
595189
555170
167463
632484
224323
255738
573090
556748
281978
356801
559078
965712
217424
281977
92784
631980
2837695
725880
217913
190286
217456
190287
280435
217457
1395783
1333678
2662981
984892
521616
984827
217912
284352
998007
195895
356822
1614
726955
281912
1556289
356829
194657
908514
356838
356839
260436
712373
356844
356845
198212
356851
197299
356852
738848
722258
721741
782947
781630
1216052
728489
204591
375402
635141
635143
204592
356878
635150
30815
30811
1316590
1282374
787830
2682158
259990
356904
717328
911796
5894
787831
259988
259989
1166830
241994
454993
3716186
2604467
2042460
3315576
1760725
165065
1986551
2579521
2580897
3458516
1201845
136220
136218
136217
136216
1638229
136214
136213
30940
1707949
357067
213956
136230
136228
357073
1164206
136225
213963
376847
208165
916703
1071563
381546
1518663
1702661
9303
9302
870903
357096
929957
720648
666674
804712
1224185
667094
508707
508092
707919
1317623
508150
666620
775078
788994
774311
1633819
260180
357172
357179
738377
260187
260188
2201796
1881
218996
574601
583274
92685
551102
618735
426995
203851
551830
1459267
1884
551499
1459268
1685951
284235
1810220
203850
92681
92680
1075640
1197698
218990
993879
222931
550461
222929
1804011
2627569
1422287
203847
203846
218989
2682442
552752
203844
222926
427176
550893
640484
556865
1696114
222922
1499715
222918
2136408
1886
551243
418341
1888
218987
2734894
1073632
203854
451101
618734
222915
1522733
218986
288727
2734898
978683
426573
203853
100707
1887
1878
218991
657887
167312
1880
553695
553773
222903
225454
218295
2038181
1326927
8043
96376
96375
241840
96373
96372
813370
1113402
96371
96370
558729
4113
96367
167474
188896
848366
4115
3251570
633353
406892
572902
658007
220094
3336522
1708331
1347236
1456801
555142
997896
522152
556643
357423
96436
552021
636941
1584347
197958
96433
96432
1067351
528299
357427
96427
96426
167483
1494871
188813
406889
262408
997307
377269
862704
434018
96411
2677830
96410
370239
2444187
196807
371295
188369
598091
1451341
2157362
3635293
813383
701247
96399
552624
196802
636692
636580
188959
1962462
553118
196052
577838
632491
96391
188876
96386
371292
549965
1458985
96383
189098
188736
96381
496515
851366
555789
551441
2677825
703794
598438
3594031
813394
406891
4108
550469
357466
357468
357469
205397
205400
702655
196484
128968
2063
95886
205384
128970
137192
137195
128962
128966
1680537
780638
1122941
1165560
1089140
1680572
618661
1249497
1164480
796218
1167591
795841
1098731
795675
795678
1669058
518376
518377
795666
795683
1164484
1145769
1164481
798645
1157846
795686
795663
796217
795661
1166310
795702
518379
1167590
702839
702888
357543
541484
474548
474540
474539
357558
357559
706030
357561
381713
357563
474532
357566
474528
357574
357576
357584
357588
357595
779545
474512
1132749
357616
357621
357622
1229366
522341
357640
1098967
357644
781871
636032
939428
624249
438209
1520323
1685776
636030
137259
788537
972618
93620
943623
143108
786887
189230
1066550
560459
93619
137256
93618
797211
93616
137253
93614
93613
93612
93611
137247
93610
93608
137241
93605
636026
194615
194031
137268
137267
1281309
1110713
639739
137265
778341
287292
357746
137261
137260
138124
357769
258359
258358
258353
194938
258335
1166536
963784
908249
260501
838989
357840
260496
975566
521883
3067511
521362
1418475
1624204
1574715
1537722
1354442
161727
1372318
1483497
2179950
1558214
1299845
1592064
1503911
1672901
1577753
1389261
1561224
240849
240850
240845
414886
35496
937542
408272
240847
1158807
2042811
5619
198552
870533
558968
5618
21493
1487434
431079
5615
932589
1355900
776594
773471
259358
259355
705638
521418
872604
259349
475897
259347
204295
475891
475890
475889
259344
475883
542478
259337
259336
475871
542499
475854
542513
259325
788146
475849
1209915
475885
1057217
718440
666726
45163
8581
45131
45133
45146
164639
228996
1166320
1164207
1098856
1165186
1167145
1165049
1169355
1166794
1167072
1082948
2720057
2656713
2142348
1229592
2087791
1975813
1257410
2895707
1327010
627526
2664257
2664255
1906709
426892
1331533
965295
975951
167255
802243
167257
167258
2136442
1009292
137206
137205
137204
435057
143056
917659
551456
553562
224057
771663
992179
377557
96576
1407094
496569
370949
457149
96590
96589
96591
96593
3335960
96595
527135
11937
2442395
2147982
11938
1487606
96608
2136446
2680128
65771
557381
1691427
96562
96563
1487625
96564
556079
2040645
714041
709825
2656726
2149566
681218
541848
140732
725939
475004
710687
711945
802247
781886
1221844
713326
2510643
723586
2349899
1676030
3335390
3025642
3335391
2656745
2298324
2590041
2272823
2280927
2364196
711035
1299041
3025123
975785
2380747
2361821
1879670
2656754
1676032
2341451
2599772
2656758
791568
3910553
3194990
95392
976512
3255582
869402
488585
618855
2678243
130100
3594174
130099
632596
215079
130098
215055
130094
30912
2075981
1450145
1070705
1452675
872611
1457359
974848
225026
1662867
1161957
709781
1139633
1167842
734225
1556140
264698
1498883
376856
66092
437483
66094
437479
66093
224911
437476
430470
437475
437471
375387
260207
1336025
770177
1170888
1099667
1167069
1170211
778246
1126902
254102
756451
3441960
354680
285976
354681
780988
780989
985841
445349
779250
1196394
222033
788100
778247
778248
720950
704000
218932
772519
1264753
559414
1560114
1183485
1546543
138690
138689
729152
130362
130357
130360
130361
260153
354902
354918
193368
354990
513071
1317475
449908
1317481
1528414
1226107
1593362
780038
2078812
1595713
539542
472200
31096
472199
1721
355033
260452
137375
137377
780039
973853
724586
709899
252611
740018
740485
728191
734316
740019
714318
541102
403565
474039
541100
403566
30630
789183
1680451
716637
355060
355061
2136454
631969
638295
2577398
500275
637051
1804751
355066
521955
178045
44408
706858
44395
44393
1158049
44377
44376
700170
44374
44370
44366
44357
179474
44349
44348
227482
1121979
541236
239115
213580
178057
44402
44392
734369
44368
513916
388485
213572
734392
17477
2136455
256260
355097
355098
1091167
355101
903874
355103
355107
355109
355113
256262
195078
773200
718447
387336
384684
384700
1586828
517062
1186668
384816
384689
776148
514847
668224
695469
178799
165059
696085
178801
165060
165061
165062
1571031
227055
130156
702436
130157
702079
130148
1337606
393395
130155
917476
770558
773729
776149
723554
710627
786538
712067
769692
1492830
13636
2312619
782477
771865
619064
776151
2758665
1541792
781887
737222
724958
709415
2341158
1600256
16985
986183
2169516
435323
203469
470213
1028586
16997
537756
470216
435324
137483
227115
355213
415178
415181
227112
463667
227110
227109
227108
227107
227104
227102
1573045
505274
504836
681511
227123
240287
227121
227120
227119
264130
227118
1798674
708201
791450
477459
1431679
256052
447681
92941
92943
129435
477457
92948
1469643
802261
129437
477461
92952
129438
800186
426986
422393
92962
714306
235524
129439
256080
355292
129442
167247
38341
92989
129445
1913085
167249
385982
555971
645245
1044951
2393
551041
551529
1030551
2678232
632472
802268
556022
916528
419417
419034
1012110
550679
698201
2418544
1076487
29842
13591
2136472
547983
282087
161094
355350
284854
3593097
3593105
786098
778009
716030
1317222
44773
163447
702124
286680
95756
143152
195770
128327
95755
696692
1627886
195518
217532
128324
217539
217530
568060
217528
217548
1459367
217544
700488
128322
2012
1598027
260861
166664
260841
904080
775242
402423
7790
3336540
255746
188711
7782
7781
38872
355552
36371
111213
17944
531675
2064452
135330
135331
135334
135335
1582952
1595854
1606274
638403
1170016
668342
560611
770365
731936
776167
377371
725881
730645
787836
192349
2081132
3106066
445845
3525723
784637
1928166
2157454
975715
785806
3234350
2205154
2870649
2611937
3257054
709972
2136669
2871246
2049936
1050674
2067357
2868862
1690909
2263903
2898710
722288
2467034
2065111
710327
2170021
2591961
3642194
2182011
1050386
1695168
2401751
2705852
1285346
2739170
2156477
746835
2419804
1585428
2071062
2413716
722289
2057096
444702
1972851
3525716
2416291
3000507
2362126
2045073
3004119
720270
1975654
1586037
2960161
2873481
1299051
709782
2407632
2160613
2186278
1514490
2722721
1564056
3525713
2061277
2176818
2888018
2716894
4084709
2169357
3525717
2978774
2098368
3664904
2141638
982904
2785052
2055183
445442
2165009
782255
2099696
750131
2163990
2084210
2868802
2885526
2182244
2874216
711471
1524416
2190272
355575
780121
732962
259161
97001
259163
259164
715576
715403
717216
778265
716638
511983
137220
205434
391537
137219
834981
3099
462934
387503
390520
1047431
1760844
137218
383679
516054
3098
377830
3102
3100
129003
162617
3107
781759
995109
995113
995115
129210
2068855
789752
447463
447464
445990
722373
789886
1257635
789511
783757
776169
719906
716756
709057
737
355674
739
740
257584
1295312
1215831
39765
138914
769698
225255
138918
377296
138917
790988
1180193
1117125
130436
130435
130434
130433
281135
130428
130426
285642
355819
194293
194147
286270
130422
130419
448569
355839
193775
355845
285298
355852
130411
283936
806005
130410
355859
355865
284630
355867
130408
507744
130406
284031
130404
513018
284688
782105
470994
130402
355880
130401
130400
130399
286916
130397
285705
262155
674408
448548
130394
283026
198378
509715
355888
130391
130389
355891
198335
130387
130454
262205
387095
130452
130451
197955
288386
355917
130448
355919
355922
286020
130446
197087
286464
130445
281160
281306
283246
130443
196047
130438
281136
195837
511896
130437
130431
355934
355936
286923
130417
282246
289169
380339
781015
718283
1288785
2041606
377123
3129394
3429017
1254707
1254349
1208697
1245708
2156968
444703
2657053
210310
1761950
1603126
1582851
1636714
1654891
2157317
1207389
126312
2571265
2086000
1197199
1215982
1627941
210269
126316
1376454
1183166
589699
2049591
1338310
210270
1785333
2223765
1254263
588749
372882
1635193
445541
191216
1321728
1228003
2714481
2104285
2456010
126323
1797653
589704
975343
1798587
1966532
1302202
2068117
545058
2045940
589128
1733832
588208
210287
1735896
1270401
975344
1299056
445567
589145
1207873
1262469
2323651
1290514
1344998
126333
2714987
2461002
2073985
210297
1254655
588324
2657068
126335
2045878
1606338
562031
1707369
1610893
3239562
588347
1358671
434391
2657072
2038707
2209478
2083880
2079945
689678
235272
434363
2043151
2053739
788356
790318
2482842
1187183
653652
378570
379604
516308
139092
139091
215149
787840
435111
475825
1170195
475824
475823
475822
1166974
475820
779579
475836
1170196
475835
1166975
475833
475832
475830
709828
719390
771868
13583
770931
590291
1722345
778275
692202
692204
770367
715877
3898197
963190
356016
41222
41221
409266
7050
645725
7046
7051
415531
41223
468587
7038
7047
468586
644125
468584
578186
805243
493448
425404
522607
225635
225636
445576
1242832
138240
356026
716206
356027
712409
356030
779640
709155
774312
781761
781890
771721
746837
507371
435091
386574
384878
380810
515406
507392
385989
787540
380785
384312
678368
380789
2419959
1552785
2067272
1572361
778929
1582693
757389
787845
1534913
724470
193426
290748
195353
2136493
281610
284042
193729
193731
1131479
1601716
1172535
759832
772884
525483
241209
525551
241211
698855
454849
260926
454850
454853
410302
241197
696440
1778664
260930
260932
1789687
39684
241203
461656
703907
461658
1165168
461662
461663
461666
704478
1170347
461640
461642
461648
706131
702312
724094
747388
747389
770732
3771262
3110028
6920
773474
786075
446897
1166976
446896
1167604
449963
472956
445507
540188
585487
1266502
1275012
472954
472948
377093
759678
472982
429928
540182
472972
1170052
472970
472968
472967
1025049
1627995
472951
871386
720653
133803
838583
133800
133801
133799
434566
133796
133795
133791
133793
133789
133785
133788
133784
133786
48648
540972
473938
787314
445721
128413
128414
360308
695649
538868
128408
240935
128411
417166
585437
777174
773735
796250
716640
721184
279997
985391
449190
545067
418804
127172
265318
860924
522017
1177326
29599
29600
18275
2159436
372917
1251980
1695182
1334712
917875
127163
520411
1196724
1177325
1177309
577358
732371
774313
669433
740747
786897
746259
36691
142877
91343
36689
798665
1097243
2016204
3630967
2428549
91328
140847
2674189
192316
41708
237893
41707
41706
41705
135065
138701
41704
41703
41702
36685
1504952
91377
640477
1762082
187726
185340
794590
1093477
1576022
927649
3610042
1732479
382572
1591567
2868027
525724
127789
2674196
1792408
569237
2188113
383968
439243
1789707
3232009
2830330
486943
846265
91315
127765
91301
9245
41716
41713
1429521
957082
450786
231873
182809
127788
820477
142777
91323
444713
91282
445281
445284
445283
1685419
1098331
790353
735612
1168238
1360573
523236
1336027
1336028
129285
198454
129287
359592
257463
129288
129286
1164498
1168239
1109514
7982
2630238
3340704
1420250
935674
1474221
702088
2657333
747759
454666
444714
2137489
93682
93683
257876
257892
359596
163094
166998
215427
2274199
410854
578198
2138560
525572
1623433
699550
163095
238900
257874
454664
178724
2460082
257875
163096
163098
257878
359613
220228
1004072
219978
1794394
2657342
238904
238905
178725
858062
163100
525242
454672
257883
238914
3026645
238915
257890
663038
238917
359625
1165126
93689
238920
700365
359629
163105
238924
219477
226586
188238
257903
257907
257911
416437
2721538
238929
658037
2817065
1664710
2397861
163108
2510238
1665061
163111
257931
163113
2734976
2161563
238931
238933
1763004
238934
2618458
163115
238937
163117
238940
238941
238943
580301
1167505
359668
2768092
696494
952311
238888
178732
163119
581568
577373
178733
454633
167000
257849
410853
163121
410870
227316
2743161
226579
163125
359678
167001
3011546
2396247
410845
454649
454650
416439
410877
178735
178737
257863
221194
215428
2065845
178738
2740015
257867
359696
916128
359699
238898
226581
163130
226582
777811
359768
697441
536257
432657
359772
702183
704056
1008
1009
867023
718718
2588191
359839
44841
44839
44847
929958
597464
44843
226560
16917
1210164
2498230
704292
40050
359958
359962
376765
1268863
733777
713575
473001
722944
711870
220422
2913323
694989
258532
637545
476760
360007
2761153
476762
188100
9204
661670
476747
958512
543227
1326212
360012
410314
702275
360019
36273
909903
161436
36274
15991
191335
1012248
910806
1693449
198437
1322999
360037
709900
789008
773889
776215
4479
1330659
167609
167610
263130
96647
263117
263119
263120
194684
194685
263122
360068
210514
522244
360102
360103
389174
1539488
360113
1201775
518384
1601329
1165102
1166060
1165103
261051
1572693
156221
1166690
1154941
164798
409677
1082781
164801
260768
226853
164803
194663
221007
178811
468993
1332946
1287094
711336
1600063
521019
2574156
2919322
2063676
2173867
2186032
2954803
446011
720798
2082981
2883311
3709876
2048409
708927
975511
1182123
2515282
2176584
1974724
717025
760979
2887199
2323240
3361031
449224
375737
788670
932284
423480
375739
522794
235887
1679310
1339033
689751
1695841
976738
521771
975513
736866
718472
772886
2993266
2085923
2045784
2171610
1676059
2194472
1977059
730686
2187461
2378566
2056870
3673644
4609875
1844
559299
800169
659014
1428252
255443
360223
2211563
910636
2925871
255440
255437
2927055
194462
360229
2393829
360230
287768
137485
255434
255433
762228
360236
235210
2935908
459209
13821
255428
360239
383081
528805
13824
360242
255422
2358609
360248
912210
1122316
704620
509379
255446
833931
3752913
360260
459208
4264136
717858
775081
360276
1197858
736843
788267
1189018
1434078
776219
1329815
709651
1188904
1226463
36202
16143
585916
3068512
393447
2734985
36200
1770532
3233991
36199
804842
429500
36198
1320655
585914
36195
2691824
1709730
36189
2571658
4687876
4687875
1700674
804839
4687878
4687877
36188
3233992
2734988
447387
3233994
2136506
1801514
447386
3233996
3233995
1472875
995102
21077
2734991
2578359
2169517
1522625
3602130
981653
2574162
36185
2581305
1301416
585909
435299
3250353
995101
36182
36181
3024417
3233999
36180
804837
3901862
3901861
2065408
36179
2136509
804836
1734018
3024418
236014
3024419
1256306
1256304
2581125
447384
2574163
447383
36178
1098819
804834
447382
36177
2664370
972776
21076
2628365
16145
872751
36176
1727652
585908
36175
2578348
447380
447379
2578347
129140
2578362
381598
3383915
418228
4071499
3893306
36172
219179
908615
2580863
1405403
393450
39759
3602116
2664366
36270
585929
447426
36267
36266
447425
435301
36264
3068849
2578349
1436793
16136
2578352
994613
447423
3338870
1700684
1709898
1700683
804861
3899866
211076
447422
2581126
435310
2664365
585927
994611
3383925
3383923
3383926
3383924
36259
447420
447419
21078
36258
2578353
447418
16135
36257
447417
2578354
435302
447416
421063
265175
4531184
3720739
2735005
2735006
1678597
435311
393451
995373
804856
995372
4687879
36248
381599
2628366
198397
3024421
3024420
16134
447413
2580859
2136518
36244
36243
1464253
2578075
435306
36241
36240
36239
911631
2691826
36236
804852
16141
2505486
2505485
4687874
804851
3661587
447411
2691827
804344
1191898
129145
585923
3234002
36233
198050
4531182
283358
426122
2664364
431972
36229
804849
3238987
3238986
129144
4531183
265174
3383919
36226
1746350
3024423
129143
2691829
2682649
1490297
2574158
2574157
997861
4687871
4687870
1743101
447404
1679549
585921
2628364
447401
2682650
2567920
36221
1741488
3233993
995370
3068510
129142
36218
2578355
2428681
2136527
3893273
16138
3024422
1704126
1210150
447397
211073
2735019
3338654
585919
435307
2662928
1496579
585918
1676241
36210
3383930
3383931
3383929
3383928
2500039
995367
976334
36209
1679552
972774
585917
419624
1343440
36205
418225
377026
3767143
3720746
2684202
1807279
3383913
631495
36204
1299600
36196
76898
393453
585911
585910
195024
2691828
420070
2682651
2578357
2664358
431973
585930
235097
2136531
765029
129141
911766
493451
2918096
1643178
1407244
1515399
1718330
1604535
1642608
1495268
1911062
2805025
2989028
1577815
1631278
1920904
1506854
1642629
1585503
1421558
2174679
1653240
1375496
1656082
430925
430923
430922
430921
2621
445756
780042
1598081
2684
261965
261971
261974
668637
1317252
1272846
667035
667036
770935
713684
787667
779251
1262863
1328049
743268
1048779
1286536
1257395
781898
770185
776225
1234042
1181437
774078
787668
713685
1290113
1273513
1288306
774875
777628
1238411
768150
718520
773492
743102
776230
1237805
717522
787669
719438
724010
782265
2673105
773737
780678
710936
778021
1236982
782266
2657480
770936
769713
711477
769715
732116
784110
774876
785217
2372299
718826
775248
3257651
1299710
2907372
827709
1285540
2152033
360429
559481
1805503
1068764
379626
202181
17814
17810
791009
1677200
360434
235399
908407
3003021
17809
973440
17813
1677221
1057684
235306
1324215
2585327
1168240
769716
1273872
769717
3234157
774653
134021
584689
3770968
134034
760724
1125561
134029
360469
134031
863217
786544
911506
911507
911509
360509
360514
360515
1102651
703422
712646
774315
718473
776231
713598
790354
92588
907
893
1339516
1339727
894
895
905
92360
551039
224970
557253
92359
550701
2398
558314
1685244
495379
1489478
553111
555191
643476
556429
203625
203626
1512721
861559
1459454
2402
2747788
203613
1050820
933174
555511
553200
372306
1521904
2678624
558682
842417
1465183
941054
555574
2678738
224976
2066939
2399
554299
2503913
426324
2196834
2403
2401
552287
1383503
203621
557968
2446277
660049
551210
2168099
36926
1427810
21543
2678594
219289
430228
769326
2761164
975656
702447
2189068
697442
2073152
701814
624281
377186
599436
1253894
1229474
702089
1215918
710562
2470895
2712906
2979942
810096
2168316
376942
2235523
975658
1219413
1194690
800174
1189325
767618
2454511
774008
2077683
2191189
1259716
1205664
2200972
1199482
2075004
376956
703257
774046
703624
768154
769328
768155
768156
715404
708717
732412
774189
708718
785218
790735
218821
785219
709124
768158
711984
976691
1254123
213185
43584
360635
193626
360639
238950
360642
360648
43582
360650
506719
389824
416912
360656
177898
508761
226631
43585
781649
727303
712470
723095
771871
714348
721277
2251
2657600
2786565
1285178
720668
786546
218671
790598
720809
784821
16902
16907
256840
4532079
16915
3339945
16903
1254698
667830
1263605
547018
726092
2593066
533814
239028
632006
220419
7479
157529
637060
533813
7478
810107
217230
421350
7484
7480
447531
946496
7483
2747265
438804
438806
1534722
1338767
659092
791452
3250891
778022
779252
768163
712658
771159
709129
1235641
282850
129559
129556
2498283
873455
2369107
1339601
1335674
711988
632510
768166
708481
1272490
777405
360777
43611
360784
512901
263797
180288
416572
446965
701299
1140260
518846
1652654
218822
1284557
1379166
1385669
1552954
1645353
709806
1989229
1124562
1587823
1164379
1599232
1621614
1225294
770563
810115
1600632
1599183
768168
1226029
1656051
768169
787586
1111492
1452962
716880
786547
724142
785221
2589184
1531024
720131
1270963
1598771
1634982
768171
252760
712001
791290
1279500
1336881
774655
1578962
768172
713790
1257140
768173
786410
506450
1600466
720810
782492
459537
218701
702956
1546753
705462
701713
260256
180149
731604
39716
768175
2769220
782021
1238650
770939
1335675
2501669
599183
1335676
982084
194921
194709
256160
4536822
194334
2687809
13690
372802
13691
812754
3242002
596530
778935
166622
166619
194008
711479
779253
773214
713100
1188945
717926
773215
771412
724144
773216
790602
792082
716082
716083
709869
709871
725592
776235
716145
768177
725593
712004
768179
1192635
1192637
1192638
785222
1792119
136346
191549
360813
190501
190513
188314
191513
180260
191550
191551
136347
264510
190506
190507
191515
1140251
527053
240252
191552
527079
190509
191516
191553
519272
191517
191554
668175
136330
136332
180263
457108
417021
360832
417031
191520
519379
136338
136339
136340
263541
136342
417027
191555
417032
191524
190512
191556
264086
191527
136345
191557
191528
190497
518712
191531
457084
519555
1580829
1633044
771272
1299386
760738
360884
5726
5725
783247
360890
468215
45825
163496
45829
551650
1069047
224325
556176
580960
7516
194335
129882
7517
549945
217429
256217
235320
763777
283861
785435
371746
371688
552166
371744
776237
210641
769723
769724
786771
1805947
70729
1584275
740748
253153
777829
559913
985307
708564
1434256
791161
1166030
1343336
1803127
421898
1166063
1167361
253151
1167362
1166249
445826
1169094
782110
1049816
1169095
729527
741674
1169158
781650
446530
781039
716940
1168626
1601362
778937
1669284
707979
736324
1165055
1166832
728751
1897662
1662890
1167034
722434
788540
790046
17636
731330
717880
712709
360944
526897
425658
2662592
839226
585503
585504
456836
393233
2152136
2925401
4075356
931954
624286
4075358
265387
372734
2925403
496615
2684108
1457014
2683900
1459490
2935057
35955
679609
2922640
2682437
419709
4075362
439504
1029638
456844
916359
1457226
3573482
284986
2503333
2571594
1349117
1708366
35957
425662
1071306
1683639
451413
425663
691334
691333
870113
4081264
3252038
456846
447156
618023
2439316
456848
2946398
691335
425643
1071307
423428
456802
2439314
870114
2022871
451709
579070
426918
1320217
1687533
425645
4689420
1723615
3338018
1685648
520980
854736
2925409
644457
265388
526895
425648
3758891
526885
4075341
1701991
1330728
456808
3594954
994266
2136565
521008
254953
265389
196158
456811
1224306
1349331
425649
3756847
969772
1701992
1224367
1701993
1488079
1457414
663292
2637910
425650
1203633
2036181
1071308
2430842
585498
35939
4541313
802335
3754465
392356
2136569
641929
1314966
4280323
1223742
1326102
2579637
501007
1454487
945799
447151
2579136
839050
1468991
420022
1031384
1524189
2925413
449351
2435773
638318
1807137
1224430
373093
360963
908994
17261
1302007
3759119
1224334
1343353
1224380
2922855
1341504
1702191
1804638
1068896
3767111
1699550
988398
618026
456827
1324107
426606
958001
618024
216908
1328474
283153
1163008
852708
848804
1301438
2577428
1451958
585502
3253585
2925415
975940
1472691
1709348
1380342
1498972
2572560
360969
4074352
586562
235287
487363
807490
281115
420156
776241
1282072
770188
717592
13735
13736
708721
783495
716357
7084
787052
7085
715405
711004
3336478
934709
2577099
21509
2504051
813455
92110
1075398
855835
1451920
1212745
731436
800534
91841
373308
1252063
1456043
800997
91840
1492904
445740
667997
1332875
383733
434402
91842
992845
781040
768182
812648
2063715
2047026
2149609
2513341
2041940
1067765
1320128
1028623
2063091
2067841
1558687
1695197
2056068
2416744
2200520
724271
2054837
2749757
2181915
2966281
1049474
1989162
2158635
2198469
2194218
2042864
2197022
2073658
1898133
2223286
2140849
975628
2144475
2394985
415823
695456
1170233
731661
424616
783499
783501
782111
735139
1278238
778326
1173069
30264
389721
128405
210216
781652
712377
2657736
778327
714353
781042
1236675
1183740
1244384
710206
781653
21374
221188
188153
696030
577309
358292
21378
5382
430804
1217305
977754
2429882
785227
715578
773891
1242035
1273425
1273388
403615
1275265
768186
1797989
1450144
2701266
1484910
1597847
774194
768187
691533
3275992
1805925
1788539
374836
590873
1776838
1773638
811623
1582370
2699959
708347
1595738
709397
1750553
1174758
2171957
1430521
1771766
781044
780701
726502
785228
403117
1270896
13573
358307
776248
1227463
624295
440178
618835
440182
1599070
786550
709065
1335682
778330
3079053
2602747
2371264
1676073
776250
3079048
1255432
1299085
772889
1224860
1335687
1268549
523138
2369206
1601646
1245557
48337
48341
165272
475944
1061134
130146
358381
167577
130143
130139
858822
197485
130133
167581
130131
130127
594896
95219
196027
281243
130119
130118
542598
130116
95213
212028
937551
287402
130121
95217
2777654
2178457
2072783
2371742
2042865
2189930
1601685
2084890
1601775
2428431
2169189
2893162
2056592
2071091
2074720
1576685
2173135
2403217
1636344
1806179
2074721
708789
619233
2363841
767093
403377
241408
241410
410790
224922
410794
416380
224933
241400
241401
1785088
2013152
241404
1786644
416403
224921
788863
715611
1270269
1331023
792085
358460
358464
95374
358472
932926
2136582
43553
188721
188998
3601788
4839
227949
43531
2445630
446451
2735063
552777
188842
1297066
371034
1334127
1301849
1065204
560910
1334108
1705440
1346580
43555
691506
1502303
4834
556058
4835
996638
556091
2134324
2136588
691508
188878
551311
43560
4830
43562
2735064
4821
691509
2678944
43565
4817
43566
1065210
43568
165247
43570
43574
1457140
189039
1210160
4842
43492
43491
188793
4823
3384109
4820
370578
2678934
446453
43495
371421
43497
43496
691512
43498
1804681
504511
370080
4818
2735068
556159
1067344
2735069
4829
550505
549979
43507
2678904
550172
550792
43510
179732
4841
43511
446454
189160
4836
557139
370114
3336121
446456
597784
43519
43521
1297072
2678941
555607
43526
43528
188889
1065212
177739
554553
446461
43532
43533
402277
43536
691518
43540
43541
4826
949741
228396
552468
43543
43544
358535
718251
358537
782026
908257
55985
358543
711005
1470278
3594229
358548
358554
56000
55997
378598
358559
358560
137103
2052081
11966
203682
1346904
11972
11971
40186
11965
2187348
380845
733694
386892
2254897
380837
380844
380919
380840
783504
386869
383717
514979
384303
380843
768193
777406
714356
782027
1250798
1582257
772890
749538
720811
780704
778353
719177
717552
771728
798655
719385
218480
769730
393399
393400
549557
549519
1231102
393402
393403
393404
917451
393405
1297972
1233474
917452
549524
235442
5067
95605
792882
724631
713600
768196
779921
1569990
700514
822670
41610
568557
524879
41629
524857
93565
41611
134653
134643
2032129
454231
188288
186141
13887
13881
13883
134651
774316
719651
53423
53622
53869
1320029
35824
53845
634833
54059
53238
53266
53325
53347
53346
53386
53425
53510
7143
7183
7181
53606
53610
554293
53665
7197
7108
53718
53754
53762
48688
209047
53765
53764
7109
53812
53910
53909
2680711
53951
53955
53965
53968
53976
53986
48692
495953
54005
54006
1300164
54018
54019
54026
7190
54040
54041
54042
2871602
7153
54088
7139
53160
53162
7193
53167
53171
7182
7171
7110
7198
53180
40200
53196
53216
634834
7111
53236
35821
973893
53240
495896
634835
35823
53248
7130
634836
7187
53255
7155
53270
53272
188863
634837
1300167
53280
7150
38733
7116
487375
40190
7142
7120
1331723
7196
35829
2573429
7123
7156
7113
1777899
53339
7240
618927
53342
7114
1706063
53352
53351
53356
53358
7119
53384
53382
53391
53395
53398
53401
53403
53404
53409
53408
555466
7128
53568
53575
53590
35854
53603
53626
53627
550702
455774
495923
35861
618964
53652
917606
53667
53672
53676
7208
7162
53678
7158
3381026
993219
53690
7210
1163287
53707
618905
53709
53711
53712
39516
53722
53735
53756
53757
7215
53795
53797
53799
618901
53801
7217
7192
634832
53821
53820
1300168
7167
971487
7152
53846
7136
53865
53872
35881
551822
53895
709431
1005965
1009567
144007
529706
2548860
767427
857319
568350
804349
236067
126503
358762
792088
773396
719136
377290
1048522
723308
718873
787587
715236
788645
714357
780705
768197
787318
786110
541902
475029
475012
475100
1697437
3668731
475035
650065
768199
730687
712684
769731
769732
436159
129875
358801
13791
1583240
358808
358819
599472
788269
774195
787865
711708
787866
937932
14834
1164499
719137
778363
719139
736772
774783
29592
1446750
29591
1579808
471980
193632
471985
290012
258129
258132
472000
472009
129083
387217
432306
539474
539476
835883
290008
427928
258141
129086
703994
385867
766888
129091
862745
253126
196617
539504
1746375
258147
196888
285429
636849
2565527
385717
1019243
641618
472153
472155
539520
197461
445970
670239
768202
135266
135575
135259
135260
783832
792089
826117
824121
1094412
784117
826258
826724
871495
822028
472884
128705
739918
1528298
2046488
786112
1236309
1290516
1249560
444732
1222221
769733
708566
783006
789012
768203
720425
727128
717728
773905
709813
791571
716957
769734
783007
710268
788270
1619681
1178538
1236909
1636149
713473
755780
1327023
2765190
729242
227248
422877
706948
227249
478116
227247
5378
1064451
2910216
774456
793655
740628
802368
5159
786113
359007
2631844
261344
359013
5154
623151
956634
384333
261340
359026
261345
909588
719440
773756
2970829
787871
776261
1164777
712687
1167363
732852
1167364
1169098
758786
1169099
1167366
1114579
1166980
735615
710599
736521
1169100
1089420
1166981
725834
709239
709902
1166133
787325
917964
788864
786411
711893
785237
1031016
196308
783145
786551
773757
498646
768205
1653640
775257
498515
287493
1599455
2419173
783511
776262
162797
13981
44818
40390
41446
40389
376289
280033
40388
13969
40387
180789
177672
202193
375946
44811
13979
2769805
40383
13980
40380
29808
1685577
520890
222077
40375
40374
40373
13978
13977
40371
13976
44806
177844
13975
40370
40369
44805
40368
40367
44804
13974
177775
13970
40366
44801
40364
13964
372572
448924
417225
44834
1324583
44832
180723
44831
40352
13973
40351
55793
40349
180784
44830
13965
40348
40347
40346
44829
29806
29805
29807
1320917
44833
40337
579533
40335
214064
467794
771416
977503
720426
774457
773398
776264
38363
1206231
11878
38366
403349
1686194
29923
11883
11876
252610
2270793
2786649
590768
2786652
2786655
2763320
784121
714771
31082
776266
731154
359089
359096
2925418
802378
17546
571653
359101
646263
2925419
585691
21045
21046
585692
1000597
17532
804708
664036
21047
663722
1324084
2083486
280100
17539
17541
531747
957128
21050
21051
21052
1697274
17542
447078
2921633
21037
447043
429659
17531
862321
447047
570379
359109
976182
570776
546108
1070311
280101
802379
17535
17543
871782
21040
2925425
860796
1013567
208084
17538
2136619
21041
935242
3384339
1339487
3759128
1482531
359119
359120
624305
582345
3339995
784501
771418
402570
1290091
359131
359135
286525
138535
359142
2323730
359147
167875
419232
265278
137694
95578
421440
128798
194530
205221
65675
1451532
158582
3075661
158579
134222
449269
134224
933450
719803
2512367
782500
1294549
776269
776270
789594
792093
67475
67458
67453
67451
67427
67419
67407
67405
67402
200456
14424
2773436
14432
67397
67396
191542
191543
372377
1027323
67385
14435
67379
67371
67352
1424837
200391
67323
67321
67315
67314
67313
200749
14427
200747
67304
222668
67302
67299
1189275
67297
67295
29777
67292
67286
67284
67283
67281
67279
67277
14423
14437
67261
14428
67251
67248
67247
200372
67232
67231
200733
14420
67229
67226
67225
67220
67208
67206
200344
14430
67198
519399
67174
922307
527075
67544
527096
67510
200211
3072422
413325
1197726
67370
67368
264521
67366
67363
67254
200557
67215
200553
67182
67538
1182440
775259
719652
14015
719909
403247
776273
723649
792094
769736
774196
792095
789519
1233189
1234767
677160
1228005
99966
783008
50953
99959
99955
727784
99944
50954
99961
774666
773500
774318
769737
6852
6854
6855
6849
533881
6846
36698
181463
178883
701411
921878
181465
45727
712688
712689
778940
769738
721662
780727
776276
813693
1662905
2198376
134815
3116014
2203099
1601718
134813
1130796
1596352
4044449
134811
2720440
1951866
1569460
1679941
2268333
1679901
1417021
3891501
134806
134803
1049685
1584922
2896719
134800
2960935
134799
134792
134789
2183389
134785
1420285
134802
3023036
2414098
134788
134787
2169948
2060529
2174429
3116007
134794
1919927
134778
1434515
2074662
1465727
134772
134771
134776
134775
134779
2492313
2060530
3902482
2413995
134768
2185436
2400393
3705125
134767
1690908
2579037
1662870
134765
1170675
1335699
1701541
134755
2958813
134766
2658219
134754
134760
2183810
1907626
1346654
2054898
2907884
134757
1940284
1667835
1618144
134751
1599635
1542095
3535500
1521557
1169032
1592708
1630791
1461444
134748
1488648
134747
134746
2673136
2176366
1164215
403019
1602823
1651879
715879
1463359
1601687
2658238
3535516
134743
2885065
134740
2158513
134737
134736
134738
1474196
1206291
1166225
1379015
3019827
2712580
134744
127965
486723
377138
1226070
1242344
1259698
1235501
586571
545575
282694
8887
3062081
545580
65887
2636187
430482
783156
359427
1541053
1258865
1594686
31531
1322758
498056
225176
31530
31529
30905
1630245
286460
281947
774459
770192
771729
789192
711019
787873
780732
709903
779339
719441
782502
716146
790358
716147
707551
516235
707133
474631
516204
707055
516219
707022
474633
707029
773997
707041
474627
778371
1272088
487522
2802
242453
56704
128788
136807
56710
2804
3720796
95924
188917
2803
1577715
716552
618536
792097
2658303
439414
709434
787055
522268
1229340
709435
785239
734131
721279
713899
810246
788818
792098
712690
782503
710690
782274
719237
711483
788547
716087
731697
30641
158868
1571167
1174812
158872
158873
1189611
158875
158876
158879
21705
287122
96126
158820
138185
286060
158834
723421
445866
788548
725884
21702
21703
158865
776283
780127
768223
768224
773220
776284
361205
361207
361208
361209
361211
361213
361214
361219
361220
361222
361223
361228
361229
361235
361236
361240
361242
361246
361250
361252
361254
361259
361261
361262
361271
361276
361279
361280
361282
143166
909195
361286
361292
361293
361294
911393
911394
908413
908414
361298
361300
361301
361304
911260
361308
361309
361312
361317
909335
909336
361330
361334
361337
908551
361339
361340
909415
909416
361344
361348
361349
361358
361363
910418
910419
911642
911645
361370
361372
361373
361374
361384
361390
908752
361391
361392
361393
361396
361398
361399
361400
361402
361404
361407
1049116
361413
361414
361415
361416
265995
361418
908814
361424
2193
361425
910593
785242
712072
709243
258175
361475
12319
361477
393411
361480
210528
1331414
549527
361496
1029405
9030
30100
472768
699257
377180
412737
239099
404064
785243
730898
1285264
1559085
779342
1167517
1620131
732968
1587655
1098730
1636592
1168281
2764500
781766
1573575
1662576
729939
740487
725595
1222723
792100
792101
1246243
1175502
1222558
783009
774241
1600976
1640474
1601170
130692
784125
736558
383980
284157
714375
777177
774880
776286
787874
716958
743289
719325
362373
812479
812498
812490
585439
812494
719984
362374
812478
259283
362375
191340
180643
92
375548
362381
767285
812472
197389
259278
402397
35544
93
1163018
558960
995271
17808
719492
770569
776288
777634
774199
731606
781119
1599898
1579962
1634095
1634097
1255412
1573402
1623253
770943
1606684
1552
495743
1284647
1203042
1540
1066635
1471786
1452072
1522
1527
2735129
1236167
1554
3251541
1066636
1548
1530
2136643
1539
855588
851236
1685932
1030690
495741
362414
2467002
770944
783518
3458953
3342486
1670859
1574705
1244413
740925
1628187
1551692
778391
1642395
1574959
708036
771423
362475
910709
7330
362487
362489
362494
362504
362506
362507
912097
362510
362511
362514
362515
362523
362524
362525
362527
2168706
770746
362529
362533
1335706
770570
909206
598978
13208
1729939
165210
165212
37307
1547791
908566
362580
362592
362598
1286124
1598082
790049
2658468
782508
713944
790603
717653
730958
792102
1993464
2443571
1584740
1358192
1430731
1623369
1169698
1111820
1429118
1013024
1539273
1403757
2415922
1013025
1672788
1669698
1423927
1299108
1648690
1961427
3154056
1412544
545417
617912
521853
870711
495261
545418
3717245
1569649
1549856
1607563
770378
1477451
1601719
1165842
1976371
714378
776293
1263607
776294
729941
1253334
715812
466318
466317
466315
789599
786556
717905
781120
781121
781136
724149
66676
66671
2735143
417206
386660
464927
41236
2579045
66690
14029
66689
66688
771876
715766
713945
773401
362652
785245
790604
708360
778029
788820
775261
566326
383690
384959
1009290
844760
390463
476995
204965
204963
936821
204988
128739
204945
1350704
847465
128740
783837
716148
776303
428612
196298
21240
593768
196300
790050
362738
281401
362742
776305
623480
446049
790051
1122306
712473
792105
734148
715909
769741
4674215
810945
2053312
775262
618147
770379
712693
684769
783521
712695
776313
712697
712796
1176880
789764
712797
786115
712799
130760
135449
130757
576648
135420
458406
38888
135425
238146
130759
130756
135440
130762
1328708
218702
730052
786558
768233
445746
1342857
437085
732415
859651
458243
956477
1272203
445758
775263
374856
1924687
2046577
374857
776318
768235
786559
776319
707946
17741
957675
1334169
550766
553482
661662
8993
551230
8997
8996
8995
3251758
550550
448533
2633643
736390
701940
128893
668479
210838
39679
473072
733352
784641
743861
716914
781138
362871
362873
194891
2505455
180162
435188
180160
50852
180153
2505439
224896
377227
1191755
16290
50849
517665
1338542
2505418
2505417
16279
16303
1341671
2505415
16291
2505411
548670
1190860
665860
196511
522603
180156
2505445
431966
2925927
16298
196366
362926
775265
737760
2288706
786116
786117
1265377
1275323
781140
713229
769742
261310
727064
261307
261305
261296
261321
1991189
2979857
589125
2531984
1749668
2743747
1207257
725886
1287491
3614337
787620
1209314
3628354
1984387
2073659
2175973
2083140
2887212
1248835
2085314
1300918
445624
1744073
1496155
1743125
588852
1902696
2068271
3665488
2287925
2177016
2421432
2174057
2909667
1300277
2771670
445863
1739014
1254829
4089799
2786815
2471276
1197725
1918395
3687649
588899
1986257
1218506
1905451
1451107
1206121
3112759
1281676
377054
1734423
1914854
2979742
2066114
2491208
587853
2177198
1920092
2339953
1049560
2957481
1221162
589549
3531845
1729629
2333661
1198511
719038
1958930
2061948
1666459
589512
2046521
1189464
548600
2901130
1966525
589262
1967478
731757
1564218
710644
2551528
1796390
2073060
2073061
1795726
2959607
1269461
1793711
4622445
1263118
2073062
2801459
2979052
588282
3112748
1912476
626907
2429666
2152544
1178084
1907889
588308
588950
2906479
1940887
2983998
1300971
589247
726877
1254687
2216197
1748184
1742178
587821
3715568
1204805
1728172
2225201
740190
713754
2740419
590941
474791
778394
708040
1109884
746609
708041
1267011
2695553
29796
1064453
909280
363072
734004
363080
363087
2735163
372804
712805
448685
964891
846905
425441
692056
31590
522306
1691706
474189
389688
474198
474187
474188
766581
252961
1053579
785726
1232
551378
558400
3905631
265483
553763
363150
569073
363152
167178
708205
788671
786121
1729918
1728929
440194
376992
379415
379650
4683343
379755
475242
507237
379649
1764227
440193
379756
475227
712334
712806
1736357
2150570
385818
541986
379426
377114
475221
475218
379752
379772
363220
363238
708042
792106
792107
778396
403356
715616
776326
715617
722020
776328
788734
789296
789767
790058
783525
1601523
1291951
790840
18413
910048
236412
979011
191224
5970
1115683
100579
167602
363285
363286
363287
5969
866689
712475
363303
1148883
95352
1164552
95354
363306
624326
363308
363309
363311
95357
776600
776335
782749
785250
780752
725081
780754
786560
1232012
1345016
768242
363403
363405
1557936
1584599
782514
128539
516331
666671
910433
1187042
95782
2157221
2417922
698739
646597
2066595
855403
662057
210725
1903575
158328
1197958
1134962
1507144
95773
837104
2421032
656169
2747868
290788
599438
241189
570104
698659
363449
1562589
3595698
260893
158282
2673148
1301242
199142
960343
964656
587942
260900
834687
363457
241190
3719393
969447
857740
381565
2022
279758
916496
690306
449371
267427
194546
218745
3338836
391856
520773
841486
589515
699851
2327206
459558
1028060
158309
2032
933525
363473
2500730
158311
1291682
800156
969276
421081
515440
235889
1472795
709338
529133
909745
498659
835896
1234328
158317
3266896
197013
1509946
379211
1116082
696162
95814
933747
416627
363483
2088277
363486
970493
95816
715618
1672301
65597
65592
65591
9137
1256475
371454
189186
6107
6103
586668
6101
363582
942745
120179
193293
183027
773505
709339
789600
783526
707531
707126
674038
949594
506852
681380
541697
384857
379388
725949
379419
383716
3910686
996312
775086
193915
128847
128846
128845
713362
787704
500286
788869
194353
783527
714408
1661797
3043606
1605248
1638511
1647678
1594564
733417
1595205
1590621
1609497
789193
774244
735964
1573772
1538564
720153
789603
48106
7935
363652
909566
363655
667110
1187941
48108
1342276
445446
770748
1342284
719421
785255
130598
130599
137678
218747
137679
130600
130601
776357
768246
2423924
38411
802414
4198
50558
406135
4192
4202
4200
618662
4195
574996
449535
40049
782751
724846
4205170
784131
790608
769743
727307
790609
776360
780759
3041672
749225
255818
167455
717223
778360
768248
769341
599406
711896
243087
785256
781143
713363
780760
1225623
1601541
1597582
1571909
1599548
715008
721153
1532349
1647408
714381
784132
786412
776361
973759
1665901
913
1235201
1603156
1598705
1600690
1557463
1660052
1675039
1529636
166899
971731
427676
450060
5227
261083
261092
95929
261090
261089
363881
100588
427669
791293
713505
134874
132690
138427
134872
127856
134878
134876
534666
774883
193507
2431230
126305
675894
998021
217721
219997
3595959
216826
126306
1387
217710
126307
56762
217720
217726
642294
56764
56765
216824
1371
1374
530903
1381
126301
1383
1451268
1378
1287378
716916
712710
774245
1249391
781917
789298
782952
426457
214210
136605
214209
31194
725033
364002
912579
912580
364051
379798
676767
811923
1500463
730485
776364
429519
2961569
1549323
760611
2521903
773911
2918097
2903506
1288543
785878
781144
712028
787329
770948
778943
724459
709344
760896
1263632
1332833
1601048
723919
212575
589425
95838
95839
95844
95845
528857
95849
130725
95857
95858
235590
95866
95867
197529
1267588
95874
95876
130716
130717
167835
95821
445643
95826
283776
697238
416529
474667
262805
474646
242010
242012
242013
541536
262802
1791370
474658
46218
46221
46215
132123
5392
132122
132112
132104
1288377
138931
3977071
1226451
1607143
1285287
802432
772905
1280576
737363
709423
1260089
909729
1029334
372797
186
184
631543
100142
721029
100149
361455
6128
240844
260179
695890
260170
544225
805890
6127
414003
260174
544227
240843
1574529
1104904
1087046
414008
1170083
1280490
721055
776371
776372
780778
768254
790266
776376
782278
789771
2218152
1568500
361608
5580
863621
5578
374202
5577
438462
1951730
2945985
361616
2201147
2254720
2924081
1600343
716536
3462263
287367
1584791
2058427
2658769
361627
1485564
3762760
2038686
1643893
361633
800171
776379
1287707
1775332
589776
1481022
588115
776380
134200
1548559
707063
957776
3659932
526301
4293914
1071749
451765
449478
265129
2495
988576
2500
2498
576662
265126
449481
2628012
361660
721186
794144
258775
775267
782143
770575
1170265
1170266
436940
1165134
1336036
1164520
713104
772907
784642
1182743
773224
713105
775268
774247
774248
784137
768261
784138
1263810
1245653
784140
783533
789300
713507
735142
747023
716978
214764
788790
138469
188277
578334
410079
1161
1162
495056
463137
361726
240930
289452
361734
781145
722844
719682
2530059
780779
716979
2373315
138051
205988
138050
205984
205983
378036
205981
21411
661154
205952
21409
934997
852086
21417
661030
205966
424397
205963
205957
260274
260272
260269
540330
260278
39798
3382932
361905
12697
361924
361933
12698
361941
786123
771426
258993
773766
361969
361970
361971
361974
258996
258997
12696
778404
258999
988639
12700
789773
12705
12703
715958
361993
768264
259001
361997
259002
361998
786744
362002
721056
1082200
362040
778407
791169
725598
781660
786124
718548
718549
776387
781782
4741
372887
130617
726505
130629
212419
362093
2085214
588070
995794
1316034
1328183
995792
1325742
790614
773507
709460
785270
779431
1249044
4605
2569918
2674662
556405
857403
1030831
1171
1459491
235678
362149
552238
557468
948654
1174
554618
3251891
56835
2195750
552598
1178
1173
995869
56833
56832
1685685
362162
362165
705015
56831
552695
1458049
1186
550599
362170
35986
1179
766877
1050514
362192
1153997
242772
362202
362201
719345
362204
853826
1697321
362210
2136711
1558680
362214
242702
16881
362220
362229
716151
711022
769221
1687542
144021
1031306
1266579
1647906
1645532
1602945
1634307
1599426
1251430
1570141
1567174
1639431
1642420
1599083
719536
1679863
714383
780129
782518
787060
787061
787062
263136
1288358
780133
1251629
792115
717910
263134
787881
792116
263132
1271978
732325
986397
3064988
425567
425569
488376
3340606
740348
2587928
93032
129931
196825
93029
471533
282244
390797
196812
129926
378371
129922
129921
129918
93014
378370
93089
93088
129960
539047
283687
93087
256179
93085
196816
129958
129956
93083
287621
539032
93076
389130
538959
93072
196741
93071
282270
196761
8262
282287
93063
167508
93062
93059
283304
196717
167510
281317
129948
471586
129947
471582
196148
93046
93045
471576
285408
538999
129939
129935
387324
129934
129963
93090
448073
1204425
448081
471557
2483461
719537
736393
1169835
39636
714717
1170468
732788
1167886
714803
779662
1167330
1164521
1165139
776392
1169798
1164523
1391157
719975
716091
776395
453247
1523531
787063
1575714
774254
1255439
235356
1216737
710592
403432
1235716
402587
402589
372996
383583
210038
35470
210041
984397
39577
210042
210043
362232
362239
362240
3539
362242
362247
3537
362256
362260
810336
3544
362263
1185276
1170824
362265
1558726
1164724
1168131
1167579
638059
1652159
732275
1165843
1167021
1167022
716094
1625364
1629254
281145
196368
94385
773406
775271
782283
717393
717394
459491
135154
135150
135148
6073
135146
94891
239752
653676
94890
135138
135136
135135
567588
239710
135131
135126
135174
135176
135173
56399
406952
738974
706532
2141984
135166
414241
94898
135165
94896
239779
406927
197231
135161
135158
135157
137155
137156
178766
913367
468740
516569
163173
235223
734167
163174
949
137136
178767
1170716
137143
137144
137147
178768
719427
137154
1317602
377350
1168333
711505
783538
502291
782523
1168334
445532
1553671
1530841
1652876
1166681
1169346
708380
714384
748930
445752
732416
723126
1166350
751947
1579499
1301718
743011
1168336
718875
781918
1166352
787341
781919
786902
1280947
768276
720431
782115
787885
773226
783539
1599487
1540553
1600837
776401
776402
2174807
1186796
366193
2033263
4170122
1365866
1781855
588943
366199
588909
126351
912949
366200
1219703
1249161
912952
913313
588156
829813
829811
829814
217002
561113
436803
1177355
436804
30016
827774
1727495
1254664
68769
982859
68770
2374771
30012
30010
1320261
373431
30014
1206691
30017
4170116
1285425
914996
366232
914998
126349
915171
366322
366324
1903156
1342724
366359
130705
431884
130700
130708
193487
262362
914687
872502
498304
96360
1641000
776404
389005
812343
37247
262361
914360
366479
792120
770578
787342
788672
913195
129155
792905
196581
129158
129160
393415
129159
366982
366984
366985
129156
366989
913007
367038
707845
780781
2397580
134559
724741
134564
731438
14662
134555
134556
785275
792121
716095
2372448
792123
776409
554292
554524
639955
1066463
2735242
557059
963265
56079
11987
255455
56074
56072
555815
2136737
11990
367181
1494789
2735246
580932
56055
658896
462860
1052188
216936
235431
11982
971056
554912
1458071
554498
11985
531780
367193
56043
552091
462852
654803
11989
1452131
520959
554517
554650
367197
56104
556679
558413
367200
971478
56098
2098519
945637
555868
770197
716918
717708
1240532
913604
3336274
735636
437183
787066
791296
211519
211517
712482
789197
746146
211513
1561181
709438
211512
211511
723389
716919
727615
773227
1600205
719238
211509
211508
770579
730581
445626
788299
1665801
762405
777638
774428
560027
560026
810358
262545
726972
722602
772909
787067
366115
366116
262540
366119
709857
366121
286552
366122
366124
30764
366129
262537
366133
281550
713513
914723
194680
262535
366152
366159
793480
262534
785278
1341519
768278
785279
716195
790063
790064
776412
120240
120239
120238
1656143
120232
783541
778378
120228
708873
783542
772910
445347
402871
715478
2734696
715807
2713842
790402
2852844
1279713
757500
769750
2786891
2786893
1262381
738572
725916
402873
777834
720395
2659126
718451
780797
1239327
1230680
783544
768283
768284
771166
786569
788673
776415
1256281
2037463
1595158
778411
783545
786570
778412
771167
790065
768285
913045
366238
366245
216035
41580
41579
41578
9420
823850
233484
376303
414095
182423
630388
9412
483338
491572
650793
821947
491571
1443605
9426
833750
376305
236984
406707
142882
229806
483328
833629
9409
833585
577829
1786538
418121
230375
9423
491568
128200
376310
9425
532294
9414
133884
802472
1671757
4294108
1773995
2573287
232304
187713
430217
2625888
188286
236992
9415
420108
826633
429109
429108
649266
219815
1504229
769751
785281
973095
1247882
1265179
1650897
1300249
1278857
779345
1246135
366395
366396
1284626
366415
914241
618424
716945
366425
366426
366430
366433
366438
376738
9293
1691346
1691345
30053
981229
981227
30054
981228
1701565
366526
725600
1017102
445727
1168118
774319
719465
1169188
776417
774885
1170307
196426
366562
366563
366564
167739
497288
366571
196418
195250
195251
366574
430092
214120
994780
1165062
136414
366659
785282
1259461
776418
713274
4083725
1279780
774429
791298
780799
1266338
729166
1168036
1681307
1164440
1169348
1164255
178761
163163
220955
240859
163164
454826
260197
660865
163165
65703
5606
178763
583106
1777972
697779
366695
465871
873316
767353
30238
575556
586584
25112
802479
1476671
25122
25124
25125
1331063
1470556
35522
25137
203733
593326
25146
25149
25148
25147
2136755
2683620
37357
25170
25172
3618
25174
2573375
1458954
3609
37358
37359
25178
25180
2907389
371128
25189
3616
25203
25210
439749
25214
92520
25222
556007
25226
25227
650599
25232
25231
25236
1482501
25246
25247
92522
189191
280989
2136758
550184
3621
38486
25283
25285
1458107
1324452
3617
25299
25305
381664
25309
3623
3610
38288
1691431
25315
25320
38561
402971
731358
1600861
1209504
1278472
768290
2429745
2582679
873223
8473
218305
8474
280123
2136763
8468
217028
8469
3768936
593071
284302
134370
134369
571355
134367
134366
929676
134357
35599
383096
2227312
218819
585062
722028
570037
262099
1709167
774465
780046
1327976
1168346
1169196
771168
1587202
977300
569587
12463
577391
12462
521421
41490
41485
458299
416639
416642
241331
507860
375290
1333327
772450
707361
873127
1513451
418389
720135
768291
720136
790068
711897
6025
861130
290224
6035
6027
3241709
188882
6033
424619
556674
553974
370826
370270
1324492
283278
498574
498387
2585319
188847
2675925
6022
6030
197184
218297
287949
2440544
2136776
553400
41233
290196
189156
554909
551266
464102
496947
550820
872017
779255
776419
783546
2975426
745370
1337669
3055435
3414554
134998
2875488
3414525
135004
436161
135003
436163
135000
1210157
134999
134997
366851
188765
2078815
2664419
204235
780801
366856
2067052
1546701
2671864
1091045
162022
366861
786571
768294
768295
768299
801361
384313
129026
2908394
210965
31688
129024
706943
31691
932631
2771413
136361
136362
136363
136365
379495
775273
780803
769354
713276
717913
2348469
2348060
2364981
1268030
3983
263542
585891
264460
197632
178677
44104
2907
44100
178542
367217
259550
178639
397505
44091
44092
44095
178641
165414
805838
178680
228009
45110
228010
713716
778429
768302
1232067
2580894
1193351
585073
47869
2735277
47876
1185098
2735280
47860
4105
4102
228408
2136778
2635879
714427
3790175
1532168
981652
218740
738349
367301
367306
367307
913331
729167
367322
714428
367326
915014
719280
730003
1263183
787073
780805
768304
218534
786137
776424
768305
708874
768306
718914
789022
774887
768308
776426
912387
367372
586929
448861
367383
448863
367386
367391
586931
367401
698563
518401
367421
367422
518403
718482
1172602
1172601
50853
1691370
731106
667093
866175
1171014
667088
517540
667040
372478
1082
367455
775275
403011
403013
403015
403016
3106412
818201
212776
421187
3766482
719961
778434
1093391
1148855
1627668
1166625
1595889
268204
3068732
2145557
783550
739762
783552
733908
1231765
705949
704092
1317919
776431
214149
529797
214144
136474
720738
159818
159814
289424
367502
284633
159810
367510
159821
198176
745957
1550446
193287
367542
287303
515991
4802
771995
372788
367550
4801
4803
4800
450572
246520
744089
1285248
445904
782858
770387
790071
790072
713976
474276
1792145
1791779
568510
579572
577249
541292
429371
541289
541290
55858
1323979
210526
2200877
846910
1644249
474266
847744
1951819
647320
681065
474259
578487
390984
1671543
513883
392957
703581
1662339
474255
541296
155728
970141
706406
1575525
1064041
1757526
565772
513266
664075
55857
767402
771731
776434
711710
1178731
789024
1301656
214360
381580
561989
137365
256323
868
561988
214364
769754
12043
134297
134298
134308
127550
134304
135104
219394
453889
216389
135106
409187
381828
41665
381582
392004
486208
215461
237493
486185
217295
41663
135103
824375
132731
132738
946984
41661
415469
409213
188289
135102
219817
651547
216384
569497
237484
220207
2179787
409182
135100
428838
219498
961086
948335
966913
646094
237478
850639
409157
524584
524506
573188
960796
215694
409165
41656
8223
524524
638847
237468
135095
409177
8222
524576
41654
409218
1395896
453813
215685
237466
1911043
237463
409175
661829
216374
1068908
409140
1342766
217294
135110
574054
453773
8221
453768
453917
486177
1067720
135098
409195
822218
237450
524561
409206
41769
41768
1166945
235252
785293
792130
1166355
1533777
1167006
1170865
1170413
1168767
1336206
1167450
1337644
1165817
1170183
1165818
1167166
255511
265484
4872
2674669
2440772
913468
492767
4875
2735300
4880
2577238
4874
4877
435473
242504
2136797
367684
1268803
364059
260383
914124
698210
135460
135461
731723
135459
550646
135457
553368
993
729280
2735305
786913
788592
1271889
734153
722604
770388
771169
710851
730585
715479
768314
1247195
1191350
567007
833536
1167954
1248924
496592
1691275
496588
935362
1109510
1167897
711450
568723
262848
262847
734787
767308
541404
262859
262856
474454
485632
485633
241512
826348
416214
410575
241517
485643
485659
716983
2445926
213868
488621
3806422
408566
213874
408572
12524
263773
213884
213882
1067739
408569
1718344
1310495
1332769
625134
12526
12525
96236
382799
96237
235651
166675
95599
95600
198857
95596
240910
167195
1168198
226739
226738
226740
504775
258174
288463
258173
289597
364280
257518
188739
469
1065855
364310
465
464
732136
945084
713863
773510
790619
770389
778437
778947
2363615
768315
768317
364377
1590698
364389
364396
364398
364403
2067651
1093077
9503
713117
1705115
364416
1646306
1469503
2735312
1590396
364426
364427
364428
364430
364433
364437
364441
632033
1776898
364449
364456
9506
496296
1267074
1248102
2675716
3211
3214
3204
93522
162568
3335983
3208
969988
620184
511247
518023
736066
516239
2659363
712033
2508323
2298024
2169978
1175501
3026489
2531601
2400837
2358887
2304722
2390555
3258167
2659373
1326576
789890
2510304
3476065
1695259
3195938
1684196
782146
1272174
259113
259112
259110
259109
245634
137579
137578
137577
6086
509943
137574
455950
137571
137569
701437
259114
380993
776438
476301
707545
777836
781172
781185
790073
792132
2936081
2949331
129634
259809
197256
129636
364602
1267601
259799
129630
190467
259806
129633
364617
770751
789776
770752
709468
713723
788648
143057
16862
16864
770753
778438
2016475
778439
1328487
2759191
2038963
718020
782528
1166683
1166684
774432
774433
1159181
1150435
790622
1099373
763198
1165175
786144
1130121
1166685
724889
1164256
143245
716538
708793
769355
1080286
788555
1164674
730703
740193
1164725
1164441
718719
1165180
725753
2199702
1486074
725068
713476
1618521
1166357
768319
790624
776443
768321
45676
45674
45672
177749
1215270
45663
45661
45649
45647
177752
45683
179995
768323
805677
720440
1315734
1259794
586835
773511
724494
1238979
1318423
1248641
736987
789778
784150
716393
1287376
445719
784151
752230
1281223
805673
773512
1259178
786574
252600
723838
1273767
1317647
788421
786575
445486
1315712
1317608
994555
788594
768324
1238296
716984
708045
709263
783557
708046
718550
7351
7350
732240
719183
719348
774320
788793
158164
158154
21652
21651
21646
21645
1927030
364762
158134
21642
21657
402451
772914
1436004
792135
718720
717915
1166228
783559
402454
1452844
1135683
772937
781933
1167059
1550063
719912
716925
709248
788595
718254
770754
1267128
1771980
364796
709558
1535817
512121
364800
364803
1543686
1457452
16181
16180
780823
728754
1582340
364811
364814
364816
364817
364818
1547901
364823
364824
913954
717917
913955
364826
915194
714442
780824
712034
3024886
709559
729496
717237
731614
713866
1167060
1100475
720137
1166113
1166114
1963759
769357
1530524
745089
773229
1167061
787345
546072
1170042
1164443
736780
1167062
718948
1167630
736526
773530
449434
372437
259591
242720
1687572
641278
1256011
3596432
1442980
2938097
790625
739373
771429
723391
364875
3720898
364880
2628831
7007
976712
498798
666319
3596446
265491
810414
7000
1206011
234345
540017
365014
234876
365021
241839
682218
246184
242907
208726
2019337
280467
1457463
207405
1512107
1214390
207415
1027456
976280
996681
207417
199083
160070
2834882
3677082
1175798
127076
802513
191238
208686
207424
427039
280041
207428
207431
419223
279904
265263
376995
207410
207432
511119
982594
429757
6726
207440
207439
566474
373210
1212923
512308
139357
194948
723314
1217410
1232138
161229
995600
1042062
237024
414310
237023
407135
995686
1036135
237022
213212
1492651
3665081
1774348
1466744
161231
458338
414304
567291
528065
365088
618082
982495
528061
583324
458332
458331
430375
699288
1729157
1701581
163406
970466
1788269
3064429
1330635
407115
983206
618623
982483
1762965
2161145
435060
651770
407123
1511806
407133
1751881
1001608
2421016
407127
1177295
798201
213200
1746292
1746287
641795
237027
161232
414312
1121301
1144264
414311
1413158
1775674
618085
2005119
572196
568326
1767532
1333047
439647
565357
178774
2735353
458346
16673
407131
376798
402354
128921
392159
709943
780048
413837
1166340
413839
240851
455980
698000
413834
380950
520545
520840
224142
588416
383891
3775929
495249
542676
1803022
280148
430274
520737
156559
520569
1472715
646235
506647
476062
833685
387422
662595
377087
774203
709444
380449
1167959
267347
128832
681418
380532
476179
383917
380493
382106
189201
2735354
1696264
1612145
1331386
2370421
5746
684535
2052115
768326
702330
198109
256855
6463
619144
856729
207312
207260
159993
139269
207318
207320
194026
207263
509765
380742
207268
699029
207270
383861
207279
207280
207333
196861
380654
380315
429871
207342
571717
139302
384009
512705
207301
207351
530495
207356
238540
986935
207360
207306
207310
461239
511088
658253
838271
207366
97039
474844
772498
446625
516203
931223
1681273
560207
3794570
789304
789305
3236475
782286
722489
439872
226616
227332
100664
369621
2346799
3041397
2659555
3039492
789306
2659566
710211
1167631
1167063
726263
719466
255139
5182
408885
365234
717919
776454
6324
6331
656313
6332
265960
2136821
1332899
556029
813405
813406
939977
458673
553417
623334
550586
813408
6335
458674
6326
2678946
208153
679427
225298
235312
554197
92372
92373
92374
557173
371132
2679049
2501087
92375
430139
265961
3338976
1435108
6330
970822
1495594
365260
6327
458676
1508960
6336
6328
203631
4072068
6329
432044
1108541
475818
778382
1166948
1589007
133448
987880
374795
917884
3131779
133450
938741
12624
374794
1918878
983211
133453
929419
983212
983213
2969707
2072171
3716858
2192403
1925337
1395314
2372104
133434
1594971
133445
723652
3993531
2059543
2899065
133439
133440
1917570
2962917
2659613
1587266
1473626
1981426
1897045
1460700
133443
2974459
1921705
2044762
2165517
2194880
1918276
2082638
719976
778455
783561
129475
291085
129455
382906
129468
211368
435741
129470
1668128
129451
129452
725744
784155
129453
378068
786579
129456
445829
285253
445431
1594504
445598
516959
129460
378071
129461
129463
1651219
515785
129465
129466
129469
545116
789780
1273040
787709
716986
788556
1246642
1275660
1225671
1458255
95456
3244
3238
956205
1497287
1329035
3243
227021
507515
260150
95468
436375
3239
167519
95470
95471
386967
1686087
95455
471375
162591
130011
3250
260147
95463
130012
777189
1327005
805437
195975
95669
994959
839750
1208819
260517
209189
2292
95665
586549
575379
2061832
571954
260505
1741910
365354
95663
1209873
365357
2142203
95662
468501
95661
536397
95660
365359
468499
365362
704211
706482
2592036
426355
1520706
365367
448310
95659
446181
446186
365370
2289
2288
968781
242635
378574
2290
776456
721618
779100
1054673
411228
466131
49020
466128
207642
135369
565417
575033
207618
41695
48987
48985
48962
48954
48862
141699
207611
387643
411261
5099
534468
64843
41691
411282
48803
411220
48797
48770
1770290
534492
848377
48751
41687
48727
41686
381250
41700
800246
237724
5104
49073
411286
237723
49060
64713
64793
958476
411244
48972
466065
48842
739008
757351
3051494
786580
716946
712063
776457
218596
1200172
128684
1219929
789781
1283104
393421
1287937
393422
1205267
1208803
1204843
1194884
1208177
1328315
1328317
218597
720676
775281
379683
2177217
1939932
1329011
215235
1517342
3336110
1212319
381516
139372
1292593
2380354
262432
5800
2683660
709974
5801
773914
714444
68799
68800
242806
262426
1323853
2072915
68802
68805
262430
262431
1163035
5809
227176
262434
768333
262437
365555
5803
262441
68815
262445
68816
731727
2190290
2725303
559577
1343360
1163512
728768
68820
789784
735158
430841
430839
235675
1164089
1326072
694
912901
779694
365631
365634
365639
365640
365641
529774
365650
365652
770957
365671
2469901
716643
776458
718828
787888
787889
786146
365704
212930
2054180
213006
213007
547275
212916
213010
136918
212918
426449
212919
136920
213070
237008
365709
2041763
835254
663365
647094
213071
38863
1783609
953810
213040
365715
415442
196728
136875
409109
212961
1731888
955996
212970
136890
702703
846084
212981
365731
212992
136914
136915
788558
788559
1601052
523223
2043893
1537898
1656663
711321
772940
1046530
833651
129366
1212415
129351
473358
386452
517706
388907
588503
574245
432096
561039
388051
126421
853550
389450
39599
662662
39593
372907
540588
798167
265210
39595
590115
3776017
280499
378037
388032
385914
513011
129356
473370
386181
39596
39598
129358
432146
813753
1457517
39597
1457519
1525584
39594
3756411
575241
417214
385356
451138
412305
473383
129362
279821
1426542
590183
1026406
1203560
473388
235417
129364
948006
473390
473392
833735
1018773
948786
571900
390175
421231
378038
449722
378039
707851
707852
774321
790404
761414
773916
735201
365838
743712
914355
365851
365858
2267282
1665005
713914
812336
426904
1683370
955622
398
1065659
530891
397
399
375472
217659
400
217655
217662
217653
261202
129275
129263
1038719
770756
742462
787349
774554
1235901
787351
713864
790845
780842
134945
477974
656744
380420
567414
649474
264535
409085
1756643
134957
134954
264594
134949
134946
264614
409056
862571
415395
4121668
1210023
134940
1538676
134939
523598
156007
2163257
508351
950236
134934
449810
134932
2143719
134930
134929
2849424
134926
477913
264180
264537
652730
134919
2602196
134911
659037
134910
415384
241118
662631
626582
134959
134958
802545
1435683
134944
134942
376894
515575
134923
1243966
2920804
774468
393423
501494
372108
210105
776460
769760
776461
727329
711030
777838
769761
1285063
740490
1206305
789025
776478
744705
785303
770201
776481
129574
588081
365945
129579
129580
129581
129569
445306
588242
425470
562038
224815
1046976
2098645
520575
372881
235846
981271
209159
975942
1700197
1076783
539837
425473
1284989
981272
3342850
435376
658023
208743
487503
521354
598966
776483
43960
1199133
718496
1199046
672139
193180
513463
513462
193181
3020355
1008911
504911
288891
198610
1431
725809
281903
283344
746421
193755
193754
730587
726536
1428
1432
194277
500128
492939
492938
774890
402840
780843
833570
1363879
1395180
937088
2130870
96139
945795
773975
128976
210917
577400
575845
1508890
571740
1167802
1590489
365992
653776
462992
128981
833686
1090175
862279
1056735
2964779
833898
847420
531857
568892
1167813
128982
196520
567223
365999
197353
833765
210929
531861
834239
2052570
653323
854876
128975
462977
366008
462978
834251
366009
657089
1005958
1165308
3014062
839052
435047
374120
1635928
462980
1183381
999149
425474
1409418
939162
1525146
1513225
567339
2611162
3236897
1109434
128978
522804
1805557
531851
2505509
366017
1494902
366020
2963822
767448
577444
285020
210923
195533
96152
210924
424614
531877
643043
858110
641823
658055
2413745
268206
833540
366029
645848
1054556
572535
589092
65737
959665
1222494
1317163
1317106
1221019
802555
716987
1233429
770758
718024
1683883
2167246
1600078
1192559
797749
710442
784514
694522
2907981
431123
1980541
2074880
1064586
2471280
1985468
1391336
208648
783566
2758294
2640272
633617
1199795
440948
633618
1175763
2279214
3190009
790273
773917
1598743
1628450
1566181
1600719
774555
684532
783567
1300268
1613440
2719162
1601727
1545999
1530325
790078
1607453
1600892
1592796
2748932
1575370
768346
1571743
134634
677203
1296595
1250807
770959
1297289
783568
716665
789027
779104
776491
778966
769763
709069
1232028
770960
281996
776493
727330
712041
708947
785305
1181898
134470
1503589
2136842
134471
1693106
789200
773533
770393
774208
1168371
774680
729952
785771
1168372
618592
374604
445842
779601
1170352
785749
786139
714449
789893
7099
705676
703420
768348
789201
299244
872163
7588
7580
299249
7587
7582
709946
785307
786149
598004
706681
287735
137073
257180
945025
791080
35999
35998
418159
986350
3251745
1713265
379076
254217
299322
4674
2136852
1438811
2136853
1069380
1290122
779107
781192
3667182
1183844
1238988
776499
711060
773231
299356
299358
299362
299363
299364
299371
532212
299378
299380
439584
697027
695482
299388
299389
299390
299392
299395
299397
299399
2417574
299409
299415
299419
299424
463389
699684
299431
299432
299434
299437
695565
299438
299446
299450
299451
299455
299457
299459
299464
880316
299471
299479
6689
299486
695483
1170341
265086
1942420
299511
299512
299520
299527
1124181
299531
299535
299538
299546
299547
769768
772763
1295715
768350
1295453
1262160
1571753
781194
190713
1101984
191568
190728
800223
190730
191569
1142587
136649
190718
769362
771883
769364
712486
716202
45496
45494
45493
45490
227732
45488
178095
45487
201904
45479
45475
45472
164758
45500
164769
45476
720678
880489
299624
800794
776502
775091
728877
773918
716155
769365
716666
789029
738428
720139
1294578
45819
45823
45792
260810
45797
617675
45803
45804
45806
164628
45809
45811
45815
782118
771433
774469
713281
718773
780852
768352
138687
138681
1582985
260470
877210
432600
210184
260469
260467
260466
878252
260464
434202
299740
299743
2080204
260457
880122
299756
299761
260472
780853
1225456
262123
877442
262114
299794
768354
2603407
879054
262116
880268
786822
1169830
1165359
789440
724042
769774
769775
769776
769777
769778
130059
768355
417179
474586
696184
417172
66045
697699
1166264
1799653
1166265
698302
417176
1681377
1169645
541504
241255
412249
412248
402396
241267
417178
412242
1108182
699748
241259
779260
2640384
723708
2462860
1214524
787899
3468928
731108
1177795
727616
718255
1271569
1273173
1273843
1181425
782530
712490
786582
1174340
1227930
1246932
3803216
1265712
786153
728960
780861
378180
129624
138279
488897
12633
788564
715019
709250
715880
790081
3370124
726098
788303
782767
778036
720817
709694
721155
790082
713462
734056
782289
783032
782864
781788
13923
41839
1069381
188305
13947
2718478
241365
41846
188268
135187
135190
13950
1777553
3254419
13944
1372611
38284
13933
2497944
1780971
24897
24896
24899
24898
38601
13929
13905
24902
24901
13914
38602
24905
13915
13943
13928
13916
13934
24908
24909
24914
820303
38605
13917
13908
13911
13910
13909
13918
24931
230926
24932
220330
2573246
38611
13931
38612
13935
38613
37102
13946
241349
2443064
38629
13951
38614
13919
241357
786154
780862
716157
786155
715257
790084
714454
714453
789307
786156
698205
1478658
993986
697788
695467
1330724
509527
695332
700515
474673
208295
208300
761647
208314
1118203
193238
790083
789030
778460
787900
779114
779144
1253111
1232423
1260207
778387
300036
129020
300039
255167
300040
300041
2049267
129018
445426
129017
288034
300046
300047
129016
445943
255165
496904
522698
210955
552600
190158
858140
1266989
1194021
235642
129013
703883
300095
802572
128718
1190222
402536
128724
430062
806470
289944
17506
128725
128726
210707
1370459
261339
17515
523528
702782
261327
128717
2680730
17514
17507
199158
199157
17509
1066458
461452
17510
128721
958997
523529
574509
225031
722657
225003
779433
180475
697547
65477
381196
414273
14351
227005
44036
504714
505045
505031
44035
226999
178678
1160148
227001
46507
177747
46499
46498
46484
227009
178520
227840
46480
46477
46474
46470
179960
46456
178628
46448
46447
18429
46442
46440
46436
4936
46504
670994
2052280
1206085
716212
1202567
1192766
773235
770964
1297297
785318
774470
434147
128363
3295400
730488
445527
210138
780863
128385
128384
128383
128381
128379
128377
128375
210169
377005
709448
726790
729719
128369
1282011
531709
219918
219844
16750
1075624
41008
637524
16752
577101
391755
962248
1167960
460278
460277
460262
580833
460245
460244
724452
460226
529726
460225
460224
460223
460220
1169950
460210
460281
460261
711535
696072
1169338
415374
240864
714456
474817
415361
415371
415363
240872
698733
768367
768368
1541459
1559401
227722
412008
31793
31815
31827
31829
31804
520319
31797
699591
31798
201895
201870
31808
31809
138418
518889
31800
192192
192127
1169396
257344
445782
257343
449651
807407
385006
738741
387145
721836
775286
779434
778462
778463
784084
717158
717159
1720
717161
158698
158696
878715
158697
710351
709947
811050
993784
994196
994062
1438859
1700095
421464
599646
421007
372693
424845
714484
779115
776516
129765
129764
5322
5323
717934
782866
777193
781674
1643961
1267840
774893
720316
776517
777852
423103
260992
95882
300307
718337
1039229
709441
468301
216986
2136869
1067731
502548
959332
929472
2136871
2073383
2678060
468311
1022083
13714
976231
2678052
13711
280112
802582
961631
645064
520942
536229
2678058
548929
2678065
2735414
802583
802584
1012308
468300
2445916
13720
1301336
1029054
1287457
1232847
430861
851784
715776
91907
242621
130342
287168
860275
130335
1693224
130341
300360
708082
130344
130346
963811
130347
300368
30949
30948
967893
563
565
46042
45882
228491
4928
1687042
1065907
402250
402251
44115
44116
2501245
45867
46543
45871
45872
45875
45891
2136881
448998
444219
861900
195986
618010
1334115
1064874
45913
739859
4927
45927
4923
45937
1335937
45944
4915
1180612
45955
1684840
802586
802587
45957
45960
725069
2070529
197422
446445
4916
45978
45976
45979
2680454
1685258
45987
4924
402248
1180747
45997
46000
619171
446446
46002
4919
46006
227233
46008
4922
46013
4920
46019
46026
46028
446449
162941
2191926
862821
735476
402249
504516
226500
46072
46079
991967
13363
13361
857581
13367
300524
798198
444223
791718
444224
1075794
860182
13365
6049
2136893
1052360
286657
283374
522314
773516
780139
711537
790630
31129
2905745
731795
786583
1279546
279993
783576
1211378
214673
214670
300723
2367796
718500
780868
221964
39975
300740
300744
190258
878607
300750
300753
300758
880409
45575
45599
192181
716932
802589
1416326
1257194
1188497
1242956
1261269
1628710
1635015
1300579
300867
1635316
1973750
2068055
2039996
1421016
2372998
1974307
1408782
2198489
424391
1213461
1198527
1052921
1157791
1366618
859763
1011199
3023061
1262111
3624895
1664356
260239
300881
1166291
1276110
1216063
1266817
300887
1274736
2040271
513998
1168725
1302197
1262265
1215828
1180937
1208800
3670064
260246
623743
1511477
2038961
2053376
1974835
300893
1514260
2039586
260248
1673316
261991
261992
265313
978933
975413
464295
521128
377217
1213584
1267519
193223
776519
776520
728461
778465
752365
790453
719189
301038
1184053
31149
211930
31145
1029125
31143
1184038
377235
130000
301068
549565
265439
241728
301098
1219043
2392442
2163158
3014495
2165237
869150
2619018
694588
2880430
2421421
2006610
2055190
2902547
1975760
1049141
2054856
2161384
227071
786167
227067
227065
227066
227944
227942
227062
786416
165198
227943
13206
165213
165214
165215
165216
165219
718544
716667
1624615
1606169
718347
1297185
1543617
1227948
1646325
1601405
802593
488354
1587074
1204
2735423
418870
2735425
1208
1210
279845
647990
378112
285974
1452509
3375460
717976
599415
301212
262216
262218
720681
262213
301261
100573
1249619
1279125
782531
45530
178059
36447
45544
180399
177802
464273
4727
4728
36449
1660677
177883
201845
510571
915504
406806
45520
389439
36445
429102
186704
224521
41782
142484
665840
8234
142329
230449
185988
788429
16121
226111
16122
16129
1802279
16128
259740
301400
782532
288334
776523
500278
1337818
1337856
1174734
138837
1701142
810888
301415
381346
92808
484600
2674279
3254879
644390
988004
428243
404147
428194
419769
422899
428266
233456
234830
189398
186005
185200
1511392
208723
1068214
234410
949068
189399
2735432
404160
280724
943637
822002
231916
428244
7825
185863
1334551
189400
486972
818421
427582
189401
373446
1379224
580731
231771
492727
185713
7841
189402
2574362
1691744
536540
189474
233777
7826
936561
41682
976246
468679
565960
428196
646993
468680
7848
189403
1457597
492730
449089
404143
822660
648578
2628372
142261
484614
372481
418436
92820
1406308
2674303
428226
428193
3256748
428277
189486
7816
427587
824108
185817
7817
2447220
233631
1734391
1338262
1067089
468683
2674280
428234
139568
958105
864223
428220
804339
189484
856036
7812
375958
376509
142018
7829
39669
856796
92822
7852
427588
619908
428267
142287
428235
183726
1737618
189406
224543
1708039
216422
536551
428237
547759
404168
186094
646006
375959
224544
1067498
428256
1341516
39668
569301
951765
233590
825458
7815
844941
189412
1176553
189500
376032
185195
142220
220007
1067224
580948
825730
189414
189415
279878
141771
440220
7850
142269
223142
1066565
536548
575811
7849
480942
428207
623214
1014805
536549
427600
2502345
428268
184277
127693
127695
566673
418653
1043063
2498032
484605
143020
140777
720001
720002
773517
1250700
714515
1557859
1270910
776524
778467
774557
774684
18277
18278
44219
264311
263819
29598
265026
199671
18276
199670
519576
664017
199666
199665
65449
1213255
134371
1395111
134372
1569446
523313
301530
1070182
863735
860668
1067934
2573797
552474
695039
301573
695045
430634
556192
695046
695049
77
934943
695052
695056
695055
695057
554874
553714
88770
695062
695063
255612
195049
787589
768375
787590
720003
781214
1652604
681342
779146
1327760
778468
45630
45627
45625
488843
1474738
1045645
1026809
773237
785883
771176
954837
211272
1165303
728092
435608
259409
938173
850350
1007817
435614
1018701
1060193
285173
1043778
1045951
235554
731187
773001
776526
781792
776528
710747
789205
1593062
768378
1636324
780885
1561257
1599817
1561126
1561136
1209684
8763
259944
167441
259947
216982
301637
5438
208480
420035
567103
1245749
260716
301688
722496
301694
260711
260712
2083223
301705
260720
768379
260724
260728
426425
1658133
716400
1586082
790454
739088
1167372
8409
226024
773002
370010
225984
787628
709983
807367
217115
301770
258827
217117
217260
217259
2431929
1480353
212390
130579
212392
506607
130576
217703
1453812
1804145
703843
252680
487218
776532
791541
791492
778470
773537
788430
1169953
541757
541753
1169956
474923
1170228
474921
769784
729563
769785
768382
774685
204266
204267
204280
2664386
2664387
31
1479002
204270
2664391
204273
723653
1518588
34
1073203
1583121
2149465
30
2763089
204279
990343
204284
301828
220394
301829
130785
130787
301831
301833
717162
1499624
21099
21094
2201823
690341
298343
1180571
3241742
1416237
1134391
435447
713756
21108
1081560
774558
1452567
255505
211150
1107311
1637661
1651055
1958073
717163
298356
163667
802626
715582
1616155
445627
1285231
1249927
709106
128836
198794
6175
137016
802627
198419
298446
497221
255992
193811
598277
8412
298457
282329
773519
2721106
282331
282330
195648
195729
8419
8418
195851
298467
783579
196102
298481
724590
1255520
1265203
6623
1167054
1221248
1288665
3056968
708368
730375
128881
128879
716214
872772
720318
779120
788107
769786
782772
1559174
1166226
1167556
1674439
2953821
3602563
636659
13799
465775
1072593
1066591
788432
1210826
4623
1956760
632124
4618
136588
4624
214184
4629
426106
2136925
1675430
694438
1687171
2810280
4627
194723
44129
44127
666635
44123
44122
1166158
1170477
44119
46207
197722
545399
716217
773539
708808
1534223
2058354
1662043
1248188
1241876
1233427
193448
193449
298542
298549
235081
298554
261765
211155
627382
773007
3387878
3098853
3770740
474786
541636
716219
541632
155765
770767
774562
135282
1596826
2165546
2052866
1509751
2063113
1982691
1529427
2681111
1524567
1989568
1512295
1338524
2681119
1457632
1799
1804
2735478
1322182
1066592
1797
2681092
654004
1460105
1065951
1065950
941267
1796
1788
1787
1794
1783
2681098
2681103
2439628
1456799
1803
1780
1802
1785
2681108
713245
1677197
651482
298635
298639
192325
380851
781217
717164
1169155
1169388
777853
298683
773803
256275
298689
787081
17650
717936
298705
878244
298716
256267
298722
298737
298738
298739
256266
256276
741678
256264
709932
717165
708370
716309
731565
787591
780890
721118
786584
774209
716310
784167
376951
242273
776540
787369
780891
224089
695033
209193
798210
588253
1304271
279893
298777
985132
165021
44020
379130
44025
701503
379466
1130753
43971
202043
411653
269
43980
270
2994241
271
268
178112
470597
238547
43988
3431238
43998
1038445
44004
44009
691726
44016
1158943
6821
40635
181526
448932
2850800
181528
448933
220874
139110
776541
1285804
707869
780892
3383533
1239735
788108
789033
771436
741522
780910
298896
877806
877809
298908
298911
298918
776544
2236321
1236724
2640848
778474
1182171
785811
716417
1276145
714337
1253328
1269749
1248884
1263978
1288561
783582
1274624
1226338
1273205
1182431
2640850
1254254
786175
768390
1246573
599377
1675436
717168
17747
760055
782121
708371
774687
780912
785330
716934
774564
780141
710446
1320613
783583
707040
1578252
1167254
714489
1623099
783584
780913
717979
1233504
768395
716125
784212
779936
773238
790631
776769
136495
178006
44780
162774
44782
44783
657299
5981
179009
39466
201676
162782
44776
44778
843736
239788
518864
1232724
780914
771886
732120
695236
713349
695194
834843
2735492
1698211
661397
13296
374824
374823
13294
374821
13295
478046
376431
29856
13277
1066784
13265
13286
13271
13269
13275
374820
374819
13263
374818
13267
13266
13274
449398
13264
374817
374816
29853
374815
13270
13300
1358709
13289
374813
13293
13281
13284
13283
13276
846218
374811
578389
265431
374809
573667
13290
13273
13272
134392
449024
1115796
1525168
134390
767266
134386
784170
718876
786417
782537
716962
775290
716963
769790
299028
979
299044
299045
716166
1325819
1910224
221228
1184940
30244
1332825
731317
2712966
778417
786176
773805
779938
730867
1180326
726422
1280358
299068
299070
577108
1481374
299081
9203
664690
9199
779127
768399
768400
56115
157
156
56114
705667
159
170
162
56138
155
56136
168
56134
181
183
56131
153
2152099
152
2136938
146
1072790
722659
776552
707208
707145
545547
707169
878599
745650
3766
299188
299191
3750
3755
1066786
730128
768401
773521
717882
776554
787371
780919
780920
790455
774565
1274348
1294561
790406
780923
783033
784175
771887
784176
785885
789441
597465
1230786
430930
375494
1236204
224085
268156
268155
374797
451021
828142
375497
1685311
1285453
716312
3025498
781955
783587
712971
1170385
430623
1117420
778418
713984
783589
786180
789613
786181
780942
1336012
1203134
397546
372596
972723
802641
488384
691284
377257
379794
488499
379965
2441858
218890
802642
369670
1929424
1255366
156434
156433
784179
775291
784180
780943
768404
782538
708797
785333
718545
3527733
1185903
1401251
689498
183677
1532377
768407
193131
516297
779129
778476
40448
1267195
384895
462153
12611
462152
378902
757785
1092016
1083789
40442
259747
45302
1149109
40441
12605
45300
40437
12608
160364
12601
391700
40436
40435
12610
12609
180848
12604
35554
12606
1209208
163690
12612
12603
12600
12613
12602
1598826
1618879
1546441
1586438
1599929
1602196
1601027
1569956
1280646
1546914
2045521
1581076
1233089
1644794
1599288
1249013
1286573
1278878
730129
770594
776557
786182
719473
1170386
542695
1170388
786184
787592
445813
707114
434924
1101679
976339
2041708
767046
1695344
437396
434931
2505908
391596
143989
2034753
133293
375554
1421971
2193693
804772
804771
735367
381759
420180
306139
1775
139137
159911
2454789
3250518
3038629
768412
663841
261246
252728
465800
261234
261236
306308
750620
163990
163991
163993
178784
795873
778969
720683
504735
164000
1296796
1232498
1249409
403130
403131
403132
403133
403134
403136
403137
403139
1241245
403140
2641226
1261691
2641229
1249240
403143
2641234
403181
403144
403145
3250744
403146
403148
1237870
403184
2641247
403185
403186
403187
403188
403189
403150
1252903
1245962
403151
403153
403154
403156
403157
403159
2641260
2338665
403161
403162
403167
1296794
403170
403171
2401074
2641283
1265000
403172
403173
403191
403174
403175
403177
403193
403178
403179
1249243
403195
403196
1279240
1226013
164004
504736
226734
164005
666717
716965
737284
164009
164010
164011
720685
720710
720711
719474
2273553
2641339
1675443
1281661
403024
128877
128873
768413
790634
12435
212411
31874
8913
713986
976061
13380
21117
13392
13389
21114
253331
21122
36401
13388
1455986
304067
1004173
1524970
1320094
1452616
2077702
12324
378729
1913004
12334
12328
2136954
558576
1948864
948892
553311
12325
12327
640660
21866
242252
734465
768414
786185
777197
200878
53035
53036
53037
560702
67072
67075
684787
53053
53052
67078
53058
200814
53059
53061
53063
67081
53064
432149
67082
207967
53068
53070
67084
3117
53077
200895
37255
42492
67096
53083
53085
280173
53086
53087
200896
53088
67099
53090
665471
67100
53091
53092
67101
53095
3118
67105
53099
53100
53102
53101
53103
53104
560359
53108
200898
3144
3145
53109
3119
53116
53115
53117
67115
67121
36439
3127
2837284
67123
3115
53133
3116
53136
3123
53138
449302
53140
53139
200826
53142
53145
67129
53149
200830
53151
53152
200831
52929
67005
3121
3120
52932
52933
67006
52936
3122
52942
52953
52955
1185948
52956
869435
52961
52964
42484
927875
926541
67026
52991
52993
67039
52994
3132
52998
67042
53000
67046
3126
53003
67047
1778018
200855
53006
53005
53007
53009
53010
3138
200908
3140
3901502
53016
200857
53017
2502702
53019
53018
36437
36438
705851
412848
524713
454038
18445
986832
35531
404252
2199057
404254
132842
768417
789206
711043
776560
778039
731546
776561
775293
716967
709283
785336
722296
718546
785886
710736
773242
789785
1235044
633511
2706761
50503
827784
706295
258968
1395833
41483
132887
258969
2672453
461721
418810
258973
258975
461726
2444243
2345165
403274
773522
15322
633256
15090
15565
15233
15483
15292
15152
15329
15526
15513
15352
15342
3336287
15241
801186
15343
15489
15613
15536
15136
15400
15256
15190
15312
36337
15234
15239
15161
15300
15258
15316
15176
15333
15126
15519
495986
36310
15434
869231
439140
478899
15005
14981
776565
1289823
715486
727334
768421
2687980
2688046
3907467
2641542
782293
731526
789786
768422
731109
790360
784184
285418
93311
788326
556092
556008
203424
167709
553935
982662
371341
195087
2136982
992687
1173968
553073
631662
370432
459634
2987
100731
813476
371576
93320
997803
1076908
813478
2994
195091
305201
2164444
555444
633427
813479
550557
93310
1173970
992698
496822
1347154
966866
1173972
2986
1918617
2988
1173973
2991
2992
2136989
432163
569207
813420
1173975
242451
864212
992707
2996
93315
189075
2995
662004
235490
198095
167712
2980
558489
557879
2573337
93317
498027
372512
2679033
1173978
305207
225624
550112
2982
235264
1173980
878168
188955
720166
771439
784185
785337
709840
779132
779133
788110
773243
736881
789038
736151
1272652
1183642
1287986
1283833
674309
1244174
717169
715738
742167
718552
770969
786586
770970
773523
776568
1678807
1183802
770399
724237
724238
785338
707873
733608
730130
724240
709451
718765
623761
780947
773653
201788
201785
532035
766562
1317930
777425
68741
68740
89086
137704
2645
68738
137703
68737
137701
2642
2641
552886
305509
68734
207586
1805012
2648
2647
207582
207581
2154688
68748
2646
207577
68746
68745
207567
68744
137698
408911
643901
1631699
376930
1206210
1286385
2417704
1125935
374647
1091367
1220695
773655
1206363
217871
1156877
780948
770972
773656
376899
786187
259140
2083225
793481
787373
722193
224097
777854
734074
776573
791310
786915
445814
713247
782542
1531462
776574
713248
445838
776576
776577
716168
782543
774689
787901
787902
710353
782124
1234647
1245032
1241370
789789
1268656
1222316
1237551
1266867
785339
617475
790407
1167843
719359
776583
787903
769795
769796
1548080
1598783
1662520
1255478
715632
768425
1588196
1288298
789442
476934
381819
306584
138965
138964
306602
779135
302158
787375
776586
768426
709991
786593
1227222
768427
1173020
1173026
1173024
1165526
1165366
768428
789311
776588
1132181
778419
423867
426339
372689
9447
626912
2446526
1699117
626911
1342092
789207
2134
792888
781218
1707954
2591128
2057036
2457069
1653188
781956
1327027
1528979
773657
1635240
1551938
1176564
158670
21204
21203
8683
1501753
8686
8675
158683
158682
1162197
1338615
8666
8668
551187
1338466
1484521
435558
8667
36431
1219242
557416
8678
2848441
188836
585348
35622
1338496
1506182
2137006
370910
9096
3721002
434045
188931
1065615
9086
1065990
9095
552540
1338454
2677316
35616
2678780
2418967
446775
1338614
1338249
585346
35615
9105
1338261
554195
157699
9094
552431
632619
235633
434047
35611
210076
1489024
1338472
1600562
210071
2443080
188919
553752
558304
1071311
585352
217846
21170
21169
210082
9099
552617
1459964
9102
853822
210074
495834
371380
2678076
495835
2137020
2137021
48010
180086
48005
48003
47999
166377
45426
45425
5149
554093
1301502
39427
47971
226863
805106
1181149
666633
227791
226906
504838
229109
226925
666632
226860
227762
227763
504781
227765
226865
226866
227766
227768
226873
226874
505623
226879
226883
226890
450620
226892
504783
733420
226894
227782
226895
417918
226898
226897
2048491
666631
226899
226900
226901
504839
930161
226904
666738
229099
450472
1222066
226907
504787
226908
226910
227799
227804
227806
1189090
226916
226921
226923
578014
475358
162519
1367356
488536
426760
708688
542104
768430
768431
768432
774894
18108
1258441
21821
303867
707875
262986
303874
1558625
303888
163677
879403
197894
773525
381424
780951
789791
716286
163004
178967
1110121
514311
44698
219444
1735235
750716
1607322
44696
1166022
44695
3223383
1656096
476574
382576
962276
8777
790408
789792
776601
738329
303999
304001
304002
304005
304008
304009
304011
304012
2149851
304022
304023
304025
540366
802662
304040
304042
719361
768437
768438
770597
713988
717170
710802
197402
96679
263316
128391
2165
226458
96687
3337803
2163
282394
140553
432005
468837
523571
140555
2166
263314
195543
813964
285338
128390
785342
134351
215922
134349
408144
716559
773244
235242
641954
521283
651774
807374
719745
17697
162789
718774
721756
718775
718776
813015
772330
707203
707248
772384
707030
675001
1434660
800452
372441
3470
3471
3481
1023138
800414
430982
503635
800399
2152105
637045
40090
800389
289849
578719
782955
664113
2505271
547167
3490
419332
3487
3495
973193
3488
3505
222890
656853
864601
696961
715223
241479
713409
785343
768440
3599568
1278752
716314
783594
787907
786782
1170467
304445
286347
138654
304463
304466
138661
138664
1300801
138666
214959
778041
708949
776602
717300
1656839
1049735
1674471
1352570
772412
2081165
438737
2081618
1633850
772499
1592927
1425828
1591131
1571617
709789
726881
785887
714499
776603
1227648
378467
702049
879138
304495
536967
403361
36715
13156
13160
660211
863577
13144
13146
636824
1072413
859249
68678
68679
68680
68681
256188
68682
68683
68684
36710
785784
68685
13148
13143
68686
68687
235297
68689
871801
418448
13139
3251834
2506198
13149
859248
13161
1704499
802672
13158
2416596
256189
13154
2137056
138884
304505
1075542
855458
2678205
13159
68693
372488
650904
496632
496630
13138
496629
496628
36718
36717
138887
256378
13132
1029904
13130
496624
2011194
13135
418453
1339534
418452
843920
2087156
13133
13137
36719
427020
13131
13136
496618
36716
2137057
138885
2019436
710006
304571
134207
879929
2474
877127
134214
936157
134217
2445372
849654
304588
778420
741611
879085
723592
304711
732792
304715
713410
95905
731617
304783
1917915
561075
304788
420154
802673
259544
1373131
2975879
1399073
1618357
780143
3354162
1222593
2306615
1408939
1554069
1206040
1569640
1257694
730131
1225535
744442
724255
770598
1601360
1167142
784214
1606626
1168781
1650043
1669600
789312
1662806
1585952
711378
786922
791544
779142
204314
204317
256317
627408
13304
2706763
3721020
692073
197003
304849
304850
304855
304857
1180722
304869
304872
467782
304886
304890
199076
304892
304917
712077
8788
788071
786418
779196
779197
780969
720869
782125
1276052
1321157
181136
177689
42688
42676
36610
36609
180983
42652
42647
42627
8617
36605
36604
407308
161303
164098
8608
164109
42550
42545
42541
42540
164113
164114
42537
161314
177685
42506
454301
42813
42797
42792
42787
42786
188531
42784
36614
42767
42758
181035
215678
161305
384705
403458
289730
197874
1135399
197248
259630
856323
1417647
8054
8056
381702
859852
381703
8046
235304
130090
8055
8047
6019
6020
780970
734243
779199
784520
776608
770600
780051
770769
2047194
1327016
1604868
1599947
2764914
776609
789482
211973
789797
718507
789483
717246
710008
776610
787594
789798
1287111
768448
770215
785347
768449
1291871
785348
774692
717349
789799
626352
878120
305020
879578
1124841
68250
3255485
68253
3255464
432141
976258
3255493
1753560
3947
690355
1438889
254786
3358886
143934
508038
2641793
717097
722491
786193
1281001
768450
3891680
2381636
1676282
739615
1941659
376886
1050510
2519242
2764536
1474703
2158690
2160255
779200
727083
776612
1227422
789443
56810
1465168
2181056
716947
1035586
1245803
771889
1247627
770601
788331
305035
305041
618142
1746
1742
786685
440322
460313
768452
790092
1223746
1183650
1226331
1268377
1255451
31188
31189
198
197
126297
463825
41837
401
700945
416795
4084563
776618
785888
771442
1252179
866344
870721
858577
1709319
99689
1398748
99706
432353
444253
279701
99717
429731
99728
2152113
99750
99751
99752
1466118
623293
99769
636155
279702
2743
305117
2738
418062
99695
548451
2728
2744
99701
99703
99702
987428
2727
866188
635998
2021263
99707
99708
877528
870723
1483189
1676943
962776
444254
427886
99721
2740
2152114
2735628
2736
3007895
1344923
1503856
99725
99726
265462
99727
1004951
99735
99734
99736
99739
429426
2731
2749
852739
522450
99742
870724
1457853
987303
99748
99749
2737
143127
860652
265047
99758
1455383
1303124
99762
99764
546666
99766
99767
2729
99768
99770
99771
99773
99774
636002
99778
623155
99781
2137121
99782
2137122
99784
1804163
99786
99676
1297719
193667
99686
1239970
1277400
100562
305145
779201
1287033
776619
780978
1289748
768453
1178180
1179231
1170709
1158390
783597
781958
774895
777227
789208
742169
709999
713411
783601
716543
783603
783604
783605
190260
721542
779202
2379778
770217
770975
773809
731796
723922
732983
783609
783611
783612
783614
710010
789209
167600
195064
195063
30573
544155
1186496
981501
1174609
1627254
729863
253132
1255595
1179854
1255594
714409
1704114
1581678
719219
782868
2150368
2179211
684317
1226789
781960
376907
380190
781961
380147
155731
2198755
128533
381712
4539
476810
4544
4543
305183
257498
773247
780997
722723
789487
770218
1098339
1232453
710003
541684
707176
1114445
474838
701888
771443
461802
530944
195388
195387
537723
712099
786196
747334
787545
1246224
786596
1523653
1440451
560221
2720865
560222
1223478
1570699
1635353
789313
787911
3516
3513
305239
129834
737327
129828
211712
129831
501656
627184
1219388
1214691
526617
2312
430153
935807
658611
986743
2306
194748
2302
1677203
934449
1520760
2137131
95291
95290
305271
95289
856628
193682
430154
2678120
2299
95298
555738
555716
623217
551567
456518
40042
156341
2309
776623
776624
3256510
2808810
216134
134640
136166
485731
818932
964090
2564963
96250
428003
16686
428072
457284
36523
3229056
428083
201015
16703
1209281
2735652
3339291
428016
1070417
428002
1524328
418293
200982
654780
403801
662978
941953
241826
1067621
200980
659647
381623
265236
427122
200977
862323
418290
200975
200973
428032
36532
381624
948764
579495
579050
381625
988303
426144
1658232
3643359
1994232
2450225
1677022
428056
16699
457318
403819
643100
2137154
428029
200971
2726985
1767516
16689
16677
1733068
188376
2137156
850884
428034
36525
781002
716422
790099
790100
1605295
781003
720322
2691723
403505
2080717
720351
1253816
871873
735663
724045
1603274
727353
722195
4683632
774897
781963
708799
709287
791494
532699
1637166
1169429
789489
1265858
785814
791495
1260
776627
5424
39015
39014
915377
39011
424982
390442
305421
768457
305439
305442
305447
722395
1179723
770770
1326773
1336825
2612186
39581
436127
1521337
1188332
1203554
2067354
2066603
588105
1242199
2856430
2194990
588023
2199456
2161246
738111
1220229
1298516
975459
2086862
2064646
1199666
1188122
1669055
1598796
774476
770401
785362
707951
788364
786198
710005
1457144
1986958
2057607
625444
370228
12148
1075093
444259
305465
2137160
12143
531824
194431
376976
259170
587848
1428762
2901754
586489
1576944
805370
2140159
305546
805364
448511
448510
709253
305555
448501
805351
586478
305563
586476
305568
130371
448488
711065
586471
285565
1672038
1635824
305578
546676
928964
450038
448518
212300
2912737
791738
1315511
138579
21222
2094
203894
2097
203906
203904
3377192
4683643
712600
802691
771570
305639
1561026
770051
305651
485057
259205
41197
1117565
827413
4892
41210
827537
485062
822292
822322
1632842
776894
709254
506033
509126
680427
449907
1199810
667073
37340
1264275
2970239
1559627
214852
1335076
14059
14058
419230
496918
14056
779710
470495
470494
782777
1166997
470491
470488
470499
470497
7511
488561
740810
305782
197266
882393
751253
197780
779204
552227
5463
5464
553699
975009
194393
742283
2579884
305824
1176575
1176576
2357621
2206517
1675465
1702012
499142
195166
6280
225406
6283
191023
6282
3721066
1299476
1520877
982560
860350
870119
2085657
1683590
6274
6289
1441879
1179140
1450334
501237
736403
162391
2152119
258640
1054840
195672
475915
542527
9071
965596
377754
65644
373240
551684
189151
9065
985485
65640
381411
65657
203655
65655
2780220
381410
618587
872449
1264772
217448
258557
258568
287979
386961
258576
9113
466598
258577
287977
245627
1468031
637456
573815
637695
386157
217450
836364
9112
245629
581680
1066593
245630
9114
235774
258565
258566
258567
305855
194368
258573
245633
783619
708141
1252481
773825
731238
776638
38385
716671
790409
779205
710750
212170
212169
2642071
212168
436712
436713
305928
520690
265097
1709241
652894
2174465
6792
431994
1071907
1066741
397519
3233720
557359
1076651
1457187
21272
552616
993946
813483
1675468
552797
6788
587952
189069
284527
6795
6787
2137189
6785
458678
2793342
198773
3573973
21277
595087
6789
658626
93724
6790
1457937
556307
2802434
280065
6781
558335
1478024
2036105
21276
21275
1164655
1458037
1333506
2735696
21274
488492
188923
166988
381657
632172
558625
6780
550951
553296
6783
93712
439595
6791
6794
1248202
1699308
1321840
710355
834710
734829
768459
717003
787089
774210
785365
780145
790646
778043
711463
711555
711556
543
44040
711557
196476
1685824
785367
785368
782869
1206177
1170425
1591281
740554
384218
542779
1676588
509662
384977
784199
542782
784200
187785
380518
235218
723303
729445
506813
784587
1168004
1167656
719159
770219
1236462
768465
781025
787382
779306
1599261
1591488
1257063
437198
212541
437199
130697
212539
738391
7576
1336088
768467
444263
1658277
771890
1301610
1532653
1629947
1274269
1271614
1243590
1645009
781693
727356
1246120
1469745
795135
721841
720448
1220770
709453
235701
444264
1599854
1236224
1619333
599458
727357
1552012
2611845
787092
1557303
1552249
599461
721842
785816
1238287
1279361
1670614
1169390
1644695
438641
378086
785370
785371
713953
265865
1223129
781225
1284806
788601
783636
712727
790648
1165287
1592776
259224
1164470
39806
279987
522331
179567
553231
562084
43258
177722
177731
164656
43228
43230
553070
43264
43325
11851
11850
43327
29924
178993
2137200
438180
43340
11852
164664
43134
43133
555138
29926
554214
553245
178667
2778153
554415
438678
43151
164672
1185130
438172
2910280
242392
968152
43170
1700342
43177
1333565
43186
813430
177733
43196
43206
179479
43208
438177
556065
43216
964372
43218
418368
866837
164693
2735709
177723
224749
43239
802708
43248
43254
43260
965138
43269
43274
197023
632175
1457981
553592
43288
43291
43292
1194353
43294
43295
43298
43304
500416
551533
1493312
228282
1172719
164724
931720
43328
402267
438179
43335
43338
807646
982892
987294
973272
1325809
771892
166677
384081
2642198
306218
96093
96092
96091
306227
718663
776895
2227362
786829
380089
2065599
380000
381425
727359
710060
786205
2485392
787095
714015
773828
773250
778972
710824
781028
252537
1202470
1203741
253166
1170036
236209
1191742
196565
137670
137671
710448
768470
782299
798256
1699191
729865
224891
986930
306406
419719
871654
306407
2672479
224624
193358
198470
2577359
2137217
7297
548504
139656
7291
2137219
306427
402572
2925492
839668
786206
776642
3807
99561
3793
1390436
99530
2137222
1066111
3068865
3794
99551
627594
3790
2137224
99553
3776
2679408
3772
3781
3366828
39977
1442280
444269
99562
3768216
2735722
212522
1325323
1301878
2137228
1462175
1458819
99572
3791
1455534
437182
99575
449543
212524
1369307
1323729
144106
99579
2735726
99580
99581
2679410
3773
2577279
2137232
437177
99587
3796
190217
585280
1180809
1477155
617799
437986
1320271
1506678
996002
1458014
625851
99534
3798
3774
1493663
3786
3775
99539
4081816
99541
2735734
3800
3792
1193414
437987
3782
3801
3802
1454225
3907545
786601
707952
2237172
1246514
776644
722117
710968
3770814
785376
778542
777857
710061
710062
710064
710066
710067
710069
731836
129601
724157
18441
990619
1285336
1254433
1252537
734783
1291451
776649
782544
129622
141544
140946
8786
127970
141225
726439
775296
779311
775297
775298
781030
781694
539583
414978
414980
802713
306535
543468
194416
306538
700009
215521
260686
775299
786923
768471
720168
446039
769805
773658
768472
720193
716972
768473
710356
6156
1344650
6155
3598781
877459
1673222
259454
829823
222850
3020233
259463
709088
774477
775093
768476
783645
773012
1681444
802714
784203
717444
773527
1261128
715307
259542
259541
301949
301951
259539
714053
776654
403099
774898
779313
403100
1244144
748835
719395
403098
301976
183687
877737
9445
560880
879360
6509
302005
40070
302008
446677
302011
302013
389244
6506
188134
6504
302031
196009
446611
373013
446551
379420
6513
6500
439632
419236
446619
6507
446539
220053
445783
446613
446558
302073
6503
198331
446534
1224327
446545
439631
369661
225033
220403
459275
302107
215482
302118
446547
692242
302131
786924
787387
787097
786925
721730
2867418
666460
666461
92295
666469
666478
666479
666482
198029
92297
198030
2833
666490
666489
252925
666492
666500
666510
279672
666511
2844
666515
2845
666524
666525
666528
2839
429773
666533
1338700
1338701
1338702
1798137
1338710
776655
744729
187213
181942
187275
3148372
188901
864485
181944
3048
2431258
487450
453460
127373
128455
132685
142992
229794
141123
127329
133602
133604
482674
181850
128454
127349
133607
132736
133610
186574
1027443
127362
234132
3027
186558
132695
1013733
4056348
141522
133615
490539
181994
127377
133619
128456
181996
127395
127403
407510
128458
133624
1193598
127412
181999
140790
140823
133628
181974
219787
39749
489568
133629
421954
181981
133631
1757070
127437
3023
481101
231789
187613
236779
557639
449346
3030
1929577
216025
181984
3045
232389
407682
142791
141760
181985
142700
186351
2082903
827559
1023669
1481088
3022
127459
430406
490737
231399
140897
186276
230841
142187
232110
777652
1535935
714054
710014
790101
1227267
790102
790103
790105
781234
1593279
770405
790107
1532812
1264655
1279241
1570375
1253296
2067013
2080824
1599077
1536902
776656
1533390
1227491
1274464
777859
218632
44639
786212
768483
776657
711560
235406
166678
379945
96136
785891
727476
137085
137086
128897
512662
507544
208790
137090
214294
137087
128899
302459
128898
422629
6911
579968
6906
302482
6909
6896
6897
420665
21351
846101
185719
950869
656860
6898
1257571
1247534
1237569
1401809
480806
1544087
230274
581877
993407
6900
465234
438437
3904595
1732253
1158878
824046
754988
1104611
2088787
2100933
1118555
187700
6907
552463
463153
476
1308635
1068143
555429
558152
479
481
463151
554191
372484
2416618
480
553829
813419
372485
484
552175
1453083
982127
1698882
1067696
1455604
2137249
556230
1073772
1258984
768484
777653
777654
2105
238186
256813
508109
508709
781235
714055
730597
676685
508123
777860
784657
720449
782217
773014
778441
496500
496498
496496
496494
4403
17905
1669462
1245704
710015
1601220
1268136
1570135
1629479
2137255
1163527
302507
17917
1332964
768487
776662
779316
791178
779375
790849
37296
260481
540296
473087
194251
540297
235424
194410
774096
766845
731039
707349
260482
772991
260485
235637
260486
767109
473085
706985
260488
706986
741392
1587898
1599964
715024
1599863
736288
302524
302525
737843
538059
470620
733184
302539
39432
302544
197197
302548
538062
718027
302554
302556
470619
1315695
702477
190892
655020
1597634
700158
510700
776663
302661
474802
541671
12753
474800
474799
302685
158711
252562
752822
1279102
2187294
798623
211313
1255274
1905049
445356
721231
431895
430144
372920
435658
280722
2168479
1674028
1529776
738824
426928
429523
1064779
724065
2165272
749112
562030
728961
158706
729565
736074
2896188
728773
1297909
1200281
722441
1597100
789042
2509807
1123737
1253736
1549648
1194400
1294558
444273
1541065
445858
1643907
795905
1098102
1917735
723722
770605
1158808
1343066
1268181
712602
377050
729177
738499
1078592
734268
597304
597918
1204686
445956
2893948
1661233
718665
977886
2413734
376781
377170
932661
1694649
781048
402414
402416
402417
784218
1244899
1275542
6935
6921
68295
68294
68293
726795
139188
68285
68284
68282
68281
68280
6923
68275
2678969
6933
68291
68286
3724640
1168782
1301765
714058
1569056
218366
1168497
1662170
2137261
645443
1443
449465
715912
1464
1445
1049405
1456
1509204
1446
649348
652314
2735770
1691435
381651
851744
161249
93728
1373663
1180632
36919
381709
778565
711068
1053208
13807
2137268
180827
13811
548022
29824
985899
1386412
40412
179387
1653003
45203
40415
3625721
40418
40419
477707
40425
302788
133813
784220
1687105
865771
2126
560469
261961
198271
167296
302970
167299
197357
776667
802808
445789
787914
784221
771750
773017
779378
45339
178532
45314
178638
45317
227988
45322
1670605
178538
7016
45326
287165
724907
45334
45336
236058
7022
165370
236033
930525
7021
733321
1588667
730905
1209973
717155
1209925
1658316
1612267
1169971
1210031
708123
1167437
1168424
385183
761546
775094
1209903
741194
1012595
773018
746018
774816
711917
781238
776673
778566
784223
768492
719365
791359
769812
769378
1660388
776676
1049148
1632102
1352
1168500
779944
1156883
303219
996120
2184
303234
303235
303236
303238
303241
725837
303246
996102
303255
303256
303258
303267
303271
790460
791180
713013
2642504
791181
791182
1277602
262683
303328
262681
30916
30921
30919
303340
786218
1334780
1334781
496139
1288200
1168501
1545663
1169159
1447306
782218
714339
1168502
1168503
303362
303363
782546
1143
702444
260799
260798
260796
702593
303494
539751
260789
303497
715194
303499
303500
260785
303504
303507
703221
303508
303516
879787
703024
303519
800249
260781
260800
95752
303523
449732
31048
4467
732222
376909
782778
379453
129429
129420
779438
435194
9158
1683231
1482322
1804660
3599160
303574
870374
1333621
9159
9160
3599178
981532
1803985
2735787
235236
631655
978165
1879219
188315
457005
91915
404092
137993
8856
788574
776678
789044
789801
779382
787917
776681
776897
1625929
784208
730960
3449952
1638220
790114
1599024
2455604
713122
786219
784522
788365
786927
2386842
720700
561325
561326
768498
781054
709889
777871
776682
714502
717006
781055
783651
724259
724260
712603
714503
975757
566782
95584
1452755
95585
95589
5356
717007
778075
787549
713353
778442
776683
710018
742002
1255235
773830
774703
774704
771452
137927
310543
702779
538536
310738
2504197
137924
310742
310744
704453
674047
1164398
1133415
1150701
310745
538527
310748
310812
310813
261070
55836
471184
310826
310828
261072
310830
706745
261073
310836
306614
306616
781058
196962
96535
262816
307844
307845
195786
195785
307853
307854
262813
100606
307860
262820
882888
723403
307873
773020
697680
93391
308051
973262
155775
190634
190633
17633
17632
190642
372313
521136
575658
3382740
93399
190653
190702
67554
208682
1309258
1214422
450063
2575833
4689845
1700075
196966
190618
190621
526966
1494259
967619
136635
191565
1058861
381481
136638
136639
191567
67555
93417
1051404
93419
527022
456996
411716
1378832
1492705
2718360
1053891
741680
786220
773528
711070
784225
708540
711715
784226
768504
507274
376994
1280659
3254550
143981
666559
143983
520663
143984
1338376
308803
585858
36135
5026
444061
444062
36134
1238453
723335
768505
707896
779387
138450
214721
129687
516311
784228
717255
776689
13482
21127
13492
1698514
1697293
447614
427198
1098714
13487
985808
447609
195042
309332
469590
191570
723489
191571
191572
782873
100503
306
4526083
619760
256702
1802814
235639
256698
100467
100451
100443
1677275
100442
619942
100436
100427
31012
100421
619937
1342155
1684005
100398
284
100395
100391
285
1684004
256682
304
100369
440408
256679
3381080
100347
310062
100346
439338
100344
100343
3393378
100337
256678
310063
100331
100330
100329
100323
100321
291
100316
100314
100313
300
290
100312
100311
100310
100309
100308
302
287
100306
1684483
100305
289
100300
288
100294
311
100281
314
100275
100274
308
439332
2572159
626960
100269
100268
256669
100264
309
31009
1684001
100256
100250
317
619932
3390365
100231
296
100228
1684006
993127
100224
100223
295
313
312
294
256659
100208
100206
100188
627250
318
256654
256652
801292
198745
100493
100338
256677
1348379
1191084
378736
97710
97694
572070
97686
566105
97673
12336
97652
12342
12337
97643
165164
194190
719730
9269
165165
227059
196305
310155
789803
710230
786603
40890
1168241
402517
448851
1806955
240888
1321844
784230
773259
784231
1234174
771453
768506
768508
708541
770222
2208744
1050361
770223
1805406
2412787
1030327
1173088
1030326
1693104
1527960
985749
1030325
1510663
975671
266124
983501
1581944
715881
1209824
773659
789318
714505
789804
29898
708145
1170122
12468
982646
1701183
2278575
2364801
1299899
2642656
1012271
191276
41942
3625607
445862
218683
1170123
717301
741459
734395
710128
2069872
4683721
1268134
375578
372129
1278766
1285037
1243558
4683725
3257680
1013005
727789
235376
779711
2978647
9143
785392
711920
776692
785393
1253566
471501
30592
1164810
767184
768512
727182
730040
714016
769381
769382
769383
402542
636339
5126
379250
939010
617969
191031
532543
5122
679567
1608161
390922
413807
241887
120253
241911
120255
120256
217314
120251
406202
413812
413828
798260
696477
241888
929030
241889
241890
698833
1169145
241895
384673
695701
704270
241901
241902
384669
241904
241905
697171
413823
384682
1169146
384670
413827
413821
241908
703404
1085706
406199
386368
1290013
436302
1175399
18171
729811
770606
787920
768515
2205141
590287
720451
717363
376808
1273274
786221
769385
768516
768517
768518
769386
769387
768520
786420
784233
781816
768521
717257
776695
768523
768532
2061131
1207423
435097
162222
626971
162221
162220
1175817
778973
718122
1575699
1221930
307662
259226
307665
412889
781065
847028
506431
2930028
98430
435384
411106
435385
205724
245918
205722
735755
245688
234696
1358256
1093096
388312
833831
944626
426296
421209
580700
234635
208643
521172
916592
1685341
245960
234546
864861
218471
916587
917869
234500
1685342
234527
374226
489393
2574431
234790
802823
224818
1467695
268209
29730
373930
234668
234479
1298536
1800708
1164046
208749
205710
843669
1805847
205730
205729
928560
374243
39661
2118872
162087
397525
981287
279975
916069
916598
432446
234314
2627859
377943
205701
411111
205707
205706
205705
789215
1271269
713552
781066
746879
775307
738987
718878
1170460
774705
284369
286292
281674
193127
1614800
708124
2642760
1315691
773660
1578880
710608
499499
506478
508572
667046
509185
508700
1297186
1165259
1221712
778443
717627
2738842
725921
1666740
786793
376892
307885
261184
307887
307893
261186
307896
307901
770226
259983
307937
307939
307942
307946
307954
307955
307959
372280
1640295
739807
515055
506630
506625
1116480
514633
679706
506629
137529
214526
137528
719047
137526
16051
137524
261462
16052
261471
736468
380333
137523
137522
16054
157543
137998
464667
31947
31946
45409
35533
35534
2633610
533277
695089
2572283
620040
3382648
973345
806852
3167794
12595
163758
45127
40465
12587
46540
637030
31941
375962
375963
40460
375965
179141
228267
438796
163766
12597
12586
222075
12588
163768
40454
12590
40452
376325
12589
12580
45123
45122
12583
12582
12584
12579
12594
12596
731240
711572
770228
778587
714176
718524
768535
2344024
784234
1249307
735326
781069
785399
764004
774326
715882
1336379
39995
723844
2301275
1231854
787392
779521
802829
802830
2642821
781070
235586
745617
3080883
708543
1279336
802831
1206141
2664955
786225
786226
802832
414873
197374
1165902
188396
1239683
308356
2136102
1195874
260167
390683
253262
1299485
214313
420713
619028
2524321
215421
209209
308460
1056
215417
2154307
2421332
2735817
178105
201965
4531398
178106
45035
263794
201979
45006
45003
374967
45085
45083
380237
45057
45043
45084
920308
2038137
724358
720608
308555
728378
308557
308558
308560
308562
2437
2436
308576
308579
308584
1169383
308610
1296540
586130
39131
39135
1238571
39146
39148
705830
1620419
706064
39163
39173
39178
39179
1938
1936
1942
39186
39191
39193
39200
39201
39210
1940
39221
308647
695315
308648
258203
384608
128794
258197
469422
130026
537252
130028
130027
2283
789809
1543147
882996
721188
533528
464932
308732
257146
788578
2039496
2121762
257145
133557
3784388
133558
133560
725506
133566
133562
3250834
2642915
1690883
133568
133570
133565
2379923
133571
3945850
133572
787924
785403
786228
769388
714535
723845
2137319
7759
381603
915348
7746
499946
258238
258234
988359
1326882
17361
806872
1224311
17393
1333360
1070315
1708151
1067522
286275
197564
1524421
2585179
2439350
1094469
191036
3235993
308914
501233
439511
1224342
2859637
374042
802841
17366
1702375
751462
265429
439512
280767
1068151
17379
280522
1483186
2137332
284348
2022786
1708062
1932496
280926
3717053
423853
1224447
1199413
197001
2579694
1224396
1454515
2804584
1320218
498869
17353
988569
1224347
627589
1254061
873513
1066365
692069
374114
258220
451803
1013347
1702527
196112
1199414
1326876
17383
290774
1516689
1712893
280745
439509
195742
1685276
2137339
974866
1687501
618028
287067
994195
2632940
452953
2506270
1345423
1326895
547252
1193746
426498
1923025
1347701
1471775
929262
2739222
1353887
17370
449001
2742364
17368
663729
430186
420058
1402980
224878
258239
850356
975372
2428885
870980
93788
308938
1074468
774213
441153
1327006
2137355
1154
255760
3375341
554445
618271
255756
791552
474636
416605
402501
262220
262221
416603
402504
416602
416601
1697212
782957
736962
218673
3336151
1687618
1244708
776701
986938
451166
94191
633524
1696871
510079
463012
3367670
562047
2997020
981670
94185
547505
864037
1092745
7536
197586
2725564
286834
197585
280132
689727
706633
1915418
1597779
1926753
2170883
1326182
3574661
2170343
1973486
1630756
1195722
1084762
1400573
1410170
2062533
2687906
511309
2101862
2739711
1196006
1218748
134721
852881
1169636
463005
235559
94165
158727
510078
733373
94162
1610614
1254883
1337315
309022
806880
715093
3025517
951381
2166162
1435070
94154
197070
1900574
2038315
2031664
2854439
134717
1434922
3721138
309028
1337218
1598798
2081568
1449824
94145
134716
2919667
1274973
435673
989256
2443724
449909
1205960
1421874
1293237
2218930
1292021
1100304
2194745
94136
1201235
94135
94134
134705
3625222
2901388
1404202
1373421
771954
158791
1216577
134706
860293
1288911
1586110
1578463
2148118
309039
1494937
2893202
2856335
1435451
1420295
716432
94258
982838
2065476
94253
158786
1383989
158785
2186481
1205311
94250
1504228
309045
547449
1196055
570757
1533233
2037988
833974
281267
1465112
431899
859411
1196130
2042447
576336
94247
547441
806882
309048
1411414
777068
1433776
445402
134691
134695
2705447
134689
1437086
1434226
309051
134700
94240
1394092
2040232
833814
1434810
309053
1565722
196693
1483507
134686
500446
1335103
1342823
915427
3719804
134679
134678
2166208
2151828
2786465
1197968
774105
2582087
3342522
1254740
2642959
1405177
3020623
309068
134673
1152560
1202985
2859508
2057722
2672501
966205
1404401
1192133
1124878
1356599
1215194
390095
2854599
547410
2906445
1402228
1223199
134667
3387848
764384
94202
1600365
2080065
806883
158751
547406
283183
193660
94197
2538855
1532421
1209316
134664
158749
2064535
447670
1160129
1984894
1611462
1336137
1300636
1049349
94174
1638590
94149
134734
2037571
1517200
1596943
1493786
1365256
1917849
309090
1563926
2912573
2256791
2038044
94203
2725111
518024
1345755
833819
772085
625512
160148
7077
7076
7074
384538
208490
625504
160147
7071
160146
160145
7075
488628
423490
450183
418531
427202
160143
437121
160142
212488
449342
429374
426640
521592
873446
449112
4279706
160167
212494
1206718
521647
864866
438589
431850
452573
985026
429793
957529
421873
625500
160164
287392
7070
422375
160162
1394747
432708
372542
625474
191038
1331729
160158
988579
381536
520702
431839
427180
437122
265378
625508
217023
426626
625515
520585
212491
1012610
431845
985813
420581
625513
160150
160149
431912
381537
625481
379329
160161
66714
66723
787394
1605032
729639
1561511
713126
774327
734665
1227271
1234554
1531252
784237
1247357
1600123
1546985
1630569
784238
254103
17842
17830
446860
1319413
17843
17837
17833
17832
1809696
17828
35695
17844
709892
730934
785405
779524
2642976
701920
702553
1236725
1278322
377262
783661
881695
882845
309317
881286
1332974
770231
783662
569559
1465027
3235701
207140
665356
419568
692305
236207
1325766
1699202
207105
1514764
432103
1385042
1343019
167654
406259
139069
2129007
194402
208500
1325768
373333
2820766
207109
253284
135651
436672
495260
657717
1721320
1319789
375522
574400
530593
624624
1068482
432948
642701
694309
207117
1472032
195688
253288
1320055
192318
1285578
934328
1029253
207119
869447
2851717
253195
1216663
449813
568706
3375774
573377
976197
156106
225100
1686172
2852598
964412
691254
1007610
836368
253294
207127
521651
2499548
430208
1505439
420831
207131
253297
207132
698484
161202
1756072
533345
381525
156350
464760
8246
2132509
1381345
212797
1163055
426010
212803
1330268
533353
1789243
1790138
439381
411299
652184
212798
1795042
1698794
1797148
426011
464762
197093
573410
3721151
8253
1753890
802861
1577974
617958
657805
444101
426017
982488
941644
1763210
426018
1764244
617957
439382
841374
533349
1766394
582561
426022
1767756
848699
1319603
212801
212802
656236
658228
8254
2735872
662026
1776158
583213
426023
618513
8249
411314
464754
1728213
811496
2735875
429940
852370
1391866
8255
2169570
2910313
1369732
1478836
381910
585303
8251
8243
439388
836149
1766369
858147
1070764
533343
617960
1509552
373609
439369
212794
854809
835099
426035
161201
8252
1512139
812855
212796
783034
221938
778444
785407
716434
769820
714178
778592
776703
1264106
1275631
1279580
1222198
66547
66550
768544
309494
309496
882053
309500
6837
309501
309502
309517
309520
309536
309537
309546
1556185
6836
599462
2316826
788884
727363
802862
1603227
14633
66599
1665290
1631880
1300088
1601256
1650385
518252
1222626
1300089
1600014
1564392
1159139
2701612
1300092
126527
1300097
1300098
2510813
1561393
1601017
773545
1546327
14636
66568
378063
715770
782558
770411
66589
66588
66579
725841
1300087
309555
66226
66224
66223
21174
66215
66210
66208
1047991
14639
66203
66299
66298
14641
66286
880833
235206
2137373
66275
1047988
66273
66267
66253
14657
66248
432952
66246
14640
66234
726637
309571
309575
14648
1244815
778635
1283050
714538
778636
787396
1278034
1235657
776706
1601307
1099347
1247065
1655951
729449
790658
770985
718092
1594104
1234778
1149726
1286421
1289755
1289735
789219
719502
714179
1153184
309599
66192
9310
309604
309608
309615
309616
309619
715648
714340
309623
309627
309628
779152
309629
309637
309639
432078
15911
66621
883453
309647
66662
15914
66650
66648
989261
784241
309656
2059950
1665660
776707
787397
1547614
778637
883554
309674
309691
309695
309701
309709
309712
785409
778638
776708
784243
66528
66522
66533
14630
14631
66138
1278572
2033338
1600731
2044956
774819
791425
771458
1277170
778641
713762
782559
769823
716990
309718
309726
202169
5045
2735891
373167
2735892
872168
1991786
5044
2776934
434142
388365
372896
2884050
716174
776710
1665359
1588495
776712
783664
776713
718349
782560
976846
976848
2039307
2054335
790368
781076
791362
710020
715650
211211
94035
284004
129292
258583
94047
432187
258587
470563
258588
586038
942928
881351
309811
635161
8010
1509664
309813
309814
236445
8003
3385045
8005
776899
2386128
776717
721954
773261
773547
709455
715042
789321
789322
713129
769389
790659
787402
645240
309837
3820
2045791
992188
986985
2137377
789616
212329
638376
802865
6123
6122
1798678
2643067
713417
1178942
713497
790660
715634
2349090
2389377
3234282
3051798
976148
2365865
1064822
776719
768554
785411
776720
1333139
785414
475692
475691
403491
403493
475689
475688
731985
780147
776721
778642
781080
730313
260169
702547
217342
713130
768556
1260078
1242002
3336407
776722
781081
633815
1696023
1668923
776723
139385
309895
178621
45311
178620
45309
8150
164590
164594
309914
227655
45307
8148
45312
789050
787099
779440
778987
786608
781981
1289762
708951
790276
721573
1136034
1272520
784245
786794
730314
785415
1272337
88744
262577
262573
1226227
790865
730133
790117
779352
1240928
754733
1285295
1093376
385033
475433
380553
703854
782562
773025
720957
790662
944917
309935
424651
37129
660470
37127
6808
424658
6807
37130
409666
1912748
504479
409669
235331
989144
3064127
239027
239026
380791
380769
768559
16929
16928
857514
3336331
3251601
1007304
522958
267276
802871
2735903
265095
1668
1669
1324206
882265
1067732
1339453
722611
1705730
1457495
703844
310010
1181604
1244716
137761
235467
5379
155719
1202459
722301
1192376
776901
715584
768561
788435
701887
715043
130597
260375
130596
854859
39604
260374
710136
783036
781259
790663
542553
706316
853808
475935
542554
855734
772806
1080246
258550
2137387
1235217
710452
287374
883454
1169904
1324742
667049
784302
785417
775311
782563
790665
194984
261410
310306
310310
282953
709289
741084
1247123
734342
183304
774484
737574
3067843
2079325
1622149
882898
3575255
310331
3708963
3541465
310333
722403
478142
478141
544370
1081508
1151360
478135
1234899
1298550
2672511
710174
710022
711464
718180
722963
770987
723352
785420
713133
310378
860963
261755
166720
188943
68063
917794
1331
2503454
1012826
754867
438154
488381
35752
30818
522272
3336318
225010
784305
1233716
786232
590278
590279
1686243
1297049
590280
431484
590281
1543406
730043
2717378
1324838
226938
226978
226926
930130
226929
226930
1182446
1231084
2174973
227818
226937
226940
226942
226945
1210915
227824
226950
226951
667147
226953
226956
226957
226959
226960
226962
226963
226966
226967
226968
226969
226971
226972
226975
508618
508621
218516
1179744
1268508
1274447
514105
511505
682569
1174737
1174906
805258
1289582
1224683
805259
1175148
805260
1250992
1266012
1206469
805261
1211624
1243186
586389
1248116
1178613
586390
1234566
1219883
1250169
472752
472757
790120
770412
287469
784250
2716754
699828
659046
166832
166833
866339
126257
100594
126252
100593
866922
100592
126269
1335
1458468
871409
871410
1532158
2180651
1169831
788437
779531
508156
726999
1261506
802882
1260187
733918
833786
155769
773664
717686
6519
310654
310656
310658
310659
402817
1245343
2184821
784526
1272656
1222624
1279087
372191
785421
775313
768571
221924
444306
772603
1168156
1164929
783669
781817
715654
770607
776902
776737
310710
718094
718032
773263
202139
387399
178141
36875
44673
36876
44676
36877
514158
44662
178143
192134
36874
44663
44667
178144
44670
43693
786933
712181
732993
769829
709113
3158830
178632
513749
291196
770989
779268
778657
768573
714181
781260
782332
713651
713652
777236
258660
225889
522829
635215
1801331
129642
306751
782716
306800
1512266
41256
917833
397568
39061
167153
558792
194264
551203
731869
397560
1323027
39035
39026
38413
39020
39019
38431
558800
2774
3753274
376935
776740
102595
857071
551287
625291
1327550
102586
102585
551555
639999
102582
932268
2421739
552488
102580
1327551
1327552
558091
987913
1693245
1327547
617
593
940659
592
102575
102572
102571
932279
612
577
635
552907
102567
619167
92731
987755
987756
102566
987907
102562
102561
120263
962987
102549
102548
102547
102546
120262
102545
102544
853581
2137404
225136
625
120260
102541
619
1327553
102539
102538
102537
2682167
872835
556882
628
102534
932278
660581
932260
102529
1327554
102528
625290
1327564
625289
102521
1810381
102515
1327565
1327561
556817
102514
102497
102496
102495
102494
102490
615
932253
92727
102488
102484
102483
102481
102479
102477
932256
102476
102474
102473
1810388
102471
1810387
102468
102466
102464
1693239
624
2573212
371278
102926
102924
102923
1327560
92756
2682170
616
102912
102910
102907
102905
102904
102903
1458264
102901
578
102899
102898
102897
92753
1327567
102896
102895
1693235
618
4540586
102891
1185009
102890
102889
805826
805825
102887
92751
613
805823
92750
102885
4540589
626282
558612
805807
458082
102882
619164
102880
102878
102877
1065381
102876
102875
102874
1334639
589
92749
2137406
580
1693227
208181
458081
932254
102863
102862
102861
102860
603
2152159
102858
102857
102856
102855
102854
102853
102851
598
619152
102850
102846
102843
102842
619165
102840
556296
102839
120286
102836
619150
120285
585208
102832
582
602
102831
619159
102830
102827
600
932252
102824
102823
584
102822
102821
102818
102816
102815
102813
632
102810
102809
621
1327557
102808
591
102807
102805
102804
102803
102802
102801
102800
102799
102798
102797
619166
102796
102791
1327558
102790
619163
619160
102787
102786
557425
102784
3393467
1065380
1327559
1065379
102783
932251
932277
102780
102779
102777
2139677
549912
102776
102775
609
932276
102773
102771
102770
2152160
92747
102768
1480414
120283
102766
102765
102762
102759
590
102755
102754
3393465
1327548
2573213
1460083
102752
120280
102742
102740
1065370
102738
102737
102735
3393466
3393468
120278
102732
102731
1075546
102730
102729
102728
92746
928885
102727
102726
102724
631
555366
2137408
102721
102720
845708
664621
4540587
102717
102716
944625
102715
1494029
92744
2677436
102706
932262
551103
125436
92743
805818
102700
102698
587
102693
102691
102690
102688
102687
102686
554011
1185011
619705
102685
3393464
102683
102682
872837
552657
872834
102680
102670
102669
102667
1510805
102666
3393469
102661
102660
102657
987906
2137411
872832
92741
102651
225134
1810384
102650
102648
553851
627
805817
102645
102643
102641
583
102639
208180
102637
102636
639
619158
619157
987769
102633
2137414
987767
102631
102628
92738
102627
102625
1693243
102623
636
102622
971992
872838
120269
102618
102617
102610
92734
120266
102602
102600
102599
608
630
619156
629
102581
102573
102569
605
225133
585206
622
203873
102647
102626
586
802888
787928
714544
784472
771183
747239
781090
770777
769830
725773
724046
732660
435575
1300067
783670
774901
306930
31166
306940
242494
130002
1048513
713419
776747
779608
776748
779609
1233855
708327
791633
768575
559220
559221
559222
1600022
768577
787930
776749
1301754
719504
463872
770609
1095637
790852
789449
1159845
731243
717107
768581
770990
1267555
2108276
1599500
1600613
2416627
208729
96245
284356
1332746
554009
219006
218324
203819
96244
551432
2954625
552212
3095
218326
203817
219003
262246
649235
11931
97602
129638
97581
97591
97592
39725
39726
97601
97603
97608
97612
97625
97627
11932
97630
97631
97637
11934
97639
11930
97561
2441609
954760
11929
97569
137726
215533
1489986
4998
834081
18435
215919
391933
4993
126472
4992
4994
1484191
241386
193925
798134
448707
126463
307133
30473
5001
422303
4999
385760
5000
5002
215921
697188
307137
30472
126480
39419
246556
215917
5003
440359
1276394
1287689
495122
1170124
783672
1693414
1125576
2582907
17799
1190253
2735974
17792
763889
160096
197179
93533
194021
373177
160095
31769
43479
155818
532778
14067
14065
14068
2643291
2643293
719542
2643296
975532
2454222
2578692
2351108
585015
2589177
768583
726609
2570847
2582908
2643308
975533
3025675
2591941
2643314
716175
1255434
380743
1250441
2920764
1265448
732661
1336180
722590
779154
749442
769832
787176
13349
135112
40482
40484
40485
477669
181494
40487
40486
40489
40488
41442
40490
55797
40493
40495
40494
179221
40496
13330
1485945
13329
13333
40498
164997
44603
181495
40499
477670
177754
40500
13324
13325
40501
13334
181496
13337
40503
40502
44605
40506
40507
40508
44607
40513
40512
164998
561501
40518
40520
575203
2137441
40521
561741
40522
44614
40523
65666
13328
3376136
40525
40526
636408
40528
40533
13335
44615
13326
40535
13327
40536
181766
40541
852241
40546
13342
13343
40547
13331
181503
40550
40549
40552
40551
40553
1805026
40554
40555
40556
13332
40557
40559
40558
40561
40562
40563
265307
40566
13345
13344
811634
40567
40570
44599
787101
13985
1651627
790126
2063716
1167216
1168534
1164877
1246789
786934
1228717
773684
778990
218644
788656
782783
708699
771460
307303
1758893
495729
1661667
307304
1110802
264163
495730
307306
198693
411099
265264
519311
7993
7995
449105
1615717
213813
213825
1736276
882883
307363
499463
282378
307369
620012
224153
2579461
798160
772605
700690
1094975
2553845
2184593
2892324
695670
2457319
241043
798196
800215
1232375
2053146
698281
2163853
1200076
533126
698669
2067587
4624811
2494979
2292961
1955677
695435
701376
2196426
1144686
1973249
2067745
2165682
241042
2150365
1207334
2138830
2532656
2051757
2036967
3062233
978840
431916
427897
464489
1220096
1980042
2356855
2380234
415967
3670070
1444844
915314
696601
2383438
2321728
1102706
1300009
1302889
2849289
1119633
1242905
2728899
697213
376878
1511864
696823
464485
2521185
972387
3124936
936849
573598
2986312
1950452
790127
708125
768589
788796
789526
774822
790463
787102
1587466
1658553
783040
1565943
776754
710177
775314
380971
307417
2618
450945
307418
533140
791323
782567
730601
745871
708409
1178373
1675515
784260
715456
1276220
715657
729359
1294746
784474
552667
2501121
3825
30611
3826
3830
3828
623120
1188992
3831
722143
377422
203556
3835
450631
203569
203557
557389
431801
30612
3836
203560
3837
3829
1342948
502525
36814
1342949
1342950
1342951
1675061
1675063
1675062
1675051
1327599
1033090
1327598
1327597
1676683
14937
14948
1676707
806957
737626
134503
447485
1338461
36816
129233
3024563
1327593
1334149
1334148
14942
972751
3602129
1700671
3767145
1732973
2581123
14930
994547
1327615
3238980
3238981
14943
562373
447488
3238982
3238983
1479078
3358873
1338462
1940407
1327620
1327616
1327606
1327604
447489
4531185
3602125
1317657
3602126
3906940
1676704
429750
586792
447490
2772482
972756
1384058
2691838
402949
4687885
36824
381588
1676706
1338381
129235
393434
1699995
447496
586794
3238985
2691841
36826
2691843
1334142
1676708
379904
3338655
1756327
2691846
2682654
805636
1334144
1334143
1676710
3370452
1327609
1327608
1327605
1327596
1173962
1676716
998237
2758582
3383934
2581121
2581120
265436
1327600
562367
1676718
379138
36830
1327612
1327611
36831
1338730
265193
449403
1676722
447503
14931
36832
14945
1342955
1334146
447505
835515
36833
307461
2052397
431970
1675516
1471754
134511
3384229
14928
129230
972780
1687088
135665
435421
1342957
1693221
2171779
931202
36808
36810
134512
36811
1700002
1315998
1687069
972765
773687
718081
775100
716992
784475
444309
778448
2643406
3252805
770235
716377
2643415
2351579
2643457
2643463
2643465
1694685
3911006
2350943
3440173
2643477
2506815
1700121
1801339
977512
976775
1188504
307478
513314
1573
307486
802899
235261
403606
403607
288171
227298
775317
1166300
1168584
775318
1282726
788442
782302
786424
779612
770415
715523
128535
782334
709935
734678
217281
883546
778081
215940
696138
217698
95516
95517
2740713
95518
235276
95521
95522
402611
775321
712126
402614
776773
784527
780152
782335
785432
787405
715658
779615
402615
711099
402616
789054
789326
402617
770612
779355
784264
768595
775322
791324
402627
781094
776774
720721
781818
711074
773690
1271601
2235883
1278544
1297808
1246761
1248125
1164177
1264359
2728144
1255483
2255128
1675520
1255488
869421
2063045
783675
2039805
869420
776777
770613
1255496
716809
714324
769836
778670
774330
780153
714325
782132
715457
782569
731493
786746
763403
138859
2536
764494
618854
790369
774823
774824
774825
710753
788797
720357
719356
3777765
737145
226983
229124
501253
226987
227832
514244
229125
1199724
987153
3063637
1300852
240622
240621
381926
221175
220837
220866
221083
221105
221104
240537
413599
220758
380215
374969
240422
221179
928703
40046
220642
221085
380210
473823
221182
1181025
1229848
1290811
1180285
1098724
720959
1192433
1098725
730329
1188633
739769
787104
730330
1287564
1192468
778691
2507871
1288072
1296944
710811
778692
311332
311334
261459
50945
311346
1481592
1184602
217339
1474368
3253681
639312
1527965
3253713
252944
2735992
44763
3573476
44762
225222
189183
438620
225375
429984
29662
17007
560669
550961
590275
842349
590799
557805
265481
1064641
44754
371709
17017
17009
44749
44748
3721206
3376884
44745
163514
44743
44742
44739
975154
633242
158607
44735
44733
17016
1458348
631697
167134
17036
17032
44732
188756
177735
1067767
17003
44731
17027
17011
1384271
94391
1507837
17020
17033
2429565
44723
449490
179256
17023
1185804
17000
2137461
499513
44766
550195
188758
177819
36279
438615
371766
21389
44752
935860
21387
44740
2070085
551915
371781
550716
44729
45505
45504
45502
672304
188490
5545
986211
5544
1591717
1593767
1581747
710026
402965
402967
776782
722404
722405
711577
746291
778450
289650
2137462
3575786
92655
311480
281085
2009
2006
167681
2194108
5514
989007
260391
260390
130199
411687
697192
260400
240903
235345
416832
1458362
4158693
448218
989212
989211
5517
989209
2694696
458265
989207
989206
212114
2053782
212113
2183735
218707
697178
528031
240895
449520
2572744
554404
504884
130204
802913
710180
757963
1321170
1228884
1584733
787940
789632
584454
709907
789633
775324
768605
773031
773032
3025519
787941
776785
784268
782572
786613
718097
158204
21661
1921256
499422
158206
158203
21660
21659
158219
158217
21666
2643702
1548174
1012630
376887
418701
714576
717009
805981
776903
720489
445609
805223
134441
134438
134434
134433
134451
728968
134447
134446
1251597
713553
778082
713357
727121
781099
710363
710812
782784
769845
599463
96630
166717
1335807
263091
96624
1275569
712595
770420
782304
720171
431282
51385
51384
51579
37871
51855
52185
52775
2098802
51085
184823
37734
37751
51258
51428
51644
51711
51757
182177
52058
38035
38058
142396
38152
52622
41567
38241
2004176
38258
52898
51060
480892
9329
51066
91747
41541
96762
51077
441324
51107
37738
37744
41542
125947
51169
518255
37753
51192
41543
481597
51197
51200
37760
37767
37768
1782985
37770
1786435
51249
1788306
41544
485423
51278
133734
409559
1792567
802928
51326
51328
1794947
96782
51343
51349
37801
51364
462280
434527
434528
51379
41545
51381
37817
37833
91799
51465
41546
51488
51490
823949
41548
37852
531276
209217
51537
37863
37866
51586
1710049
51588
1737670
51592
37878
481593
37886
51616
41549
51623
51648
479343
1671339
51676
37910
209218
37917
51702
41551
1743239
37942
37946
825477
96817
37950
479319
37958
51865
37968
1747811
37972
37983
421333
51896
37990
142690
41556
51927
51928
37995
1749615
37997
1749822
531537
38003
41558
38022
1752192
38028
38032
41559
38037
38039
41561
52108
387276
802940
409574
38064
1755661
38070
52220
52225
52242
52241
38077
52249
38081
52260
38086
141729
52294
52306
41562
848086
2849377
133738
52322
96852
52345
9345
52349
38102
96853
142784
52400
141335
421439
483130
185651
96859
232537
52423
438744
573433
38123
419217
429208
409541
38125
52430
230735
52443
489784
52447
52450
409564
38130
52455
38131
52458
52461
52462
38134
489785
52471
38135
52475
38136
52489
38137
41564
52513
479367
545487
230821
9340
52515
140975
52516
38141
52517
52520
41565
38142
126168
52535
52542
38155
185253
52563
481525
52568
52569
38157
1484629
38161
52606
52611
91730
491359
91732
38180
812552
38186
669147
41569
1651000
1169136
41570
52697
38193
38200
38201
38202
38205
141104
126199
52763
462517
52767
52770
1582641
126203
52780
38220
252859
52805
38227
216263
38230
439019
38233
433840
52823
52861
52865
38252
38254
38257
41572
52910
37719
37720
51047
37721
96760
41540
631384
311678
311681
881810
882959
311686
710027
1596590
311690
311691
311695
881480
311709
785444
714326
741085
2523121
1328525
3044330
1694700
3298560
2643744
2350437
729567
1675524
2643747
2578702
791326
790673
790674
3402922
1690422
3058092
2672541
2570859
782574
2507616
1304851
1299843
409264
696210
311787
311788
311902
213810
2857977
782576
559446
702640
235731
193532
311955
501390
311957
698134
705796
311959
311961
235588
193525
311969
311971
311977
311980
311981
311984
703098
193534
706499
704624
311993
312003
312008
746883
263300
312012
703590
235742
195789
312037
697434
289291
781103
193436
473145
193437
166919
235506
312143
383518
3022819
973537
5995
6000
419157
883225
38397
5993
38399
38401
139127
790675
770991
708894
788445
709272
709273
768613
779443
775343
782879
709274
768614
790676
193256
312229
312231
779645
721083
1300105
787107
781105
718752
768615
778992
139362
2137491
623373
5978
203946
139360
139364
139363
139366
773271
718098
1138372
3787240
580275
237674
458113
410930
1771256
568481
135123
699573
527907
428730
428661
41684
825236
41685
458177
428682
135125
656384
486290
237658
458115
428739
1379125
237660
428669
652509
495820
135118
1037460
458132
1453499
774331
1829
1827
1828
13072
237665
704739
1132431
135121
3237045
410929
100808
416497
13087
640870
2736033
13092
703411
458149
1037255
312297
527935
2162919
776796
769848
769849
778697
787410
769850
784271
785446
786240
791038
810696
1131571
769851
1170499
1713273
641111
191042
650668
1262
1263
312334
705177
785447
787108
928973
188908
2679820
1479963
1488485
665925
157955
3382251
1236173
835275
582922
2137511
189149
660004
556754
881762
553495
553360
189139
1685251
3859
3849
550902
552915
555144
1675525
552337
35725
188859
35724
188900
1162215
959197
189050
188839
623152
3242147
37122
35720
3067116
526660
430725
188808
370820
456556
1494636
554311
495412
424618
2166762
3848
1069926
370081
550969
312383
555650
1075644
550536
2736041
312384
371021
35719
1163544
556435
660018
1075646
188722
1075647
962980
188781
188802
1448460
557405
556921
188831
1172921
2137518
556075
556603
35710
862055
3860
35708
189058
558661
3856
1409871
371483
188713
2137521
1386530
312386
3857
189121
642900
3851
157939
377538
554444
188879
35707
2152193
188814
936731
557358
550914
3852
456553
156283
35706
370887
1495808
651012
633064
3861
495406
3387730
3855
800870
1453527
555609
495405
551497
156281
3865
2736046
1177269
551492
555245
2180424
3866
3862
526655
189109
763412
157930
552606
863093
210482
1149494
35702
35701
714666
189037
157928
235377
196291
312422
312423
1270197
2643825
716994
790678
710611
391599
508093
681157
508708
514234
1289768
513194
508609
511181
512677
517827
511180
1337467
2858865
726906
790854
1327011
1598994
598934
774487
790855
789327
776799
130553
130552
130544
130549
130547
130546
436950
1336762
130551
708442
770421
776801
784272
2567
56539
623394
56545
1093126
128778
788889
779646
728779
739574
585146
714327
777432
720611
508579
506090
729330
506093
788447
282088
716177
595635
312541
312547
709290
162455
777433
713177
718083
786614
776802
712838
776804
717316
774710
768624
768626
774908
781266
402794
770422
789636
2356761
203876
550747
631693
2428818
1324852
38867
203880
743835
38868
553867
646053
1510205
459939
38869
218262
449078
2181243
12024
662772
1472931
554310
3251878
92761
235448
218266
1197994
4685487
1678829
188046
987485
816891
254647
1804012
1320625
262255
692011
2576683
254646
375369
701964
1325969
2501999
985383
369675
375370
2578322
1804551
1197188
769853
790681
710030
804798
447326
310902
1675528
720160
544313
778699
2466067
781268
916409
720960
783042
717317
1686561
1335133
881014
134178
134180
134181
129012
134182
134187
134188
1692176
129010
134192
16567
932539
996657
134162
134164
134172
2162960
134173
134166
129011
782336
374538
403446
2122469
593350
500386
736608
310973
310976
695189
211373
429520
694006
2137540
845678
2736056
7675
1377838
7677
7676
791367
769854
721120
768630
788705
785451
717659
717660
1449300
311020
311026
974461
197520
3719562
870798
1324115
289290
1027965
426414
1492178
1656774
1453677
1317060
982414
2115419
870801
983450
389091
1623556
623829
311047
1333877
209141
311051
1324112
987483
2137561
208663
710886
379845
585512
421427
161974
389182
3066090
422683
135653
434810
870803
1324114
2075301
420899
2150881
311062
1339264
712713
1516532
2691254
1922707
707708
2691695
2690573
882588
872946
2628039
2682213
193216
882687
1575829
311100
311106
883511
311124
311126
1556658
732662
311129
311130
311135
807561
311137
723597
311143
1989458
235684
311145
1622010
2068292
1906108
1407823
2315511
311158
29629
29630
1627740
738801
311168
722398
392751
1624838
1176978
311174
672169
311175
311176
2159983
1166951
311178
2080482
311179
882901
311191
29631
1644883
1165626
1169630
1166488
2701177
1164567
1164568
1597194
381419
380143
386020
475619
382065
180135
380445
383497
380033
475617
475633
721191
3131306
714329
791502
715587
770237
776816
724769
2391656
2683243
3382510
1315977
627178
1684389
2692371
626937
627403
1163548
1677255
627193
12076
420159
3575769
265135
420160
12085
374352
12058
311270
311275
626966
716179
626926
722302
782880
791368
722592
623832
13010
787414
786243
781125
791330
713018
1013044
2362119
2237265
721121
445741
2644021
714018
2520771
717109
3026133
3257512
722207
710366
739179
2672553
756281
720613
779651
1230992
1232563
782580
782581
778732
3898083
713359
1183378
720614
773038
714330
1232904
444886
444890
444892
444893
736079
1684038
444887
521157
771467
1297236
709908
13992
861659
13988
13990
636518
13989
529210
446024
390920
13991
636509
882866
312774
769856
1243818
773852
715663
1298043
785452
781269
99816
99819
99827
1246801
4987
381682
235620
834237
3249836
2924681
438161
497540
167605
261228
4988
312800
1328209
588736
1195359
1648543
975203
3144219
196943
2274492
1678814
496945
703591
1751978
196671
2911257
1749252
1194929
1049628
589728
2176702
423006
1739382
1729151
589248
2209393
752877
1783660
588084
588415
588653
3017797
1959867
279764
1755557
589599
1210626
285494
587806
588314
2041459
784278
710217
779356
1600347
1320605
728971
312812
6209
56376
56366
380186
56363
2155518
776819
1279198
729027
770238
1237040
1640756
2644077
1237895
2644083
1231760
719752
771191
781834
786245
530670
1139970
771192
775101
791055
684810
312843
519104
44525
44522
44520
179022
701186
44492
44483
44480
44472
44471
192123
836546
44448
220731
44541
44455
164258
164260
43088
43082
43069
14123
1060994
181395
3233262
36642
14118
3636001
143214
43044
143213
190407
14115
164284
43020
235033
43012
656264
2671917
43004
43003
42993
42992
164294
36641
188628
42965
42959
42953
42950
155814
42948
42941
577406
14093
429657
164312
42933
181379
164313
42932
14092
181205
42927
14097
14125
1329406
454361
42926
164316
181202
42922
42921
582966
955476
573352
417718
3075668
520274
235031
14120
161326
1929447
177667
181196
177847
524996
181195
520277
164324
181375
42916
42914
177758
177757
1346134
42912
217474
42910
4114870
525013
657112
42900
42895
181181
264539
265252
188615
454354
181180
164337
380277
177665
42890
14098
164342
181177
377060
181176
407193
42885
14095
217460
14107
14104
14105
177734
42882
42880
217470
181173
264068
177627
181357
164350
42875
930519
42874
636826
1054170
164351
177626
505801
1045293
952302
179525
14091
429937
520452
42862
14090
177625
407186
181409
14108
132925
181408
177624
216968
42848
14124
181349
14119
177623
1333564
42840
235026
42838
14129
14089
432211
177897
14122
42835
181341
691837
181339
42831
1329400
14101
14087
14102
407200
164378
42822
42820
449068
181335
164381
161328
181327
43106
14099
217472
179894
181323
635223
14088
571159
181401
164392
43100
43098
837897
43095
43093
872517
3297521
177692
1806336
43013
43006
2574111
164401
37375
786797
1684252
777434
771193
1684253
2672557
778736
776821
765120
787180
778993
916413
195258
966141
2137571
559130
559138
559142
789756
2041016
2042924
768640
710219
1166407
1120437
1664870
1090055
775347
1165660
732996
1551540
776825
787111
38924
38920
5625
5627
413988
312951
38915
312955
312956
719753
991479
312970
1090083
1453639
709472
550231
2679175
12491
1068254
633790
372536
39533
12487
633787
838484
12489
12488
12486
427008
553856
427175
694521
12484
449108
2034409
39531
39530
39529
372534
12499
265269
555662
12495
633786
12492
451173
1698877
312984
372532
12500
555239
556724
12481
372531
12485
12483
372784
551268
633817
312987
279909
39528
712145
312989
712146
3667062
779270
2644140
708801
402574
776827
776828
769858
449126
205461
205465
205504
167089
158591
193306
205468
1021635
205469
380242
387087
95266
506632
390253
377165
95267
205470
1201505
205471
673188
205473
383429
538817
95269
205474
1325751
369681
252986
1320045
265363
205485
929466
158596
1325754
547390
1325755
452682
189616
2429880
1325756
976112
1332866
189617
985267
13870
211034
373043
973236
167092
2861051
425040
803013
189618
538816
1698021
189619
205491
582307
1878806
520962
189620
2443586
1343076
158598
158599
545092
1994934
158602
2584379
205493
1453568
426291
2732426
205497
1655657
205476
509017
211031
784280
445978
732997
789329
1217827
1182286
6611
3620741
6610
2736106
226529
226525
313004
226527
162972
1185584
6614
520786
695757
210219
785457
711466
785458
209179
7
781285
776830
778739
776831
715664
1291338
783687
810688
1401360
430850
313110
313111
881868
590311
1675537
769860
1327935
2644176
313140
689773
1204589
8974
985241
1801521
521215
3576568
313147
13770
1143974
313170
259937
1635468
1645293
1531669
2175214
1647086
683729
2352322
784530
779678
771902
2364737
789639
261382
261389
241326
241315
261383
261384
241319
261385
210989
241320
695538
261386
241322
218780
435170
261390
261391
210991
784282
784532
776834
776835
784533
776836
710031
30270
163091
241282
1775728
215901
219711
261012
261022
221191
220954
95893
226577
782338
1592162
1167412
475758
475757
512472
2106362
542399
475755
2021349
1666158
706612
1166294
475753
542409
2075477
2726183
475751
542404
578603
506639
377127
475744
1148491
3447364
761390
542400
445827
1425121
714033
542411
388232
1334211
542405
209091
577079
373114
209092
974590
684626
1321414
384818
445489
475759
199173
1607
788189
870857
1709367
1612
435697
158803
158799
1342871
538585
1685247
21531
974835
4349
4346
1017361
220424
4348
538583
452665
2504637
986192
803026
421566
446865
4352
219827
129799
129798
129795
723723
129794
783689
129792
129791
211613
194884
129788
281107
129787
211604
129784
716999
258843
653702
258841
655030
21328
941372
258850
526618
258846
193237
724770
714334
784483
1273194
774909
773721
779681
790685
710814
381452
379961
238597
17704
197190
707581
710468
574828
381665
9290
577096
813311
1180755
642685
708577
789641
776842
710033
787943
768654
769861
710035
781988
773280
1342226
1111476
772034
475438
475443
707460
377258
542191
707461
384328
475440
542188
475441
803031
475444
475447
1167995
435568
475449
475450
1166819
475454
707236
717000
724606
790142
1294528
1255448
1257885
775348
781130
708579
781131
778742
260163
517597
8308
208361
1517704
420132
8309
709473
717231
1665813
710037
377006
779446
716592
777435
1166143
416115
1042182
100784
313482
313483
283142
130469
130486
1611809
282409
130491
882558
281307
575109
1130431
282621
130495
436911
313504
313506
3667443
130497
283140
282619
313512
313513
130500
313515
130501
313521
313527
705574
130504
313530
130506
130507
130508
538366
130509
197536
130511
313531
313532
470981
882704
130512
313534
183364
283621
130513
1110887
130515
313538
130516
130517
130518
282664
130519
313545
130520
130521
283062
1087421
313551
313552
702576
130456
313554
130457
313558
130460
281303
130461
130462
130464
470920
130465
313568
313575
130467
130470
701822
313594
313597
705179
130475
130476
198682
704614
198953
313607
130480
283988
130481
285828
448627
130483
313627
883824
313629
705768
199247
1143979
2324
282189
283407
313653
193953
282166
193954
193955
282277
193956
313666
1260211
735376
1657467
717630
791428
446306
403114
446303
713367
13633
1166610
779686
781286
779687
785460
710223
776845
789061
789062
791186
774333
716127
4083751
257135
1325130
12837
1636632
810913
257115
257114
257112
257108
2045144
313748
257101
257100
313759
257098
544811
12841
722157
782958
485709
187372
3543696
185646
1659446
1107922
1095406
1570395
1772229
1088890
1765025
412778
3661509
463814
1117117
1985381
3707945
1273382
1285286
466208
377133
466213
785461
545631
717631
709910
1164569
1515987
852972
1037561
2049
1213888
805928
803034
1074472
986946
636078
1067256
2055
931585
2061
841398
866614
2054
2059
643541
313838
1516047
866945
623219
559527
867114
866060
2678309
2678302
805924
2046
866751
805926
837228
865997
977811
536988
236432
313873
220663
241054
130783
219560
130782
313900
130781
130780
130778
313908
220334
313909
313915
385569
219559
697054
215891
696056
1678949
1264669
1678950
710709
1678952
1678953
523174
713181
2014611
1205893
2155865
666546
42033
42028
42031
626995
781133
598530
769863
737631
789814
3166610
789815
770617
727243
788802
787719
783046
777242
1258962
1316908
1291958
768661
709977
18157
18153
2028849
18145
98015
659639
98018
625849
98022
18128
3759252
98026
18123
98029
18124
98041
98047
807473
98051
18143
586386
18159
98065
21028
98068
18125
995217
4071989
98077
98080
992565
98081
38297
18148
18132
1917985
3381122
98091
18126
98094
872051
120170
98106
1178342
845851
18136
18155
717454
781717
768664
726638
726639
769865
684519
1234053
136985
214231
559143
377742
510062
807582
128833
214232
128834
713500
1287473
314168
778094
795137
14861
221963
14862
197895
517093
376915
380504
1966035
1698540
1008673
259619
380512
727388
516779
389017
1087439
259621
3576745
380499
1343599
380497
947229
380496
380513
789529
1218591
8486
21458
183281
132902
183353
31630
773556
776848
314284
1587028
126951
720500
256101
731625
284198
720501
774334
786621
779271
2843141
280422
40180
4339
208575
4336
495050
2691460
522641
4337
721624
416452
416447
238247
220963
314382
220674
257252
492697
257251
161296
314383
697941
5561
314386
1085055
5560
238243
220781
704889
478022
238254
710039
726845
717455
1220713
1261282
730012
768666
726555
710469
714336
95818
887372
774491
314414
314418
677189
139517
784291
732427
789817
376879
1166458
1164832
713374
677213
143945
203490
416065
239517
314470
1133893
163416
1619682
44995
44996
2644384
1701617
2593424
3530011
2344250
1694722
3224
3221
2678027
211949
194086
162597
3231
835081
197795
3229
2678033
130016
1251643
1234080
791401
191049
790280
715668
777436
314664
471490
314669
637418
4797
314674
487224
314678
487158
674091
719368
6430
135392
420145
6438
314693
6435
135403
6444
225505
1050267
2736136
886255
6445
2736138
135400
135396
781149
711387
857343
92500
1324447
225368
858517
558780
1210861
992856
1324448
188969
92497
189113
30614
167119
188997
370073
194322
289955
431995
456712
314752
651170
1374650
30620
370631
198993
280957
803042
804343
30619
374024
873006
1058786
265479
92509
963553
915993
642832
92506
1457103
872579
188817
1458657
1066196
211058
2137617
2137618
552834
3717833
2736148
1467235
193054
633229
92508
1221191
844972
95907
286866
314778
314779
197836
314782
771793
314785
314790
212620
709293
770998
592323
448655
314825
314826
314831
599426
3424
314839
39758
183230
426161
773559
728167
158119
158118
158117
377273
158116
1337020
776853
158115
731841
722879
2644453
711611
447022
718128
158113
447018
777875
447017
713623
2720066
717398
158099
2715068
158096
2168509
158095
158093
746885
158121
218358
314929
194954
314932
516323
713137
682598
314934
314938
314940
314944
314950
314958
314960
314964
314965
440354
392575
1589675
314980
314981
128514
128513
128512
723341
786254
720703
1243478
768676
787720
440487
17958
1066793
17965
289135
17962
17969
17975
17955
17957
17971
17974
730046
787951
787952
776855
18051
18050
783695
220945
1112945
1116097
417064
412160
417051
1629827
724126
543713
825844
1748508
754164
1748375
749630
1101847
543707
758406
417083
749880
763191
723047
825819
1551511
133976
429125
254350
412119
933084
933077
661301
133974
690454
690480
254345
932987
656892
254342
412129
133973
242127
221072
220773
417101
4468
412159
477208
483407
412179
543597
412118
412173
242101
933029
479655
794388
579305
933021
133970
220594
412181
412193
690445
412197
133967
133966
30566
2020494
412065
133965
543609
242047
242046
1487846
412125
477037
242037
254286
242033
479632
242032
133975
477295
242151
412066
242123
3393358
477075
133968
412157
133964
786255
776857
717456
783697
714521
784612
740265
379974
789821
787954
735075
1281030
1337047
1289026
1269383
1238176
1179608
769866
790149
778519
402360
402362
402363
1654413
209204
996133
209205
521856
560174
1524066
1169643
1572399
1599970
1390289
1566625
1588433
708175
1273877
1255383
774911
710043
716403
2413123
1321254
2441948
1331552
1271753
783049
720693
708412
779740
782883
714523
3840381
714524
783050
712150
786425
788708
744831
718356
719265
1645594
1233693
839933
1004923
800263
472526
588229
246523
566902
472536
510610
699803
383115
1315552
1685305
162033
800542
30029
209107
452895
472522
1075692
139652
246081
637518
423359
539774
312622
372934
1437542
1336396
981304
575690
449962
1685755
128934
312627
472535
208709
2579938
424046
654303
426673
373991
539779
1042704
1002753
245597
373213
977900
434987
1366140
696176
521709
374190
981302
677155
239003
2759744
245840
408975
472556
1513900
1298386
996573
55855
55854
246393
224130
1193236
2063437
813289
1359385
210861
514012
312653
942099
3609235
198352
968933
128928
657048
539783
377822
238994
1436485
589028
408972
1770047
392076
245887
312666
210867
657774
238996
3086431
727122
730604
1251504
380873
415302
380927
408917
511254
220729
380891
380957
415300
240924
221132
473091
1168583
4770
618526
695424
463391
2346723
3998545
2353808
2359760
3049090
694467
694464
3770967
694462
1266695
1236643
381843
377320
381449
379942
382991
725984
235497
695535
1336812
786799
729417
779358
788582
312676
246272
599131
1999164
472842
841546
30867
637706
807433
599128
576001
635443
1053
1052
1051
523533
312682
312683
246490
312685
1473163
246526
514013
645639
312688
514976
501335
312689
599110
703811
447576
312696
312697
540056
1361831
881531
261608
540072
706321
881532
540055
658153
1061704
1050997
261610
512712
312703
1301773
1134695
472848
656392
312706
312708
245863
472852
570628
261619
261620
390764
312709
312710
661549
651530
472859
540040
1051018
312713
312714
312715
769403
775350
243025
718781
787418
1682000
729186
240112
13983
1266544
803053
789824
781153
2482816
4027468
3100284
402348
2644684
402349
2644690
402350
1269124
1259483
2353798
2570206
1278994
2644734
402351
402352
2368215
2644795
2644803
2344856
2644821
2590730
2365763
719526
768680
725844
3034021
770429
788143
787420
1300192
791189
3825610
744164
161426
161423
1556914
1673204
1599494
1557090
1294913
495141
1504829
1440550
1347381
1168213
1586798
1630696
1363451
1600699
1439881
1418342
1094828
1611756
1404540
975463
1239014
1597799
3616699
1940516
1170514
1600202
1633013
1633946
768684
770784
402906
769404
769405
769406
2520
2523
2521
773725
777439
777438
768685
788894
724914
735029
2644977
1694731
3869652
158812
729331
1923935
193399
704780
2213610
2570157
3007370
445351
2405231
703642
1233505
158811
158810
697704
445637
193400
1225938
2075613
1602393
281209
2198082
193414
193398
211415
193403
702595
2188128
1337887
698007
753986
158814
703467
1938956
2393611
445448
735177
713375
789222
768686
773727
773044
769871
782718
783701
784296
774913
156620
155992
654655
156144
160214
421257
418572
437194
156132
156141
96265
155994
3342678
136199
2355672
779272
709275
783702
789330
784534
716405
1233578
1294263
715051
714527
716407
714528
696921
409960
537297
1198875
1155717
469570
1324443
1003531
839250
521964
372868
375531
423595
948660
393256
429597
2944889
375532
254261
1729816
3754031
2098861
1170843
786628
1693318
801399
1694736
787422
2736158
2137622
1403674
627604
803060
211770
436090
429697
845735
2137625
1460031
2581176
956
2137626
2573387
632225
255728
2152219
2137627
960
627603
2910365
255724
2677404
2177243
436094
438059
1333677
1057881
2806748
961
2736163
315466
211767
2677403
2018331
2677397
1211398
955
963
1388008
2907462
1451123
452941
255713
958
1168050
1187746
962
1216648
198707
255731
284034
1388959
627599
1169314
2137638
287333
242878
445508
1245969
377212
402930
218648
235233
376985
445834
445661
775352
377360
781156
728636
218646
2342783
715589
776868
267795
710048
1170541
1170543
1170544
771470
771194
785479
2045470
714554
260492
719369
711519
785898
711105
720696
1200441
315488
315490
887261
315493
714555
167746
315496
315497
778521
710290
315499
718357
315501
167747
953533
1072860
315516
315519
315527
315529
777695
196343
315540
1269987
1297788
1242878
770242
778525
197717
287247
497515
197182
497220
719529
286658
497573
1265497
1650211
2722430
1258711
1231319
1643229
791057
284853
1283666
2645134
776870
784535
768690
783704
1669175
1610980
1279374
1170923
787679
1599782
1170247
1289261
1289145
1669162
1583913
1620933
1231924
785481
785482
461830
461855
461867
1166821
461886
1166904
461891
707389
1170003
461920
461925
445300
461936
1170005
531121
461957
461970
461972
531126
461980
531069
461988
461994
461835
580244
461872
768691
1708535
1328560
637871
284439
521402
403246
769408
768693
715052
177886
45191
626827
45183
177748
18331
776871
710471
257532
1248813
1693101
930640
47967
415718
373025
1334217
1407466
520837
468798
536689
1360401
241991
536698
1334213
1334214
1127206
784309
403537
789067
381213
1678764
381179
3087874
720697
506509
381182
618620
515404
402822
133764
6758
403745
133780
133782
6766
133769
133772
789069
782719
789070
769410
769411
284237
258592
1454153
3567
2440925
370843
188922
1321422
94053
390426
167199
432172
1057882
3563
2676194
280881
2137649
864566
203792
315801
100060
1479097
2676193
803067
2083374
645855
1331437
265202
623383
529434
2676185
371390
529433
803069
1231388
1137645
702717
434766
2339
1771828
128586
128592
128580
128595
716182
128607
128585
315845
128588
128577
128589
128578
315854
768695
128598
128599
128600
128603
210574
732669
730047
2645183
522859
372139
1765597
1766407
1640998
1601221
1588214
787116
714591
774335
791192
1583316
708693
204371
2506498
713286
2428538
714529
2428545
129690
1265556
138455
138454
129689
129688
784615
787424
769412
784310
730048
789331
2346697
778487
712155
773045
770622
768697
715863
771909
1265041
718036
733747
734191
790281
757473
777440
2060101
2153361
1248343
728235
711107
1288750
1178516
2645208
1174173
1243810
1258868
1291966
1257301
768698
1244622
771757
1245736
768700
1181862
1233135
1237836
1235383
2645229
1246983
774939
768701
776876
776877
714593
790690
775354
769877
92419
254876
217148
193037
217151
554405
282783
548137
195011
798187
496977
2506065
92417
557074
128572
284946
496915
288404
1180773
556854
282623
501754
92420
1325397
555646
282646
17617
553758
427161
557454
281254
468639
497565
965033
281505
284518
282873
282173
2680368
285470
283991
217147
2137655
596306
284515
553662
280038
1180840
217149
501440
92405
661943
217150
289644
166790
17622
193792
863674
2190718
498267
92407
553020
166791
290547
217152
17614
289372
283099
468648
195450
285340
555001
128570
281081
282681
282411
17613
426275
92413
195641
92414
790692
718236
768703
708126
768704
723690
784313
769878
790282
733003
769879
712187
769880
784315
2363157
742941
709911
790283
784316
713140
715981
3177
315922
3176
1330421
235430
315929
784318
21749
21748
315938
3179
262368
315943
3178
21747
737334
262377
21752
21751
21746
3336216
886270
315979
805621
315981
315983
315989
315990
2645259
995027
315993
315997
130646
437196
262894
2402355
2137658
727004
789071
711153
262892
779834
381721
789072
777247
758878
714531
255152
887461
316037
316038
316041
316042
316050
316051
157568
6039
137639
137638
449109
316064
791098
716409
791099
741414
774336
790284
779359
778547
778492
778548
505196
505381
1012670
165304
165306
165308
227969
666760
165312
227973
156030
1277659
508570
714534
3911779
730910
788585
714596
2503827
235890
413990
377009
374112
376990
241596
188084
660966
413999
41298
1805362
695211
220566
41271
130364
466503
220565
316111
41366
316118
549488
1326987
714652
711617
1012846
768706
1229011
2377100
1290328
1235631
768707
1210930
708584
260323
708585
316158
260322
1458737
1324306
235495
260318
260317
617814
885167
225342
719083
915462
1609971
712164
377229
260326
263302
1230800
717378
715827
771472
1301432
1269551
1267759
225921
2446451
598112
205608
205616
55921
1478699
205613
386860
129138
205610
976779
976742
1275860
1210149
434516
1095651
263273
778549
708586
785487
784616
548675
1407972
1343249
548676
1407973
2137670
242488
3251852
1028203
1599811
316265
316267
255874
513328
42443
263832
457267
200127
451315
432086
406263
519693
263642
200125
381609
661431
549448
42438
200123
549440
520232
549439
42436
1761019
449756
372606
36122
549437
844728
549436
200199
636638
618118
423498
200120
423862
222614
163462
36118
549422
963925
263398
572714
567107
626876
590852
626877
42429
457264
200118
4538502
625127
200198
3024525
178034
1414814
527160
200115
406317
199953
547346
504529
379778
427047
982347
549410
222613
549408
1098776
549406
519787
427179
449794
449435
3237522
16437
646261
549400
1325452
200110
200109
429595
221117
690431
42421
2923843
3754044
690432
3754045
495644
547343
200100
316365
982350
449436
549381
549378
662097
264235
263849
653363
632813
36108
222610
1407992
1216657
36107
379655
2576879
385605
570431
1679954
379489
200093
573034
519780
1755155
264354
583258
1163968
406315
222609
493158
492830
439708
200090
1685818
200089
1997294
264438
527154
263922
937068
429425
2001796
163467
636895
449437
547340
1494003
200086
200084
42402
16431
263837
200192
418200
200083
633211
664437
200191
180039
429578
1070334
549340
549339
264000
2137682
200079
547338
1525423
1712055
549333
1751735
42397
431924
372558
36097
811957
576463
982358
457240
263898
1366927
1188638
521729
426268
519772
638559
519792
549320
527152
852975
570737
1330677
180357
42395
430389
811411
200069
1325428
1723088
547333
439719
934403
42391
495629
1712343
2137685
200189
42387
2931853
200066
237100
381610
684598
1332764
36092
684790
520499
42388
645309
632819
1204855
495623
519783
42386
42385
429594
1075547
1747622
655979
200063
527203
547331
647812
263568
1072045
449439
519757
406341
842482
29697
2570580
430150
424594
955920
807244
29701
29696
29699
1708070
547326
640108
549257
200187
495617
618120
547325
42376
42375
42372
1163970
457227
1743659
42371
549246
3772132
457221
857217
847866
1685819
42367
519692
36078
264314
2920902
457215
547322
1741306
406346
42364
180355
200049
42363
1069285
1332760
547321
982319
549235
36076
527205
549232
549229
1325422
430423
387780
406329
42360
42357
626880
576549
200042
263831
222604
457207
549219
549216
449440
427006
42354
519707
42351
973318
519799
565385
1075671
406277
1451231
1325419
1325416
200036
519726
626882
549204
803090
457202
527181
42346
432123
2502068
639403
549194
3382365
2137696
316375
200027
42344
449441
200025
265347
1735367
2137697
457199
16429
2946282
200022
495599
263789
549181
549180
519748
200020
42339
495594
549173
803091
549171
547310
16451
863722
547309
549168
200017
457194
263660
36065
42334
495590
42333
421062
200015
549158
549154
549151
549150
16457
200013
42327
547307
549131
1333372
519740
519571
429319
199948
42325
177648
549125
1176339
36060
200008
392364
179765
39667
919063
495582
389041
527216
1075770
1325485
629374
1687323
546242
519733
389343
406271
431935
915814
527201
457174
200001
853703
406335
200000
828129
199999
264089
549097
857483
549093
42312
963640
42311
1792034
42310
549084
549081
684779
935238
960384
982337
549076
406322
36047
527217
42301
199995
406272
549070
519758
16460
963306
492826
420086
42300
495574
2943749
520498
263790
199992
199991
419660
2925570
16433
495572
36043
549062
854113
547301
519705
406359
2137706
858022
36042
520493
1325477
2430708
1066301
163480
618646
495563
549054
406267
1355106
549049
915551
377096
549041
199978
549039
2498613
1520744
549038
199977
549035
956400
803096
1475205
381611
549033
199974
836596
16432
1804178
180352
495558
939149
42288
199972
549024
581985
406288
549022
549021
549020
155791
1996097
502478
381612
549019
549017
457162
16466
1772413
970337
406325
200179
549015
199967
549013
636640
200177
803097
2927220
264158
647600
549004
549001
2921976
548999
36133
549475
495662
3754093
807250
406269
16461
527174
2951150
570805
2662788
199956
426140
579559
1748414
574053
812041
449282
841509
1331456
803098
519737
549250
374203
2921339
381613
519727
237091
457211
2925582
2098868
495602
42340
16440
3381480
222600
1687724
228262
1325411
944581
200141
2925586
42302
966048
649153
953109
1380036
42295
982354
163486
549153
488792
264175
549124
280307
577426
495569
180349
158270
1600307
1648370
95652
158254
158252
1357948
316420
136723
136722
31034
55
136719
782590
776888
713554
1227379
458317
458310
528046
458312
458313
702871
704832
1170349
1600436
1647445
769881
713636
1166064
1152577
2645334
1170924
1138001
1165679
128401
128392
128393
128395
128398
697189
719370
316472
137064
17826
316476
3677127
316479
1175345
1294840
1285294
268105
452116
1223296
783710
718585
1600820
1674436
720174
717399
777696
786267
709279
718200
777460
599427
1255511
782886
719530
377078
2418223
742008
1570972
1248420
716015
727125
778996
1270639
2575918
769882
254029
770786
778553
255652
255650
2645359
255640
1321831
316588
262999
316589
316595
316598
263003
263001
3665567
419794
316650
1599716
2060934
1585299
2071077
689517
1179234
1589434
1638865
1600380
976715
785488
262314
1912622
1540572
2886209
956594
262315
416509
241831
416510
770433
771911
721694
710293
776890
776891
710651
1296895
788895
3153515
789075
3313946
1712559
1705979
785489
3153502
1235303
263284
2181967
376986
2645377
790696
788145
1686421
316656
316665
316672
316673
788710
711953
781291
500039
500038
1238049
714597
252741
2373683
3434830
791595
730605
717716
1630842
1263857
769884
768715
773562
726644
779839
1636877
1270887
708604
789077
1272442
770787
732933
1571282
1229141
1658153
1657282
727126
779273
1277107
786271
222070
1247553
770247
1226093
1243337
774224
781292
737725
773747
1258234
710297
735976
785493
779360
31876
31877
264474
12457
1472862
43420
31899
12456
12455
31882
31883
31884
178148
43449
43687
776908
776909
723354
710052
785495
708024
1243466
377293
725008
708025
1272503
710053
741133
741924
709160
1260045
1251541
2369909
1205078
1270672
1197788
445745
741925
710054
1281375
1206501
1214609
2972742
1276746
778099
781721
1393219
31844
669151
738666
709482
776913
776914
787119
768716
735180
724265
138264
516310
39827
378175
1291353
39829
440931
669075
374493
138269
257459
377996
257452
257453
129308
316740
1437791
316743
316745
129310
316747
257458
464363
1709118
833865
706426
257451
1600204
784324
259525
195228
259527
259526
316800
284166
2582937
13350
375978
40779
223140
40781
44588
280446
40741
228273
375981
40744
13352
40747
13351
3897831
375982
167260
40756
543994
785497
413448
539113
471749
405513
413451
648654
1172631
930360
520186
3075380
1174530
213801
30312
155836
139212
30311
520179
213762
213763
198187
213766
30306
180524
694385
776916
803103
708822
550973
136800
1072427
205177
431958
1072428
1064454
522639
457972
30600
1802206
196481
554596
623397
193390
1017289
785499
787120
720141
1599600
1325939
710300
774916
2074166
1206396
2054804
437187
2645499
3257175
1879297
2691041
2645504
1076269
5533
5529
5530
2736233
867089
438227
846973
438228
812353
143146
143147
167384
167385
191061
260368
438229
497063
1068080
5532
813056
1021352
732053
2137727
776922
1252587
791639
731843
1253604
776925
711630
1272617
774942
1264137
1225670
709912
733376
720503
778554
712168
555956
3895
3906
3899
3915
3892
287080
3941
555154
218134
93189
3901
93188
1067655
2965563
221281
221280
375357
3898
3924
1074825
522667
3902
3922
553250
3908
3896
3897
3900
3925
3930
218335
189126
496858
3914
886465
445809
262142
21734
262136
198820
198826
137543
404116
190775
695661
702282
190773
137542
190782
389291
412790
190770
1675066
197253
374860
970883
571947
412784
1359536
137537
779894
783716
403329
403330
1136
317096
317099
261578
464031
194429
1183162
464034
464032
317118
218801
2915494
1327913
750377
1481573
434877
17518
780058
781176
788807
717748
777698
782007
782008
776931
721012
713186
776932
585033
14346
2676654
14345
14349
94072
94065
860729
218095
783061
1273465
771476
725847
779899
779900
2074637
711469
724786
717739
2039533
709978
402567
783718
2594
92443
2593
789223
776934
791406
1327981
782340
790286
774945
717402
782600
1327986
317171
242301
245667
4435
97810
259211
418429
534752
385762
993786
138828
317185
317187
242305
713527
227251
197787
1064924
719655
1146800
709282
2067734
1300041
1620738
1683798
776936
1094689
714661
2066696
779904
790151
769888
720403
776937
711632
771008
722160
372766
950962
2811930
11865
1354594
317206
697515
21054
317211
3902107
928613
558415
2675352
3241519
2137735
21058
11875
552826
11869
11868
551024
576751
2675349
11872
459903
790326
791642
1165402
994858
724641
774499
804683
804685
1682039
784328
770624
715816
1165403
715817
720725
717031
787963
1167685
1167686
1165993
1167286
787964
707938
776939
787124
402904
402905
1784170
1592575
779962
1547711
2181463
774716
1318195
508630
1318113
508698
1701264
770625
1243188
1238162
1273050
1221666
1233330
1287408
723692
720833
785505
1268691
768720
1253486
785506
1226193
787125
208470
776940
774500
130840
384681
421545
386361
382154
389628
384685
384735
515846
682812
389639
384731
386369
386370
386524
506582
432747
383785
1238674
386363
383786
384821
384691
390450
508472
770627
710057
778101
1245367
710072
790153
1282131
1206411
718673
803116
713288
1206050
623875
1205871
744984
713144
1563220
1599615
1206136
284346
1206324
744452
782889
710074
714600
770629
1229794
1263931
1188886
1174760
445330
1077086
1198349
1691107
1174779
288140
402334
283836
2645677
1206095
1206188
1188933
1205998
1277595
1266509
1206089
1179694
2532648
1264419
1188935
1248128
1098867
14305
725346
1174934
723346
721032
286543
13100
13101
13097
2501066
257480
257484
221078
317267
317271
238307
210985
376943
238312
215783
257482
848936
238317
257485
456210
238319
631744
456219
456221
21316
426681
426100
21312
206558
1971181
522129
206560
2677954
206556
206555
381517
13516
566044
13501
372473
280016
436358
13508
13495
619427
619302
619301
431950
13500
2736250
279961
436357
13506
1058069
431952
206529
619418
206528
619395
13502
13509
2736252
206523
279982
619324
13507
13513
381518
21310
206606
2813186
436359
13499
619410
381520
619321
1452045
21309
65665
13496
458687
3721845
381521
280375
206588
13497
1698500
3896091
21319
13515
206577
195179
129989
782310
789825
768724
1599449
129415
96653
96651
193948
317363
317364
129407
263139
197899
282376
96649
1164639
129406
129418
129969
393437
129974
393438
129973
393439
393440
393441
1629584
1600508
1537845
1548747
1598905
1579217
1598688
731465
38906
257239
257247
257249
716129
1279989
716130
2148867
435488
211177
14716
784619
776943
127488
133707
133708
651448
92397
188963
92393
952488
127495
136516
549904
42078
3224403
127500
133701
128530
773300
1225768
1166613
1167373
1170133
1452127
1169416
261041
771913
281520
952321
434758
702758
257714
833556
509575
387490
585667
389781
385549
422495
1012379
429658
560973
421634
420918
382649
812173
2810326
1805116
833749
567224
507397
385374
238881
411857
513881
257712
391181
383653
541359
940592
385132
511149
377653
716017
781178
778104
715674
726459
778570
713765
718784
714665
128232
1267779
1213041
716221
198108
198439
783720
598673
284292
635846
789644
788589
768727
769414
725641
786281
780009
719517
715590
727863
8950
779275
315248
744252
887750
783721
315282
718590
315290
315294
315314
1209730
1570405
1178503
774226
1229863
733702
129484
587793
587795
211382
587885
587799
129483
588321
211385
757396
587785
235693
1802996
1802998
256760
715101
1617209
1601302
1537753
708971
719736
768730
786427
782010
1546924
785514
1581842
708181
779276
1642826
773859
720404
1642768
1248289
1167689
1585330
1170430
281557
1167288
466168
1578299
776948
788742
720144
716412
542810
542804
445596
476219
1147433
542809
773976
476225
15645
15643
15651
811488
2428504
15636
810994
15688
439112
15669
1679434
804215
15656
801174
15690
15630
2428673
3579876
439103
3075901
15782
993066
15849
439095
15779
15800
811900
15865
778576
773860
774502
790157
715635
456045
1164853
526290
456044
456046
456051
526291
526287
1302017
456032
456035
1164858
456036
526292
456037
707569
1265550
1277846
1226575
768734
776953
162097
791553
1027452
473251
447007
1318122
447006
703035
540481
473269
128632
128631
473264
128630
540471
128629
257168
265074
257167
540469
718886
714677
775362
711638
782722
776954
773750
731249
711639
724412
786284
776955
1778271
1623534
2082783
1277320
1536038
1776404
2447052
733437
783726
1775769
780012
1775259
1943907
1774868
1774133
786832
782342
522335
1796601
978327
978328
403041
776957
714678
1271022
1186510
768737
1168256
2910386
730610
594734
1262034
790161
714679
2645874
778999
1224021
12874
771482
1248656
1475245
460098
460131
850871
460190
585657
460196
740625
1956855
995335
460049
2139954
96001
460050
529565
460053
96005
460057
96006
529682
651719
529632
460060
1019969
798206
529655
242815
2196433
460062
96008
585634
568423
766782
579739
376802
460081
235710
460085
1444308
460089
460090
460092
460093
570660
460115
1062037
96013
377230
529646
585651
1169274
460151
460154
2291746
166781
446956
529612
585654
96015
96016
565749
834845
460163
529642
718203
529665
529664
460174
460176
460180
460182
786632
403561
403562
1233339
1290457
1249015
1266403
1223908
1247085
1271832
1183602
1277523
1263143
1288416
789335
2799
712909
739773
317885
785775
6863
1443367
372326
235666
1453929
65634
438670
1068483
2736273
1453932
65635
545513
317963
56890
452973
730611
1231598
1245043
720752
2081518
1185491
791371
2043830
2043831
728176
786428
1544148
236225
778579
782405
1609332
236229
1185494
789646
790288
1130106
196179
191356
317998
129261
318039
318053
1113425
318181
1506255
318182
31679
753505
318183
318185
318186
318188
288049
446314
318192
129257
438181
97053
318201
318202
129262
31683
523179
465318
987250
632563
916591
632564
3025899
3123324
1185436
2645928
1675602
2645929
2645933
632565
2645941
783727
1541583
674177
2461711
1669104
786633
787432
787433
775365
318235
318251
318258
318262
749119
711956
1228722
791645
786285
784692
718039
715774
2176776
137460
559180
8691
2431314
763105
758241
1154541
1117504
49728
49194
2854426
161398
161399
49225
50116
2109602
50064
486622
2018417
3462691
49953
826262
184164
64942
207705
389984
65231
49386
238093
2564634
50009
50010
207707
49402
405950
49140
41725
64844
389695
1043051
207708
572766
3609734
65190
49660
49674
406025
49161
49681
64901
64976
49671
49621
318314
41729
49629
49175
50162
467896
41730
49643
49177
12397
49721
64889
385710
861019
50189
65307
237974
207665
184135
50106
65222
50119
703051
237987
207728
135374
405980
406060
49725
1019581
49751
64921
50077
663457
49586
12405
12404
12403
2736292
135375
480854
65137
64997
49772
64980
50171
586852
49241
65377
141472
64856
50058
64919
135381
49258
49551
65221
49754
772079
567746
406059
49764
49770
49527
50148
41734
50020
65034
41735
207748
4071061
380462
41737
65083
41738
953511
207751
406070
514571
50062
41741
65193
65126
1654457
65329
238051
49490
49491
65304
12401
406121
65118
579053
49479
49486
49794
50052
50095
50096
49464
49327
65301
49333
547828
197025
49978
318335
424444
405966
49458
640309
49335
468123
49495
1697094
535873
12393
49451
49929
64983
49930
49352
49471
49960
1473495
3372115
184396
49370
41745
207764
49941
41748
618821
447964
425086
256919
256915
256913
440098
1302508
1254751
374187
256900
1803270
562323
447949
440073
618304
1049593
256893
256892
256891
997257
805134
256888
811137
256886
192320
972842
993742
257040
379812
1212131
3234039
811571
636661
3213526
257030
257025
448019
562235
448018
257021
976793
374097
2501563
871751
257011
1202421
257009
871752
257008
448010
3042776
257002
208710
2683946
1256449
3029789
2646004
917544
618813
3065804
618799
256990
433974
256989
433973
1194414
997306
993668
256982
256979
3306796
995199
433966
256972
618801
440132
256967
256964
256962
256960
562341
440114
3057685
1197776
3306817
805163
805161
3306816
1303018
256953
811692
618285
447978
256947
805158
440122
8206
803171
997280
562302
256930
2578756
256927
433946
974404
2636123
997164
3579778
2672607
1330257
997539
995201
3057995
586259
256895
2388693
1327659
973071
1203798
1098320
987902
587685
979155
227154
1742161
1741928
504718
1740119
3902230
1738591
3233564
3251762
2627240
2736308
729195
1504022
2736309
2581630
635554
789828
203381
1758921
2982329
1520597
2736313
1748408
2577338
3580038
1740383
228321
1767530
775366
735821
992591
774504
195134
474302
91396
856852
183152
391688
48
207499
133246
429630
960278
207503
56846
91395
195135
207505
436948
139396
378706
419296
716456
783728
787683
1686338
783729
3170108
1302786
769890
720836
2646070
710239
782407
2646074
771914
3801618
789829
789080
783062
3911141
713626
782013
711957
722408
776964
64681
561208
786636
776965
776966
776967
773304
782408
768742
781181
788677
776969
2549
2540
2539
2538
234365
36507
2550
2553
246350
36505
439880
993671
97540
36512
495755
1166545
711958
780018
776970
1167691
1164359
711989
1111497
1170237
768745
768746
212221
698166
803192
241694
212220
215538
241693
212219
241688
262051
241684
262050
262048
262047
456307
241677
262045
215537
262044
235273
241676
241674
262040
241668
414729
414726
414709
262035
262032
262031
376971
212222
262056
2646119
2672612
973637
3024903
16852
559144
719777
559147
559148
559149
260710
559155
1657675
807977
559158
2066079
2169145
1755464
1678755
95065
1261791
158398
2012205
863452
2077299
95057
2710524
803202
133939
252628
209145
598959
265346
429336
871516
1703236
973217
521902
987259
591453
423487
1685673
976122
1066341
694829
2740971
95050
279963
527965
1201902
694784
1738999
1321977
9430
2729191
9433
694819
374025
9432
588879
2636768
194637
95042
133926
589114
2174003
2043993
95040
95037
1211662
133924
30042
2057452
95035
95034
589088
1198336
1292980
1578870
133945
1779395
2027947
2646142
2141359
133942
1767605
975520
133934
285017
2389633
133933
1327228
195218
166966
1938972
382751
2064121
133930
2156721
133929
133932
1234598
2404060
788452
788678
776972
262085
241705
319215
220093
319223
167149
1279559
1242286
1231728
771013
787722
785523
319399
261742
319406
768751
775370
779008
790699
769894
787437
714684
786937
742119
783733
783735
732054
733024
260704
717404
1669865
690319
384254
384255
4724
166669
1049114
30539
690317
690314
4725
690322
95931
3018852
871520
2841570
707764
194258
690315
415956
460030
1136928
700231
1661270
701779
3943468
1113070
433121
1148169
320841
162036
162034
283525
321091
702357
188965
2429015
7720
557455
553249
521048
3581380
92807
7721
321215
495321
7725
530390
2733135
7710
2019866
371307
379257
30225
92800
420784
7723
7711
555161
265255
3339387
1068915
7708
2137778
818203
2736318
7718
21143
7706
197658
197659
371406
188763
7709
651739
1496401
7712
92803
189141
92804
553503
7707
2429140
2677894
7722
639185
7719
21145
7716
1333592
7717
1693586
2046542
2077808
224108
567877
580884
387837
998618
1534137
1010982
431861
510015
386177
129196
205693
848851
321607
641793
264707
129195
205643
934998
205662
384088
1135957
952821
838900
1065504
495226
803217
423745
205659
1325703
422235
952584
464051
205657
433124
205656
205689
1325869
981282
205654
941334
813733
39662
205652
488524
934152
985807
224990
1325863
532714
691255
871812
39663
390621
427106
88730
88732
205687
424392
80290
650867
930862
812185
433127
1673727
321617
205646
507365
129199
521380
205638
449195
433130
647840
317669
205647
98460
88728
1220016
317674
528788
459197
528791
991978
459192
317694
317701
317702
317708
317709
317718
317721
779451
719993
776976
788712
135275
1241438
1231734
1272249
776978
677273
677272
6058
6057
41229
705146
317782
317783
792607
775036
779009
134144
55827
134155
885830
55829
134134
55824
134135
129008
697490
710575
436148
436149
436154
776979
768753
775037
138430
201045
201041
413425
138358
418581
465748
180418
1332137
201113
201070
201031
138337
264118
138334
201027
138333
155816
155815
465723
489391
714692
433353
1328080
265021
6576
1591618
775040
6564
6579
433334
1456552
379215
6570
433327
433323
433320
433319
372295
726267
6561
6571
265020
6569
433308
6562
433307
679625
433305
2137791
433293
715676
742983
710346
433484
1168618
433275
381638
433276
433522
30337
433431
433268
433267
433266
433264
433261
379930
433252
433247
433244
433243
736798
265018
433233
433232
713707
430158
1067354
433219
388992
143120
379223
433205
763891
1168620
779626
1169572
1170018
1170431
715275
1224360
785742
773305
1168622
2534
773577
769416
714686
1268907
788901
445350
678528
402511
402512
402513
770251
791060
718205
768760
1276754
318282
1344662
762486
290985
3051629
775371
4292365
446167
94133
3578735
988177
3066261
287876
3255087
521547
2698818
586923
586922
318296
2098928
807521
448849
769419
776988
786939
774340
783063
402725
718595
786940
402723
776992
714693
1272764
47954
178846
504520
178502
1200958
382034
41880
380582
380590
775106
8828
8829
789832
318432
2066684
178804
165171
666637
8831
8836
805492
318445
318467
1184979
96522
318483
671646
137187
137186
318553
39792
39789
39787
449533
137190
3375261
1988520
232594
126726
126708
126699
126682
3413470
126669
126637
142310
126630
126613
187458
126780
126765
1713226
371919
1798683
241558
246182
786289
1337533
1279086
769897
1342237
1342239
724787
710277
708028
776996
779011
473943
776997
781202
781203
768766
776999
714694
753507
778607
1274181
2197677
720507
714695
775107
1258316
1682060
1272480
599465
709920
715684
726647
714696
783064
1682071
1682072
771762
785528
1295149
709922
1682075
733529
1682080
727850
56252
418137
128776
128775
205084
56244
56243
205095
56296
3556
650372
56282
1213977
1395916
128777
651209
508909
205086
205085
377685
197712
950856
550268
779012
1273271
731250
1232867
798893
779278
387826
464077
387411
318803
318811
777001
717407
790877
778501
497757
30334
30336
30335
1169575
1194989
1388258
288571
130038
138813
420877
206688
206689
96494
284592
3722155
1465810
945026
536486
507463
778608
778609
786941
710637
777005
779013
1126577
777006
1099653
1585887
1167694
770252
725630
769898
1299556
717784
786429
784336
541422
783736
1532725
2181726
1601491
788147
218688
788681
1981084
318872
498862
725848
260017
195606
1600051
218689
728687
1602573
160035
788682
1361665
3169841
318884
436856
286326
195886
260020
2155210
1452040
2165296
3388460
1561223
1544744
758111
318893
596363
3580221
1548458
2891133
318900
724245
3580235
1529702
599467
318906
160039
708332
1629092
749984
1544536
1551169
962942
623365
998119
1685403
2445869
777007
701490
915562
782961
3911163
3234454
1879340
3952777
712178
3440137
834090
2346982
2646443
2646448
3794583
4630543
2373443
2546048
284323
195382
2884
261873
261875
261869
318975
783737
976460
771199
716414
1530335
1746926
447357
2925591
2925592
16224
16222
873232
16225
280110
775373
2347672
1164965
1168376
1164968
195931
1164969
1290142
732540
777010
746234
1686514
782962
708449
785531
319077
789834
720838
1621519
30196
319292
1668055
1590087
1638164
1563860
1601126
1624880
726268
786943
768776
319332
319336
198067
257175
319357
319360
781322
784623
782017
713604
1270861
779015
710085
710086
1711958
767050
260535
260533
260532
260524
1694796
462700
319435
4696
4694
462694
319442
531616
319446
97834
97838
319452
575919
319458
319459
97844
319461
462699
97851
734538
97858
662297
97869
133959
218510
258871
288122
1261438
689599
1281498
1269329
258861
218509
1270493
282089
2520228
258876
258875
258873
2077958
258870
235663
283920
791598
782894
791103
725925
126279
287593
95693
95692
167606
126277
1170151
95690
194541
2137810
1069
698258
1078
530910
319681
884923
445384
790878
784339
1183410
726138
714702
498527
720508
319760
736936
499458
789085
768779
773582
773583
778123
769421
319797
738204
666297
280526
280589
1374497
225047
641655
803255
435341
1389555
570873
1444295
530463
409946
657487
461356
803256
956578
66115
1453470
1685854
265350
431699
208677
432130
522843
211088
420523
585943
2356710
208777
421826
3235074
4578
100595
625448
648475
555022
4573
319861
585182
209043
4577
943615
557198
4569
285261
1986519
720509
749780
736204
224964
784341
101514
2137814
319889
632258
2137815
631752
647629
242798
1285185
648571
562449
1408401
8586
1505020
805472
937539
504886
209191
1454112
1069508
448400
1454114
1454113
1067766
2059379
8592
943091
1069509
1012400
381528
255877
1256468
8585
1458231
1977458
1459109
586601
1497328
319903
1488711
631753
2137824
642516
722826
1067262
1459110
642947
1073478
2137825
8591
1330263
562346
3336569
255882
8595
944812
397523
319909
417863
632259
840885
8588
860860
777031
3233922
403447
3336574
994770
373500
562347
1376627
208612
1443034
1499557
225470
8584
437926
3572996
1458237
1299566
805469
1684179
255888
319917
2200213
2806284
417864
3581074
1459728
586605
448395
594235
2732553
1458246
319970
319978
319979
319982
319986
319988
319990
319993
17525
319999
789836
402395
791556
769900
771016
787561
214240
320008
136988
377744
136989
783741
741527
380666
5832
265187
158637
137493
158638
158640
137495
5831
435541
2463345
1145802
768780
1132128
1983718
1304706
721869
1286222
1929938
166889
886099
100569
320068
235409
166892
978970
437972
812286
93698
1516577
1051630
100567
842283
1009852
945585
194491
93704
320107
320110
320111
787087
496747
403597
710089
2041463
2713743
771017
2078956
619606
1620600
788149
708121
691281
1285299
691280
1632278
1555382
781207
1630230
1608777
710638
713187
711524
1192549
1192582
1339269
1192583
2736362
12709
1190844
38994
38993
38992
38991
38990
1410181
2137836
38989
38988
38986
12708
2736364
12710
38979
38978
215261
1496034
784344
320163
320165
320185
702238
1274803
3024909
770254
770633
12096
1169108
974391
711180
7329
434862
1254810
562205
2443598
429261
1220439
1325777
1325778
1325781
1203833
88638
210800
1165629
784539
562177
1167736
1139643
1600757
1169580
1168996
1169500
1168955
1156870
1167321
475764
475768
1209722
768782
788454
1764448
1601778
3670
884653
3581208
1458807
3660
632262
885597
2631093
3662
788366
780183
777037
719412
777038
734562
445872
285028
499462
100570
320240
17639
320245
1192714
1254857
2035285
532457
1292057
532474
486826
239906
183998
142469
127933
428635
231383
133850
231745
140862
230641
132769
185930
141639
127919
136064
463749
142040
142692
220611
142578
140878
239905
141538
142546
219431
140853
133853
127932
41786
132709
141805
420005
142011
186326
1522673
216597
41787
127905
18453
12245
141450
234571
142285
141010
142968
127906
127907
141828
127908
133855
127909
186937
127910
141810
127912
127913
127914
234528
216588
141014
234554
141854
428619
185583
41783
12232
136062
133846
12244
136063
133847
41785
127921
12231
406663
142435
127922
140840
127923
142363
127925
141802
12246
12233
127928
184838
731126
887047
714710
887109
996556
976850
1236212
597494
698124
235232
235266
932935
703454
703456
715279
712847
714711
456659
780185
768784
1262293
220723
155735
220930
476736
155733
422259
417199
320348
216549
651906
320356
1682351
1682356
1682358
1682373
1682386
787723
783742
1682399
1682400
1682401
3652
95696
449730
1590864
95698
95697
733439
977756
785538
780061
1445457
2646724
402954
402955
3250711
402956
402958
550347
553180
550062
710399
432002
550997
3240560
320414
320415
708147
2352089
3403161
1708218
1221070
782412
128895
16801
320421
128894
16800
717956
777878
768789
1170732
1545923
734273
770790
791648
859102
733154
1272687
1253004
769903
708702
225012
768791
769904
2064152
2124096
1050685
1327954
788368
320492
129030
948467
4540448
930104
1352445
406877
129029
458305
449574
1373656
785539
768792
784659
586969
770256
768793
787984
781210
785541
785542
787985
1592563
2736373
5075
320611
2577141
5076
3335959
871665
768797
777044
768798
786834
786835
380471
64619
540545
1005050
707232
257329
799228
720011
130587
39821
419048
226682
1682408
985748
2499553
226679
637712
547985
226684
224983
2957205
226683
736411
1697661
684734
774925
1165095
1134410
1166169
1165300
1168382
736392
1166617
781340
733363
1165565
1164306
1168652
1169694
770636
1113612
1141771
713640
714849
1168709
803274
791559
718207
377324
241101
218734
518261
260740
260741
260743
260744
813767
380943
235342
260745
1061974
260746
567538
100648
235284
410089
241099
952303
474940
1360617
474938
1089386
474936
1220193
1320073
162514
521242
162512
462901
1164317
265685
1293223
1253021
774341
714713
5030
637092
374635
440153
714850
1545380
472903
440155
403319
472889
540109
718867
440154
440159
540127
440160
749637
954960
472896
1640829
440161
773585
445522
1577803
733054
472900
722805
787128
787563
781228
729817
780163
257644
257648
714137
730018
781728
257642
715939
2634044
847051
138234
252676
460445
95505
138232
138233
782018
777048
782413
383461
1601785
125446
1230808
1602546
125442
715864
1641346
2060463
714714
783743
1598351
215544
525492
701164
262957
262958
163082
163083
262936
226571
226572
226573
226574
220579
226575
262943
262946
163085
262947
163087
163088
163089
163090
262950
242164
2646909
402596
2610850
778125
787129
774721
719534
715685
779452
1225219
782019
1085436
788457
788458
719266
707958
768801
726307
768802
710712
778617
783066
733927
780190
542154
725422
542152
869491
1583730
320792
599242
2099712
2024336
376898
1344806
779971
783744
1284993
787986
713606
730802
780314
777064
559305
388645
791685
717957
380536
380517
320846
1540946
1657998
320858
283545
320861
193177
193178
282051
320864
808123
1254152
320866
283580
1781843
1219578
320878
320880
320886
424389
320889
320891
1797964
1528323
320902
4684118
1582617
1729478
493198
320907
285445
235813
384819
320917
320918
281205
320920
320921
320922
195126
1208763
916226
320936
426323
1215112
1192767
1175622
506388
320950
320952
320953
320955
320960
512512
320962
320964
320967
1169221
392660
320972
432202
386530
320977
1206723
514320
288512
320984
320985
432203
1261653
195125
320991
1702157
321000
808133
286115
392225
1212570
1343539
493199
2083237
392331
378872
195118
388236
506879
374522
392226
1194363
321018
195116
392530
321020
195113
1792651
1216235
321024
392227
321030
1224704
784346
791649
790169
198042
68212
2259
2258
68211
2263
252465
2265
253039
2321665
1529311
786641
1255417
780315
1647044
1563718
1255418
718241
1600598
780316
780164
1220852
1599335
718645
713607
1344612
4008243
1255421
55806
709312
2287798
1330562
440035
780317
55805
55811
1522988
2690672
55807
2907501
2632265
3766665
252540
709924
2155869
2728146
719397
4685702
440037
618281
811621
811622
3026037
2619508
618786
724916
777077
708127
440038
714852
446042
993793
829815
1065463
777078
1330886
708196
440039
1608013
790171
440051
713961
440054
778649
708553
716460
440043
780320
440065
440053
2187947
777079
440046
128667
434671
790427
434672
128676
1674675
128680
128682
128668
30498
434678
724365
128674
3777188
884724
988046
18297
988044
988028
800974
194178
284192
321189
2823297
93165
93163
93162
1048234
700
873055
18403
199031
1048222
713
1516151
708
520617
707
1048428
265169
706
1048210
1048206
93184
1048200
93183
1048469
1048418
384194
1021451
198087
528319
803280
709
528321
93178
873056
321205
1048457
1048455
836229
265167
873151
1048273
928751
703
1048185
1048177
167127
651205
705
520618
521930
873059
856567
93172
381663
714
1048261
281018
1048379
1226873
870481
528320
2647014
713642
136269
136270
31141
676741
381877
991087
785512
31134
128642
17642
17644
128656
434636
128646
445336
377635
1229638
1258699
1280716
1274689
712325
252567
2647048
703249
2506622
1698742
1341546
932137
985348
429712
587835
943335
1228814
804532
1208383
1205478
589152
697952
589093
2883498
434193
1267775
380369
589743
585424
445313
705209
585423
585422
589705
2725825
706361
588320
1753779
218557
707101
1752229
707102
587809
585417
2530868
2897338
589039
376944
800193
2045053
380368
589339
377319
588218
804531
585414
589099
588478
585413
588698
804530
589488
1747685
706221
528452
708420
446827
445952
587810
2741879
771621
2079487
2839575
718360
772267
589071
446079
377179
376984
588809
1735814
588474
3694988
2402065
3122272
588209
588313
589752
703225
1012412
929029
2647083
2545198
587797
2471181
1018264
1300621
585404
2911972
2073536
697522
1326138
445552
589659
585403
587996
1298683
585401
717959
2817098
1932833
2170107
1932837
1254160
800179
3122121
1202383
2047148
1220390
589606
1984896
2647092
588222
587936
1254678
1228098
771289
383394
2845911
589607
587941
733593
521463
2171935
585399
2498678
3236318
193253
1070427
3242469
424654
139237
6819
1335983
215188
130369
217269
217006
6820
1027419
217271
216571
2500211
533739
130370
219448
1705591
215195
215218
217268
380949
380948
389909
2170816
1902110
2161650
2319516
2957551
3144420
510833
321317
699432
3067278
1343433
1088729
2917840
697415
134283
456127
2729026
3609234
2114313
803290
554887
1562518
1159424
1132429
2663935
134281
134278
430085
556224
134275
526352
134270
974054
134265
237048
219752
408181
321340
134264
552829
974257
555008
414834
526433
408196
859808
555969
555460
974248
215981
134256
556016
134254
556171
974028
321349
134253
134252
1430219
237038
623180
134248
134247
966189
134244
1064631
556625
408183
555603
134242
456147
134240
134294
134293
435123
134289
321367
134287
321375
134236
134237
556239
554309
553965
553521
435134
470702
14311
321421
886679
14308
697005
239152
258651
258652
413851
321433
321437
406210
219255
160191
430312
520851
265335
30274
280212
372654
6963
219256
1708291
384329
6964
219257
236243
1804227
265354
6967
6966
728804
768807
729694
475564
475562
542270
475567
402892
475570
542269
475555
139444
376850
758239
516685
380925
380906
1182789
721126
734199
1185306
780322
183310
787987
1185307
777080
1185308
1222413
1185309
771202
715039
780386
1185310
768808
712851
715592
720843
768809
791560
768811
771019
768812
768813
501415
517826
1232199
218505
508101
683482
1293745
508100
516881
1317788
1317790
1265392
508145
791338
778652
727600
780388
746037
709150
865924
2137870
3248875
30667
3357
438226
3356
3355
3359
867220
546782
867014
2430599
732182
733380
723697
377023
130734
708421
596300
31611
786299
730142
130739
1236279
737433
774343
669874
256836
256837
256834
2071361
732208
890648
322000
322004
773060
1247555
780389
774926
794077
445317
183359
791430
726451
789651
784348
768815
768816
781247
785548
768818
159503
8079
159552
673336
768819
777088
777090
778653
777091
777092
370934
2826210
550560
188888
556181
700352
839442
2736389
2616
235503
555643
381631
372307
557614
2606
813438
550697
1700565
554476
188940
1705409
554010
2137875
2503918
695346
371086
2615
188788
697300
554736
2605
188803
2446707
2137876
2607
322753
192256
322759
391510
322769
322770
322775
891147
322782
322787
322792
322793
322794
322798
322799
717635
774344
788461
786430
791197
715311
1166170
4447
786643
761840
198524
761319
4458
651886
21439
2925594
267308
1468051
4451
21440
1020638
257157
1067346
267310
4456
4455
257152
1277615
786300
402401
1251595
768823
787565
768824
789652
782414
782415
780390
717427
1182089
713608
730650
781345
1225468
742473
730348
730349
717383
777096
777098
780392
713669
711166
722410
739282
735186
128764
18361
585672
465851
641946
18358
372325
18344
18343
841740
381628
465864
18352
1459509
18345
18360
694659
18346
534249
128768
1677261
255462
1676741
1285165
1338245
4154
1677212
417940
626958
1684365
627076
226006
4156
4539002
435347
4153
4155
255464
4030971
791410
1806047
324136
324137
324138
324149
324151
780393
1270598
872582
872583
423907
1987039
390510
383663
468856
705789
390925
574646
785949
1165476
684053
377104
684048
777114
711600
780394
441242
1572887
1556932
1601714
1170548
870935
1170549
789088
393320
1166473
403239
403240
710476
1170552
777116
1164600
1170553
1164601
1165408
730803
1165477
724919
780395
624089
1421396
720844
725791
785550
735639
710477
787989
808209
784351
1121005
1165410
1147882
4163
722402
770795
65708
166665
198208
100585
715081
2736405
99807
65711
5567
3358958
65709
635994
1406315
196465
2152271
870936
99801
99800
99794
574505
566075
4087766
812219
867104
2736407
870937
861099
324752
942137
324759
324761
261945
261949
1667710
1236419
738501
445434
747370
376793
1238793
781251
1278062
1258749
1280830
1252198
445629
768826
1624361
1239913
768827
713011
774345
218170
140753
140752
218173
1243178
778656
791340
1224614
1233269
714724
1182780
780396
711652
774928
1329903
1329902
3051099
3082784
1329886
1308653
2356242
21022
1330945
21023
21015
38798
1707712
376917
1419913
840694
3719967
807359
92286
203573
166641
203595
932789
2042953
92288
551588
198683
166643
2671896
474901
1208304
92289
928887
324989
854698
21024
941106
21025
1517749
370981
932829
439361
541725
1431175
203579
203580
92271
1628
193786
474878
2680183
2305488
1633
869108
474882
960095
21016
285852
1634
374123
194316
1632
932769
203584
203585
448982
21017
92276
2727777
429246
474888
2740845
203587
3366422
426482
1623
2725474
2159791
195448
783763
1064810
771020
786431
2620483
1656852
1562065
786302
128754
448999
18372
128751
770262
785551
916441
2512847
873136
985893
3342858
1181749
1270041
783768
95180
703364
325520
95181
786838
710410
716224
1222450
141425
406575
182939
246221
216463
186762
230269
135360
80708
142003
234059
231485
43587
2758378
12375
233136
215996
141893
177879
142828
12379
1019612
237938
142536
141159
428876
142273
184745
492650
492646
492645
135361
231008
230382
185212
141102
142332
141483
132973
428862
127826
406577
127825
216472
1172923
183752
420133
216471
127824
376659
140821
12364
406568
376587
376589
182968
141141
376588
376586
376585
634747
12368
232497
376643
376642
2757236
185319
376582
215997
376655
231060
12366
634682
376656
43594
574679
185814
12358
3147994
376594
428867
127823
1761541
141764
161516
458566
376605
953467
245777
141228
231033
12348
1759844
856299
406605
827132
182937
420136
12352
376015
237954
230253
12356
376652
12347
480961
480764
100815
376603
12355
12365
12349
458560
372785
376600
12354
376663
177791
12359
959232
376665
584921
376637
161515
376575
376574
182935
376577
376576
1757269
634770
142714
376636
376693
216469
127821
127820
376692
376691
219759
850008
141224
127819
12383
376687
1754112
182965
376616
376615
3460335
231214
135359
376681
376686
376685
188060
231165
216077
376633
127817
376612
184979
3460301
230256
127816
418517
230006
406601
141359
825729
142320
142624
245711
406578
376607
376606
376610
127815
947223
575702
482223
458547
376569
186451
182963
12374
376649
376017
376668
233951
141566
184014
246416
127814
376680
161518
230758
1026335
458545
568285
528248
246118
141963
856171
915695
185404
12353
634768
406564
824998
142766
376640
376641
12370
12369
3602769
804214
142657
376564
140801
184863
12376
376559
376563
376560
230477
12357
634773
376624
376625
428902
428873
656751
182928
934410
824232
376667
216465
182926
141101
419837
182925
1469551
376632
376631
376630
1730178
406597
233627
127808
823452
2627017
142431
140786
492752
428884
406574
140833
182946
141547
142386
237944
3460311
185120
12351
142854
229693
182922
216464
186363
135948
141056
2795844
43588
141597
142562
231387
127806
140782
237941
325650
261001
261002
1570108
260999
715082
720824
402717
777120
782605
777121
787991
780397
780166
777123
402713
774346
402714
402715
402718
2591756
717430
218500
1277304
1277000
3051772
1285806
3287971
712117
731641
3025971
3911224
2672682
1206224
2354271
2259076
2369201
1279053
2590090
730937
2647417
1049451
2647425
3032672
3266844
2241299
2380902
1073248
1809821
422607
520977
549733
1709558
1992313
549736
549739
549741
3069189
549742
1285596
549743
3342107
549746
1297596
2379210
3376186
1685872
98603
92581
444397
9353
143061
195029
98590
1445009
808220
98610
98611
98536
851209
374028
9350
493206
98548
2137915
974638
98558
974639
866419
98563
560463
969309
255475
1070768
596790
98568
9355
811743
9357
471238
575081
3248753
3602091
3602089
98578
744554
98581
98584
866787
974655
194699
780167
777126
265039
3896024
39545
212729
325876
39546
995489
995739
995741
386689
872119
402365
39538
325918
995481
773064
633813
325955
279677
325967
633812
3410
39550
325978
325982
325983
1188973
718368
713610
931197
128861
30996
30999
128860
950731
459596
241580
412529
31002
326077
241578
241577
326082
30998
210797
31004
210795
697630
1342131
1324185
771022
728597
781854
242022
412670
412673
698215
1166288
412666
461427
695312
242019
412679
412667
1166165
461435
1233279
1277181
1285881
1272245
791561
707153
1170031
791562
781254
790177
785553
790714
781256
781346
730938
445512
258722
321623
129678
788748
720389
258720
129676
129675
321643
14136
129671
750566
321646
739199
783772
258716
1225242
724790
773066
768832
197420
1301892
260825
283217
465940
195769
704293
129664
885072
129660
211552
129658
321737
722005
886115
258680
705035
129654
1335252
14138
14139
694360
14140
321771
6178
139080
739626
1294645
1294731
1661324
1233984
774513
402775
1629207
779455
773067
1294658
780399
770639
1598857
786308
791198
1546673
1624213
1238769
1247540
1625474
1248678
402778
1624417
711654
1259156
402779
1622591
1234002
1224081
717509
1612124
1165194
1558804
1633653
1600927
777133
1580526
402787
402788
1532920
768833
707960
1257154
5059
5056
474559
5055
66037
241272
384867
137004
137006
137007
137009
7524
7525
3581683
720013
8444
433198
245805
384327
234605
448092
637842
382636
637376
642666
217236
637843
8433
8432
8436
531679
8440
1349839
411592
8434
835185
770640
770442
785557
437427
215296
722211
771023
777715
710459
30544
2505636
736394
788905
322025
36878
235322
5303
322027
618434
428647
2445313
1769406
639998
134431
41863
41861
41860
1604102
3660749
41864
409406
993903
253226
1988393
999927
1279483
789451
1769871
96178
1175646
2041177
212004
1348232
588756
96183
1286518
588097
1400904
1360764
2078483
96194
1200133
588858
130083
1362719
96196
1335261
599469
1625539
589609
1412742
1289847
2544935
1498485
1174954
96177
2731250
2194778
1686774
1461404
2065050
1200160
1496790
1542395
1601163
1474485
1448000
1337004
130081
1200721
589534
2142913
2413336
1492478
1545477
2182337
1186040
1423012
436496
586395
1412721
1684126
1407944
1372908
682587
1579442
1427818
2960466
212008
1223210
2166863
2073546
2899729
2050593
167562
281541
1671798
1600239
1398800
130087
2164129
1558879
1411155
1336356
1449960
1430985
1205531
261936
1200053
1437149
196545
436501
1416297
1741391
2199616
1557759
1386116
1743004
1513819
1367212
1237244
870999
589669
1195766
1600501
212012
436503
1215170
1419823
2906930
1204491
1432071
1197393
1412999
589676
587934
1573459
1600293
932243
768838
771024
214133
136467
136469
984790
423766
226777
504629
195315
1198834
1201869
226779
226780
226782
226784
226785
2884066
632271
402262
1120059
869471
1301927
504630
228954
179930
2415782
1918155
2743388
1180676
45753
218731
3581716
45754
6950
946446
1301944
164540
2504601
1301946
6956
504632
178619
322158
517648
164545
735535
236037
45759
3581720
226790
45764
228276
1301962
45768
3601398
709596
236053
2573586
164561
735537
402260
164570
226775
777136
720883
775379
2647547
791563
785561
1657186
1601492
787566
777025
1598568
1599623
1577470
1557926
782548
777026
735540
708739
769431
787727
1641556
260675
217554
1064604
260671
777151
784669
265458
3251390
188768
1019552
322210
1503577
556574
653859
631767
265459
1643
430161
1640
371221
1644
3336603
1459314
283733
763621
322220
778684
718298
403031
719738
768842
771492
786312
1205722
218964
445808
1226147
783775
672167
235433
769912
516669
322414
712831
625945
756390
3367209
644342
827572
392379
656631
1966519
322428
322430
322433
1170282
322435
468551
322436
728480
839282
88737
2570980
777153
781360
2367089
1335264
779281
787447
1164925
712647
780419
710109
785563
1239461
768863
740755
787598
786313
769915
259673
1571486
68472
787645
774723
790719
3173775
1307834
2273934
781362
778686
322529
770445
1232153
781275
436547
1296606
436548
725291
502290
1455045
694505
404429
426634
280054
2736490
824485
647845
965727
586954
457527
1073012
1066638
649283
2137946
652365
68320
641956
857101
449420
68328
930967
651033
480206
68353
2157924
653665
1754853
547570
571661
996418
2452215
547575
839743
68365
547578
68297
431576
1511188
586168
368
404470
457516
2631585
1706163
354
839760
355
1879367
237521
68303
322570
1777378
1454369
420076
2736516
432805
431976
586169
428975
2736517
374108
485956
68304
68306
428956
68308
231484
134880
457562
429016
1686757
68309
428974
141637
655108
584927
216396
68312
1037719
937015
635519
230937
68315
1216533
457581
68316
68317
68318
68319
665425
527562
1364844
618753
694508
68321
694605
68322
373
404431
404587
457588
573019
68323
640216
404588
68324
572485
847299
527591
996499
68326
1405100
431608
547614
527461
215989
1702852
431611
68329
822432
654334
426719
860498
1502226
428992
237543
940554
658527
1326390
449425
481876
996519
431978
527549
1199076
457638
1397020
1708593
2507268
457648
579791
527517
660819
566155
457650
420079
976302
404612
1709266
1731988
651126
237550
1347368
956580
1075346
457654
1477040
439987
649604
457656
1484489
1067806
1067371
694510
1036158
547629
2028074
68336
68338
68337
384082
1068122
570979
2099059
1455051
843506
2161449
450743
371
655055
68340
694608
68341
353
1467922
431630
457672
577999
838318
521805
215990
872180
547642
30992
2092452
955704
457686
2013853
523345
348
1067196
941609
527578
431637
336
1739214
68344
404485
68345
68346
639280
481974
428987
188220
233115
569136
457695
577061
237563
484060
431639
457698
68351
1209570
431646
431647
1741383
1428193
996490
445498
445481
235483
446081
376784
377247
445615
1743306
561702
640039
429003
1002110
41672
2736555
575185
428982
208857
208853
208855
208854
855874
404550
80405
237576
1070186
185354
2113703
404601
1048718
561720
996486
485963
404539
971853
68357
954354
68358
1048707
1702856
842511
527592
996527
1512038
527511
1408879
404554
933505
527433
947202
547685
1066467
1070418
1335268
431685
2845315
431686
134889
41678
581070
811226
699036
457873
784740
784741
781857
787450
781363
710462
790720
783778
725292
777159
714732
1256078
1598614
805606
805608
805609
501073
782153
987864
929072
736128
713381
141343
138873
138872
142159
548805
492418
138880
138879
371900
492414
2360884
1248888
787134
1203178
777160
682391
3239120
1600960
781277
834072
996754
1234010
677287
781278
768869
712648
786840
770265
1178111
768871
791345
1245977
1239057
1338131
1333128
1244326
1246755
225535
774231
2647670
1333129
7775
791675
92773
1259731
1274213
1264410
1273837
2212826
1279264
681581
1231980
1215694
720756
427725
784571
1165736
377070
744921
779668
1685657
1528983
322942
322943
322945
36839
377055
974389
635630
635631
635633
635641
635640
635651
418253
256209
36850
635680
12647
635684
635685
635689
635698
12645
635704
322966
322967
1120931
322976
193823
193821
322982
1629845
892175
888735
322987
1170832
322990
193824
891007
322996
385325
322999
323005
323008
323009
193826
323019
890590
323028
323031
323035
888953
889633
323043
323044
2192218
1598615
1918848
2080640
1443606
2170194
2732420
2176925
1908173
619193
624617
1247558
1678993
133857
133860
133859
133863
1701319
775160
44705
44706
125439
599004
800935
426134
500418
768875
235690
224643
1705418
134075
134087
134090
134068
134072
13874
13873
44994
134078
1166658
134082
134084
786650
786651
781282
719398
712649
720537
715694
522121
192272
128638
128639
128635
775383
714415
787646
773751
239487
872720
559876
710112
710113
786317
715041
1252953
1283890
1286761
1283470
1191794
1223538
1596294
1600527
2054668
1300082
1398041
3377268
14573
14576
14579
66171
1600017
1013387
1607474
2647749
723635
717637
66122
1585972
66128
785902
403023
1239554
2350706
777165
777166
323075
1300083
323085
323096
323101
711655
783781
323135
3237488
3001
2997
3000
3003
3002
323139
1537948
66319
419836
66306
14611
66303
2444582
66378
66358
66356
66349
14613
14612
14619
66341
66336
256363
1668287
781859
788153
787135
778710
265217
14601
14602
66605
14608
777482
779366
1600047
786318
768883
784357
14590
14591
14587
14586
2498703
1578541
781300
771767
1242257
787453
730350
777178
21304
45844
178041
163725
45851
41473
30634
198900
720059
40008
1298702
1278116
790882
785569
515337
224848
421171
430388
449411
429592
224845
265261
495061
36790
18308
432937
36789
323244
542785
418505
381595
139328
18306
224844
36784
948861
18305
18304
36783
1701323
450010
224846
3046910
488848
553224
2138020
555776
638092
2138022
556920
973593
553505
2925618
371634
235755
1067431
558352
552878
1013390
1572
280994
553021
841655
437446
1570
2188489
803393
557047
3068857
1104354
204585
552833
643204
3336527
553423
871076
2929123
1571
553948
553515
1566
2502621
1324776
1567
557013
30795
1568
558175
554402
522823
632282
1565
553061
1560
1323323
554624
971683
92693
92692
784790
379956
707234
100662
516550
1283516
516592
779975
373145
389498
1277781
1166722
724542
977755
791412
323310
323311
889956
323312
891763
323316
323319
323325
890017
323327
323330
323333
891832
323336
323337
718799
889388
323339
323340
64599
323342
323346
323347
727141
323350
323351
323352
2064387
323354
323355
714859
717753
777180
781303
777181
782608
788809
555353
1030625
12004
371101
1682484
855275
12001
2138030
11998
38300
12005
863144
1076798
12006
214458
1121046
557154
1682509
522204
929150
1682514
557149
214465
12008
517997
961497
951655
1334156
1068342
1217274
21063
11999
1682529
188945
771029
55637
55634
183951
55632
55631
55627
433738
55615
55614
869004
37681
91656
55611
1065962
421244
37680
853483
55607
37679
55598
630184
868969
383141
381060
825758
868922
55588
323421
757995
55585
37672
390274
55583
55582
55581
230363
37670
55578
55577
184631
55573
482966
415554
182098
55568
868463
37668
55552
187349
37660
55550
662455
624568
91649
96949
55541
55530
17695
17694
417832
267594
37656
55510
440481
55505
801086
55483
55482
55481
55476
240819
37650
531399
867253
55466
55465
55464
55462
865165
55461
55456
37648
867843
225711
232047
55453
531248
125791
55438
55435
55432
627968
55418
55416
55415
55414
55413
631061
55412
55407
55406
37638
267221
267219
37637
232915
252884
55399
55398
37636
55396
37635
55392
55383
37633
37632
55373
37628
37627
37625
433721
183179
867583
531444
55365
55364
55361
240811
37621
55339
55333
373826
41830
37615
55314
865661
41828
37614
55301
41827
37613
37612
55284
55279
55272
55262
55259
37605
37604
55246
55245
55235
91632
41826
41825
245697
37598
37597
55193
17676
55154
55147
37575
55140
232793
224433
55111
812551
55099
55085
41821
37561
824466
479229
55028
506525
37549
96917
55009
54987
54985
1708959
54982
37543
54970
462619
37537
54948
54935
1733143
54932
54931
54930
1732593
41818
54911
54891
54887
41817
54873
37522
54830
41816
54777
37510
17670
41815
37507
37506
1709805
41814
54755
54727
628452
1797469
54709
1796968
233288
37489
37488
37487
1794958
37479
41812
54613
41811
37476
54604
91592
54591
17681
37473
41810
54567
54561
37464
54541
41809
54522
187051
481433
37455
54486
37454
37452
54456
41808
37441
54402
54401
54371
54367
41806
54329
37423
54310
37420
54278
41805
37416
660456
1773294
54259
54258
54251
54249
54248
54228
479198
41804
231852
54143
37390
1784220
41803
37389
96893
54099
184709
37709
812549
55743
55731
37706
55726
55725
55720
232600
41835
55677
37689
236265
37684
55635
37661
55393
55247
37600
37580
41823
1738154
55067
55064
54971
54780
37505
266331
54758
868827
220258
54704
821868
267512
185705
54471
17693
54431
224427
462571
54400
54394
17660
54364
54360
54359
17661
54247
54246
651975
183950
54200
54199
54191
230862
54166
580736
409353
267497
37393
37392
54153
54152
54151
54132
54131
186913
418671
867463
827453
481469
232955
55678
649351
638952
55674
55656
531241
55559
37664
245973
431194
55072
54746
54745
54432
782155
777183
779021
732873
768888
734471
259424
259423
890596
323442
768889
1178202
768890
203864
378228
156438
708226
2138046
2432
957890
189781
2780392
3356656
1465800
2790838
2133347
653016
792214
1578418
2973091
755611
323467
1115688
2888681
2902307
745904
1037
30874
323470
784744
1300626
777185
3911265
437909
971626
17776
255911
17771
17768
1163102
544809
1330507
17780
803425
17767
235293
17763
17764
811391
1162816
17773
323512
1991952
323518
17752
255903
729287
16013
98120
98135
98144
706246
98180
193853
98189
417951
952998
381747
952997
3242397
996165
2891
323544
323545
996181
977129
1691458
225393
1879049
1330343
1691477
953058
1210185
1210172
323549
2903
891088
2900
627020
996210
953046
323553
2498358
2506407
1684814
977127
3391412
691627
1691466
381748
953004
996180
627218
2896
2899
953042
996200
3391413
1030781
996169
996170
2581082
1879018
953005
953040
1210210
1210182
2894
1330344
953015
1330345
1210176
1210203
2901
1330317
3242393
996156
996171
952995
953018
953014
953000
2498367
953024
977126
1879033
2498354
242484
1691484
1210192
2506415
953037
2506413
1691490
953032
1879065
1703869
723189
779022
774519
713708
545124
488061
488050
1595347
777187
1710737
754235
986268
1801983
1232876
1485726
30400
259252
1453191
263319
31698
16169
1210094
66449
1247262
1164603
738597
190362
66443
1335277
66509
190345
66498
16168
16167
66485
445586
2069632
66484
323624
323626
16172
190339
66477
432046
16170
16171
66460
190333
66457
1673480
1449199
323628
544333
734512
544326
544331
544327
544329
771768
787567
731815
1288972
782549
779023
704535
1295309
98244
529747
623931
98197
98198
98200
257505
257502
460294
98202
98203
529748
98205
695676
14266
14253
1271108
14245
98228
665222
14252
14255
14247
388823
323762
379614
205756
205752
392273
323764
380648
205748
137970
205799
388523
511876
514852
205745
323771
238624
205796
205794
323774
205739
852545
379459
323778
665668
377992
468397
205792
205791
205736
377991
205789
390020
205733
205787
205784
205783
205782
205780
389443
380254
323786
205777
137974
205776
205775
793101
323788
205774
205773
323790
323791
205772
205806
1106575
323794
205770
205769
380370
205767
323797
205766
1120202
2647871
1598579
1623374
1598959
1586858
137488
205627
205629
129165
30406
476210
953028
235258
953043
953062
13558
631774
695335
996166
1210198
1691483
1691482
3242394
13567
996188
627066
13554
953053
4088267
13557
696041
3242406
812736
953047
2506412
996202
2498348
996163
13555
13553
1879043
800945
1210177
374016
996175
627131
1330335
1330339
627151
1879009
1330311
996176
996159
695750
1691459
1210200
1210199
1210186
13562
890711
1691487
3242401
953012
1330310
13561
953010
1879032
953007
1879045
1691476
996174
977132
953008
2506153
2736610
1210194
996182
1879042
1691461
996162
225395
1330333
206458
1297019
849386
129981
2138063
206446
206450
223153
206451
6523
206452
1175019
1239766
703028
787459
785904
777200
768894
128031
1263302
720405
1286620
778130
724414
830356
830359
830355
1327118
788750
196407
892358
1341362
3358856
782041
783785
785824
1237071
721911
1193275
770643
1686180
1705242
550333
1459652
217250
92301
188811
432007
9437
92302
2429327
2198463
3384982
284708
9435
556014
197094
188733
286049
289794
452720
497670
198031
471337
2678671
167677
9439
167678
1166697
4081260
3061969
431035
953286
850851
949210
379751
1687324
995279
2741156
1063789
456783
425627
456782
456779
852121
425626
1192753
2819030
853496
456776
1678748
17313
425589
265680
854172
1324104
17322
425618
379433
2159543
859295
3722863
17330
2506860
499457
420061
17347
2626748
3899285
2431219
377715
618019
425612
870106
526859
17291
1485435
425610
691326
1400106
281901
1702172
447141
546096
425606
811940
1072429
456742
1457442
2736623
196007
1678749
17326
3067896
850646
811430
618571
526860
265433
17324
1364729
452610
1342741
2579137
1678538
3722875
4685907
647159
993947
431382
2736626
2430649
456729
2099098
639690
447137
870101
456728
993627
930902
456724
17312
450546
1075143
2736627
194456
4075334
17343
447148
1452080
2079492
3383401
17285
35929
1456151
1382447
425639
3253125
3722888
691325
575472
451155
2435758
2439282
664753
1029482
3382929
1685271
456792
1355589
526854
2780397
3899265
1339103
425635
425634
3634735
2844235
17311
1204548
996641
567004
1299780
773318
1289379
1619313
729202
778713
783786
2533
710466
779024
778716
1234274
2738401
1183456
720406
3483998
771920
2083655
790179
2164198
2152746
733508
777202
2057114
718649
2713336
2714953
719545
1155075
2203297
280269
2160688
1082183
2040833
634506
711189
1145729
808296
2175563
787647
2647919
2722875
2726737
221981
2962641
752238
1694852
1304931
745634
1232827
3483997
2971977
2038196
711659
3666894
2187463
374702
2647937
774520
768900
790883
729204
775327
719571
497276
6697
445574
1196412
6691
783790
777203
1243158
789843
777890
770797
770798
714113
1553580
2429781
720759
770269
715463
775328
324157
971588
126272
217672
188334
217675
781372
3626
768901
774522
402437
713165
781373
718105
1301779
1301778
770271
714860
402438
1166723
1169209
1170563
1165374
1167880
403384
1167774
1165097
1167866
1166451
1169480
1165517
403385
779460
6824
132721
996829
942269
418441
234175
6825
645229
132702
233940
324193
324198
198216
790183
488418
1299868
183332
516408
324228
324233
100558
100559
514425
1506954
695774
2162673
695348
2803978
697659
696646
259102
695318
2065964
522826
775111
775387
740812
324240
324241
324243
1341445
725644
324256
261035
891902
324261
133756
142529
133751
229896
128157
30535
185848
128193
128192
1745212
530347
133760
777207
252646
2397142
1308135
3031434
3234481
1803503
3391500
3375200
2213654
775331
2672706
712855
768906
711077
770272
781326
2595345
617930
617931
978817
778720
784361
782551
2509843
735188
1879379
2395308
2368849
2412321
2356163
2341344
2333139
2648068
2498723
1215324
324357
892185
888748
711660
890452
324369
2573840
891018
324372
324374
2079524
789095
424035
890532
324386
708841
770448
1617536
1328008
789096
256807
256808
1605315
139386
734205
1691386
468884
536762
536764
3899901
717041
1170752
730143
730145
15983
281268
1013138
195080
284727
289503
543829
705678
420020
543801
1256465
427072
280637
5897
5905
5921
421864
586521
654578
2138097
633660
586519
932430
243042
221263
5899
5898
661981
130236
21157
4689795
21156
5904
576524
5920
5908
5903
5909
5906
448275
3572476
5917
5900
2725917
477417
143201
2435732
870587
21155
255847
21154
324529
5901
383923
21153
5896
5923
953362
623937
5919
5918
5902
5912
21151
5916
5913
5911
130228
324541
448262
5910
324544
21162
381540
1331173
143199
477423
477420
324552
426413
255846
255864
711689
5276
138783
215018
40248
138782
215017
215023
768910
786657
724415
167593
94379
1108228
136489
240010
240002
127938
136486
136484
136483
136478
136477
259511
780447
1239878
771498
768913
1675688
1972051
1971726
2077440
2220972
777214
2070743
711691
2038551
2460876
778746
2648132
717101
2598906
715593
2072219
717515
1975956
749067
2180123
3134903
2056047
1701328
2055198
2040686
769924
1169241
1166453
1658012
1166454
1164103
1166872
1166569
1169210
731552
716489
12669
426532
433148
260830
369223
1597393
713709
260833
720538
709319
790186
730723
775112
771499
709493
777717
777718
982933
1266075
8923
67560
67565
67568
67569
3862857
67573
67575
67574
67576
429589
8919
430545
67585
67588
8920
234729
519476
67594
190820
264482
700391
520782
1254813
2138103
1191722
1485794
996802
559879
3252744
451006
2420598
1206156
1206147
2140302
618379
777719
777027
324955
376973
235502
95910
95911
95912
702106
1301417
775388
241446
695545
226612
1312393
325015
3671456
415318
226610
325023
163171
711078
775333
777216
716465
730067
5270
1165375
5272
782159
787992
789492
728980
778533
718638
788830
779367
520994
2456060
787993
441237
730651
1229261
785581
983267
489042
48127
178569
1160780
48131
48130
773069
778747
782160
777217
1600474
1657786
1606519
1643795
379995
380587
1252103
1315693
2470120
768916
2648256
1336940
1336941
2456701
96673
96671
197401
495240
160134
137758
325086
325087
325088
2120
160139
160123
198938
285945
96672
1403387
160127
160128
137759
160130
137760
777218
777220
769435
714862
719399
714863
708597
708598
1261428
14734
3582853
1048061
325141
890463
325148
325150
714023
325157
325159
729205
325161
2528131
325163
325172
14743
14742
731131
325192
2345256
1579019
255543
325217
3339547
553541
597919
551596
646613
554016
5630
3583044
1339275
4293548
1678706
2682274
1810215
263234
263228
445606
235640
2736664
533094
325269
263246
259221
785950
259223
584427
1184701
235759
781332
775336
788155
710117
791506
778749
788908
325430
1658032
325448
325452
325455
31178
325461
325462
325463
325464
892251
325466
325468
143095
325472
789098
376858
252569
425145
325541
5863
325543
1682610
1177843
1682667
325568
456009
456008
456007
456006
456002
456018
526266
456016
526267
1165518
1164814
403545
403546
1169102
403548
456020
456022
1241586
402703
402674
402675
1289164
771501
1290237
1294680
2215078
402682
1239862
402686
768917
402687
1269914
402689
402690
402693
1278259
402695
1234119
402697
1272914
2382590
2255495
716490
718372
788332
771769
731643
791457
286619
325697
279
283
929439
452497
31018
808323
789847
460023
784364
791205
788684
1630038
773753
241243
260982
241230
260948
226487
260949
241233
414641
226489
178709
2648392
215524
162849
178710
162851
241236
220092
241238
1228481
1227844
1174996
1204681
1263881
218549
1283901
226493
95880
195523
195521
984798
188785
984802
972816
4020
92483
1400946
283495
188809
92486
189065
255365
290223
92488
189188
664582
188476
972791
1321358
188806
556117
283894
1895435
281052
225114
956209
1327502
370577
1324438
4036
953728
180144
4025
197633
1493530
188797
558700
4021
843318
284864
982365
972790
180142
284093
403712
289367
555820
1037598
1034639
370483
572725
283230
497033
694452
657348
959950
1068774
552776
371235
550859
291064
284497
189082
371305
283498
281330
2035414
847579
1693548
2154447
2840512
285589
551295
3241647
189007
1067574
982297
285157
2675751
92465
2160730
379593
960182
638014
189124
1415612
4022
972760
972746
449460
371277
193796
4026
4032
597381
3769497
279811
558634
1693547
1324439
555153
929167
2675764
92467
495664
1331497
968057
972747
289361
550968
551558
640911
2675761
370130
501793
194154
932221
935199
371226
972801
286469
167113
188786
972758
1411511
370146
550825
597382
1348299
632823
280954
3366619
928930
4023
556386
189013
188728
4029
550327
2719267
188902
972799
972798
2882160
558604
189172
546808
188773
2675756
371126
4030
189040
426278
92472
1479743
281232
1071063
4024
4086092
972796
561162
556431
499293
188484
1972115
265160
420102
285197
2675759
2507030
552527
92476
2747737
92477
456402
1693550
255361
92482
720162
662047
68777
35573
527891
458107
68785
458108
458085
458088
402485
1167399
527892
458090
68778
68779
458095
527888
458097
650257
458099
458102
68780
421394
92610
5114
284238
5109
551014
255514
550465
550252
92609
279891
1297691
559103
255513
5117
92607
325835
1229620
30459
265258
553454
522769
5107
1325064
553004
290032
235357
383967
728299
5118
372781
1071734
523015
5113
638088
5110
518269
1353938
1066348
550542
372782
550504
5108
5111
1708447
325846
488839
694732
552260
786953
718883
721038
720891
417835
417836
723850
768919
789099
417837
2648405
2178198
1601109
2648406
1559878
727638
377204
714864
1538598
1239837
781333
775390
4684263
1275136
1648262
4684266
1285971
417839
1600441
2040762
1278102
2719282
1183454
712295
784366
417840
417842
784367
709951
799881
779368
736540
1230130
717371
720540
738398
732682
1598974
768920
714117
808332
720543
1599445
1220572
718801
2890236
770645
770449
1231129
417853
721771
777254
784369
1656597
790465
1600883
708562
768921
3723000
1600403
1599853
668760
1184956
777275
785587
717519
1690644
520655
1526065
546156
18318
29589
807363
18322
813525
517300
452404
505063
808333
29585
29587
29586
18316
1065444
2444245
807364
100561
167106
739513
618138
852435
402883
197177
782611
738630
769931
1251449
778755
380074
380549
2648465
789234
768922
16159
784371
1255033
1624991
1165301
716235
2075962
2077007
325898
432978
13190
13198
68789
449091
13197
488456
13196
723223
813586
425149
982386
2584507
531092
767251
462102
462098
462090
462088
462083
770045
531073
462079
462068
767205
1167210
462051
740053
774082
462030
1092052
445457
462012
798146
462002
767090
725993
781393
402933
1167585
1169923
619076
619075
779465
734419
782790
1167727
624104
1898093
3911305
784372
717465
773594
714866
279953
452575
1167401
268167
1510324
1426995
2356642
782612
2910444
1167403
3014496
709617
768924
778535
769932
499632
260637
260640
260641
500657
283760
781394
781350
781351
791206
710514
4908
378095
245641
138133
234339
234338
97813
21518
234329
226827
227703
226823
226822
226818
226815
227698
227696
226810
226809
227694
155822
227693
226803
416047
226796
227707
226832
226831
226830
226829
226817
226801
226833
372529
6984
6981
259016
259017
787999
777266
788000
788001
782552
717068
768928
748428
724416
786326
1333053
786327
786328
789235
732516
786331
771771
740163
1168729
1168730
733133
1168731
1168732
1166873
1169160
1168734
786334
795914
803471
709794
1168736
780170
714867
738736
784375
717410
1206246
284738
717789
708466
3718879
749036
803473
1566347
778768
713832
788003
716493
1167737
775113
780473
786335
773336
781395
2269361
779029
2386773
2648557
9054
138505
1705393
784544
1286582
2056883
137629
973945
137630
261530
261522
261521
2074557
261519
710091
785590
3418259
734942
756435
2858460
261511
1217777
261508
235234
716694
261506
137633
711700
261499
1210893
1169620
788004
807537
38389
30423
38387
162524
30427
1166406
1599082
711701
775462
769934
718301
775464
769438
326191
1184897
773878
631794
3265
3258
326197
777895
1564057
741310
2044845
783799
2044679
1578058
2049188
2582963
129134
696465
30209
129135
30213
30214
788685
789102
777486
326221
130102
130105
21140
2736695
1809713
2829651
558706
505018
188747
284662
371037
189174
92713
502274
557024
2959
568770
1494423
372435
1358191
181458
2964
555143
2967
21138
2886240
2972
1918189
972703
371419
973559
2966
1026548
2138133
539309
21137
2969
1519538
2976
554989
181457
372774
2971
552987
539312
188716
189117
552715
181456
985168
181452
268187
803477
194810
803478
21135
1932106
370184
1326279
554973
21134
372775
2736708
1328533
986365
552803
1524141
1380508
370601
2630385
92701
1019102
553800
566223
1519574
181455
132890
550874
2841526
199001
554002
2736709
374049
1421549
429322
92700
235359
188794
499939
2970
1066746
995578
92714
2974
995858
497771
2978
2138138
2138139
770647
1277728
744467
721039
1167733
1106255
1167734
1164815
2074429
782044
786338
742547
326292
707965
2073273
709161
2158948
725305
326324
326326
255575
326335
2048568
283773
714745
2726163
778769
711702
778770
709494
775395
1566047
1328091
804251
1772493
1642699
1273467
1531851
777285
1295645
1248384
1268029
199775
926569
36006
46178
416264
199784
46160
919606
199777
46191
714749
783800
402801
1626817
787461
717396
788913
1166988
1166989
1166990
1166991
1166992
1598625
788914
778771
1164178
784749
785908
775466
789236
787462
1169601
402803
710121
777289
2211872
326433
326436
235547
326437
326441
326446
326454
326459
771505
1253293
782045
1272427
714871
511964
419925
863095
16812
16810
44306
44319
44331
44277
36010
920710
44295
44300
192185
44304
36011
36012
199792
44307
44308
1172416
163221
199794
178022
264574
1729748
13452
13444
1075407
13457
571867
13463
1359774
565560
13455
2169600
661615
181693
4193819
2138144
13440
13417
13430
944589
13456
3723125
840757
576496
962411
644083
1066429
13461
850453
448841
181702
938206
803481
13451
36889
36890
13429
1178327
1067499
1712259
636837
448842
811803
13420
3338365
181694
13421
577420
572472
495841
13453
1067500
845368
1006084
3338803
13446
13466
803482
13422
1294424
1452255
13423
853918
1073324
13442
846359
3464275
235066
1524375
13468
13450
1073325
13419
13426
1333466
181706
784548
775396
771560
707675
718169
1167211
475385
1675700
1253841
1246157
1272235
4160208
445897
2366787
1203824
1301788
210366
975645
1206580
1221408
1190463
1251174
1254297
1300532
1286293
1050188
1261189
1192339
389938
1259829
2352949
2466558
1345004
377254
445597
1284112
2648651
1280376
1204081
1277765
1300403
1266822
1254898
1210542
3388659
1240739
1215422
1191541
1254746
1263909
377349
2517933
1175100
434424
3440505
1266451
1212489
1337374
1675702
1272292
3341882
218805
975647
975646
2430021
3038766
201761
46411
1115090
137181
218930
225008
791507
735485
773599
870396
791459
781358
787465
721563
739033
777302
711217
1168080
728482
1170432
1170696
1170697
747721
1170698
773337
1170699
784606
785744
784377
1167883
789438
253162
791733
1167735
1298257
1318301
1257167
1274811
1174141
2648679
1297614
718054
1707221
1297315
773340
1317614
1678763
775397
1242732
723190
790738
1598698
1359273
1430572
1600376
2648687
1437295
159884
2648688
1520612
1237167
1256654
326726
159885
1193960
1598531
1495949
1361701
702305
326734
1397406
1620128
1050513
1573706
1409841
1200454
1328658
1444865
326738
1250265
1661760
1301504
1413089
1446959
1493881
1636970
326744
703090
1534917
499149
1910619
1188405
870743
1443061
1417257
521296
1878636
159871
1032
2573005
1035
1031
1256263
1378700
235578
159872
2152802
1450990
159873
1512606
702897
2587938
1338907
1601314
2144090
599470
448301
1326040
1294470
1947395
2066552
493235
706500
1569348
159878
1269112
2182502
1469605
159880
1264192
2899692
2713222
159882
773341
773342
1247677
466261
466260
466257
466256
715374
534616
534612
673502
800182
534611
466245
402833
534610
466243
672455
746582
798245
1170240
466236
534613
192333
599429
466264
402834
668200
466235
267452
382049
432972
381409
445307
47951
517507
47949
667125
743022
47941
163902
47937
47934
3382632
1875098
47928
47916
47932
768932
770451
2397783
587805
30786
718639
198570
326903
1169605
1647588
768934
1169438
726897
327001
327002
327008
1576458
711603
327015
327017
327033
327038
768935
892480
783069
327048
786341
432010
745905
218503
986347
327075
327077
803491
327087
2910446
327089
327091
327092
766857
262560
262556
262555
540466
262551
761575
142067
761576
405499
24827
597824
24830
8543
24832
1499663
233663
38283
405495
30150
30149
41788
1255454
803493
723447
786342
187791
207527
1047160
1208406
560273
581714
1706281
393171
1164050
598113
1003911
160079
3383034
7371
7370
93542
1343925
381549
2635279
949651
620020
515487
690393
1407605
1573333
1010409
536801
574403
1319340
160091
1429051
432062
373746
207546
217015
704936
664780
207532
167730
207529
160083
167731
1312388
468956
160082
468955
242756
1409435
375409
623168
327428
631802
327434
548
986305
2524841
1192345
2679841
259820
259819
2679840
195683
2679849
259817
7267
502324
327484
259816
7269
7273
2736747
7262
1878254
2736748
259818
290971
695592
839452
640040
800203
417003
758435
864862
417001
833854
1139597
1652427
644493
1234707
965228
697804
1055249
657604
812181
663902
225191
771772
474597
474599
474595
773073
707012
260309
259792
327573
259791
327579
890865
327706
262354
445
327710
14331
945179
14329
372803
218329
976326
327713
1284736
218330
1301992
435831
472226
800157
798141
1802648
378363
539565
30549
581324
1440229
587802
426983
1376753
403308
539554
403309
648403
378361
447939
327729
259182
282061
781416
707966
327736
327737
778774
768937
2648793
1225792
1601337
728330
714227
786343
1262057
1599386
1234066
1220688
1294828
780482
783071
719335
1263946
768940
714751
708614
768941
130190
2186350
130188
727444
197052
130186
130183
130182
130177
387424
130168
1623952
130165
212076
725694
130198
130197
130193
1165030
130179
130170
778776
788917
735260
787467
786344
777307
729617
130817
724116
130822
786345
709495
130813
787469
130815
2590400
723449
788811
718303
212676
784381
327802
327826
327832
3329583
722418
786957
770453
786347
768944
785594
712224
1659336
710479
1593761
791508
1602470
1640667
1600611
193292
1271578
259522
730624
681639
783808
790193
3626310
742263
771507
1932109
1590019
2905725
4657447
717570
4235538
1538890
3688927
722147
768945
719575
2343084
1291938
2343234
2263178
983136
2345731
2356919
718243
788616
716237
791347
2368415
790376
778151
716582
1165558
1665159
769445
770280
771508
828191
721042
715178
1343367
988327
3778313
372362
242289
1495615
377028
16740
242278
1343817
418179
418178
16745
702340
16743
535843
939547
16748
137201
16738
242288
258501
535838
137202
1165412
1170554
5759
235657
1587376
447660
1274762
1292493
780495
1271940
777342
1237748
715541
781374
1249491
1255334
1294490
789109
710669
778802
493242
715316
1246709
750568
1269149
1225485
1257224
771775
734864
777348
780496
2192575
1332848
722508
7445
3802393
182898
182907
2506199
576260
254654
428757
188348
7450
185384
182902
182912
183802
428783
1370938
220351
2736757
376711
7461
1103511
1682804
2588918
129702
378256
7681
205593
21068
3775038
2570638
205588
205606
625952
377909
582572
2570636
1420866
8304
818179
429874
1312506
205581
1335317
517082
801415
2446460
544257
2446459
573140
2446458
4537502
205580
390894
205579
2446453
916122
205576
2683728
544251
2446457
4537498
2446456
4537499
328350
2446454
2138184
8305
328352
2683727
167131
8303
205598
205591
440242
789110
786663
713027
747055
1636465
445326
735486
773346
1228827
778152
726073
1533681
714875
777349
1640707
842904
713485
715887
790918
778153
768950
225870
735931
790195
1330457
1167884
713922
777354
993939
1166578
810990
1574845
782317
773896
183301
708844
434085
1580212
1166875
710580
1535888
1166877
518296
3583554
1597628
254116
1671000
3665082
1170734
1544179
381531
1174814
721044
790377
780499
783812
971207
475774
542441
997434
475786
14474
542436
447703
770650
60665
134472
376002
1478093
786961
790433
163502
3601140
263265
1289217
2052264
780500
2070577
708469
716239
722421
777365
773076
1172538
834260
96229
447303
1702679
40847
40843
40832
448950
40826
40824
40813
180905
177868
8274
30170
666272
8275
376176
1496025
180912
279998
40769
8272
180911
8273
1165837
1164184
1600091
2039715
777379
773771
731137
403327
2212749
1334195
2349539
781379
2326779
2649071
790202
2293536
717743
769947
2406383
788833
784709
473297
473295
540514
983227
2187777
1166716
749412
1258145
679497
771211
770653
730426
599431
2498748
676146
1447936
1655232
777384
1918131
1169719
676747
1169633
259427
979160
979161
713555
769446
768957
1182880
1241448
214688
781743
769950
773081
773082
718642
778808
135658
267793
267792
209201
267790
453295
267783
1256060
265314
217025
50985
2124806
267772
192383
267774
135659
429952
139452
716716
330277
988243
17060
3063665
330325
17057
1163121
17056
403567
403568
403569
440400
810928
775402
777391
781381
812074
14697
211196
724119
330456
193063
711721
1100155
720934
708729
1168776
1165533
1164557
774523
1168778
710480
780509
208021
330493
5135
5137
208033
281419
240703
1060384
129977
1195875
183693
101041
854645
183692
846399
374055
235634
710674
1686017
125441
1218913
235437
383457
1188512
770282
1170479
640802
2699295
857426
436896
2195438
892710
330550
1387655
718978
194241
1454871
538148
194525
7858
260094
30219
260097
1800888
1327245
770458
777051
137647
137644
137655
137654
782620
729472
1098000
710481
1669122
775404
1609992
1654969
1610678
710678
1601594
789905
1621015
1297917
719825
1562448
1537877
777409
1567977
1648401
1598993
730060
716499
1136985
1562437
1598697
1600962
1602604
1144004
788015
1588315
731646
1652663
1540834
768959
1142942
1631056
1556522
1599643
1281247
720777
1599982
768961
1652652
735826
1590471
732393
1600608
718106
789240
774730
774353
1555711
1608990
714759
745004
377633
382056
136684
136683
768962
453254
453255
1429301
2419654
768965
769953
769954
769955
1317848
508620
707995
707996
682303
789852
513654
788139
518307
81472
330582
330585
330588
330599
330601
892835
1229909
728411
1583959
769496
330611
715260
330613
1647629
777411
781384
760765
780174
720412
775405
780526
775406
781385
775407
788376
781399
784828
781401
781402
781404
781408
781409
781411
781412
781413
781414
781428
781429
781432
781433
781436
781437
781438
780530
781440
714760
1245907
1297260
770806
781426
783821
791350
779371
777414
773603
771927
731141
774731
196998
327893
246281
327899
50920
29682
539599
327918
137133
327919
389881
546126
234309
1211872
327927
257539
137132
929889
1210475
506086
508615
768970
717372
516785
380450
509062
468764
137869
287098
536652
327942
259043
1530484
137864
259040
327958
378838
327962
445369
783825
788018
424401
137130
649298
416987
133979
418164
7287
7282
7280
7279
416984
7281
580216
986927
158514
158515
246295
246082
637072
447272
1705621
449326
465283
7285
158519
158520
931135
447273
888872
327993
408689
135251
135250
126355
1177356
421389
30344
420093
1177367
403671
212246
436813
449452
126361
238453
250968
250967
250966
441174
440536
250969
250976
250975
250981
161272
440540
226304
251018
251030
3742
237864
251044
251046
375777
251079
226308
183083
251091
251093
251092
3685
251103
251102
226312
251104
251106
251105
440555
226313
251107
251109
251112
251111
251110
251114
251113
251116
251121
369854
251122
161266
1798997
251129
251130
226315
3340100
251134
3736
251154
251157
226319
237872
251162
251163
183085
251174
251177
251176
36463
375782
251191
251193
375783
226322
251204
251203
251206
251209
251212
251211
430753
226323
251213
251215
251217
251216
920596
251219
226324
523723
369851
251220
251223
251224
251227
251225
251235
251239
251238
251241
251240
251245
251248
251247
3231961
441187
1180495
251255
251256
251257
251259
251258
183136
375785
251260
403662
251268
251267
251266
251269
251271
251273
251272
251275
251277
251278
3726
251281
3686
251284
251283
251286
226326
251287
431512
183089
251294
430757
3739
251308
183091
3776094
251309
200919
251311
251317
1474520
375786
251322
251320
251325
251328
251332
251335
251337
251339
251342
251345
251346
251356
226331
251357
183092
251361
226332
251362
183093
251365
251370
3706
251375
251374
928775
251384
251385
251388
403632
3690
251393
3691
375796
251394
523724
251397
251396
251398
251400
200920
251425
375799
251430
251429
251437
251441
251440
251444
1434758
3740
960398
1761428
251456
226334
251458
251457
161287
251461
161279
251464
251480
251479
251481
251482
183098
251484
1066036
251488
251489
161268
251492
251498
1764981
251510
251512
251514
430768
251515
251516
251517
3692
226336
226337
251526
523725
251527
251528
251538
251537
226339
226338
251570
251572
251571
375806
161263
627979
801200
579747
251580
251582
251581
251585
251586
226344
1395739
183105
251594
251592
441208
251595
977987
251600
251599
251601
161274
251605
183106
440618
251606
226343
251618
251617
251619
36450
251622
2152308
251640
251639
251638
226345
440623
251645
251649
251652
226346
2514788
251657
369852
251658
251661
369848
251666
251665
251668
251672
574051
251674
251673
251679
251678
1727785
251680
438323
251682
251681
183108
251685
251686
251690
183138
251697
406166
1740990
251704
183109
226350
161267
251736
251738
226351
228798
226352
36453
251740
251743
251745
161276
2775431
251748
251749
183110
251754
251753
251752
225182
369853
251756
375812
251760
1120245
251763
251767
226353
3694
36454
3695
251770
3732
251774
251773
1518023
251778
375813
251783
251787
998052
251790
251793
251792
226354
1120246
251800
251801
251812
183113
183116
161277
440642
992900
440644
420052
251844
161284
251846
251857
251856
251860
180402
2138225
251864
161285
251865
251867
251870
251874
251873
251885
251897
993226
251900
3696
2524408
251925
251931
251938
226363
251939
251944
251943
251942
251945
251946
251947
3697
251952
3698
251962
251970
251973
3737
1341581
224616
1778186
375819
226366
3688
251974
251976
251977
251994
251996
251999
2174859
252001
252000
252003
226371
252008
438325
226372
200921
183124
252012
252014
252015
252018
373769
161271
161290
252029
183126
252035
252040
226374
252049
252048
2636939
252051
252050
252054
252059
252058
252061
252064
252083
252085
252084
252090
252091
252092
252093
252101
252102
226377
252105
226379
252107
226380
252112
200922
252120
252127
183128
226382
252135
252138
252140
810849
252155
252163
252165
3689
252168
252173
252176
226384
252178
226385
252185
252187
252186
252188
252194
2713547
441227
3702
1497238
252210
252212
252213
2736797
1512785
252216
252215
200923
252220
252226
252229
36461
68104
926358
226389
252265
252298
226393
252320
183135
252328
252340
252341
161265
252345
226395
3704
3734
252360
1554484
1572287
779042
738899
2195521
1549658
777444
777445
709957
777446
1283829
1645843
1317449
710381
1264665
774524
781455
518284
723457
1170356
780532
739631
377033
445548
1557252
444446
730994
723458
2166284
719828
719303
1168291
771212
787479
735289
261359
785609
1167370
376838
268130
16598
328138
328143
741068
328155
414140
241945
414138
544218
221005
241942
414144
1224193
890781
890782
328180
94079
328188
888605
328193
258793
2289943
464890
573309
257479
257478
29833
593774
769959
773349
782321
777291
789241
789242
208281
729970
287586
208278
21210
208285
208273
93213
1687
235571
208284
218459
2140387
457139
93210
208266
129584
208261
93207
235747
93218
632303
93217
208259
712406
328277
208258
208255
208254
990086
208251
1684
2062040
208250
560194
712233
774525
784829
66068
445579
259974
328291
328294
66066
2145559
599361
2408753
2163146
1967102
2062763
2580895
975283
1164325
1167607
1169795
18447
328314
328316
328317
328320
260001
328325
784830
2577569
2577232
1199104
860645
969919
550794
2169610
1465690
529444
189150
1012927
459949
529446
418224
550735
557526
1469596
863301
189063
377917
459951
853725
964089
550912
188921
2138244
1074476
2138245
1525740
529445
850424
188789
1353095
1067740
371271
189012
2160883
1447879
661521
2631758
198396
1414622
430567
1706404
855324
2089
552581
1683830
459952
370244
374435
188872
529442
1383091
856699
944097
575670
1299668
955419
554513
2083
860646
859875
2081
750633
429706
581598
379529
1457534
555257
221907
844414
188946
430222
459947
459946
2086
557606
1454982
850067
188852
555739
379878
1072736
2736821
1070251
193799
3896530
557907
371251
1076497
2736823
2088
2085
189011
691529
193798
977524
167133
2082
557741
660506
556228
1229213
208504
771513
3252787
976670
452926
1805245
1325811
689713
559943
1076498
1324805
3342856
2136086
1583230
668469
721549
736097
1646432
1664413
714007
758120
417784
778811
731571
1407483
780535
994534
1256312
446945
585585
1207373
1217897
746591
387024
386799
426764
8490
1421109
523409
420055
624124
476264
8510
638582
68433
68432
8495
1308366
422063
449943
757599
420676
1679523
1204133
946947
1522436
195935
8499
422469
448996
976736
420945
971813
450236
380972
421023
8513
1679524
542820
422169
383231
2512469
195471
68428
668285
515148
128550
68427
804600
68426
287919
128548
943049
283510
1101379
1792606
1470062
128547
1679527
254268
450171
803532
1303894
986871
8488
808478
692001
8505
1485251
420057
68421
68420
1678774
216896
566307
8496
545691
1454996
624129
287410
68442
8504
803536
1207431
8487
585573
1185925
2504606
1993612
385048
720597
781459
717639
2752600
128623
588433
376960
128624
128613
714883
128617
749355
588243
128619
589522
377164
128622
712861
785615
787603
782791
799189
789243
989460
3038933
773899
710945
771514
782966
2068876
782637
2126077
714763
2168798
787483
712244
786349
781880
777448
790754
780548
791510
447870
2864911
256152
702051
256150
256147
256146
328378
1601818
1515955
994562
804640
800224
256139
256137
328388
773982
707700
256133
328395
995319
1508816
256132
702577
1157140
447832
447830
419978
447827
447825
9227
3380912
803539
447823
447822
2972905
978702
447820
447819
447818
995049
697842
256127
1256500
2637069
256125
1049764
870211
374637
585598
1805526
973083
328408
1339489
808496
2501691
1678547
447794
546089
2736832
1333478
1561194
803540
2578822
994827
994826
3380914
256121
256120
585593
280277
9223
585591
1807351
810779
447780
447779
447778
585590
217882
1372978
447776
2736834
9224
328413
3899395
546834
3571609
994849
994848
447873
447872
585613
3571610
1588815
1173096
447868
447867
447864
447862
2736837
1256533
447861
890925
3025374
1256530
1175947
585612
585611
1256529
585610
447858
585609
585608
1297039
9220
1256527
447854
810776
328418
9219
767211
208501
2649443
447849
447848
1803216
447846
4057115
9225
995322
447838
447837
447836
328419
447831
451938
811998
447828
1807362
447816
447812
1256502
447808
632306
1256499
1807353
447806
1365706
447803
1256494
447793
447791
447786
585596
447781
718290
775116
2155841
1613420
2182054
2175499
2443328
2083102
1568249
2722812
782638
730160
788813
789347
708624
710482
2215420
1222449
720778
560326
560331
328431
786352
560335
560330
911
888789
560337
560328
909
328447
777900
777722
784389
710142
770460
770461
716473
716474
782325
769961
783074
771928
1177685
416237
192182
192183
241949
782326
782327
782328
782639
782641
788336
1182224
709705
1237649
2152472
1248916
722411
1267456
1280774
1234108
791478
3388387
1227278
711724
1599954
1267983
1241948
1181106
1239415
770285
1282826
1287114
777901
1258856
733857
1223884
1262177
1600502
782642
781444
403217
714783
771035
781446
708618
784390
789115
719829
402368
1216860
703847
379977
704500
705123
512102
703234
380184
693994
791512
2079287
2062220
2050867
2038200
714886
1971578
2046588
2042888
996014
1289484
2445231
1164755
1168088
1126559
1090062
1165104
1154597
710761
1253265
1685291
134579
418267
372390
1339536
134573
2577241
2736844
134569
265205
36415
803543
2910454
733403
328518
1070168
36422
432225
134580
532747
191102
384359
252471
2633371
2736846
7666
791353
7664
7670
328541
328574
328576
541821
235221
891554
1148861
328587
328588
779643
474979
328597
788260
1339542
328598
328602
425167
328604
328605
2649563
1235487
3053792
1723192
1526372
2364585
707439
1503275
468317
969916
1253685
1296987
235784
1170503
497079
596881
718195
803546
39808
280374
468318
1344841
1194732
468323
1258481
711725
2649576
780551
787486
769965
1227416
4536833
738541
383460
255124
9194
40997
9198
40996
40995
618040
1709017
432270
9189
803547
420111
449473
1327423
597740
2138263
2138264
1435721
811306
2631497
1066197
803548
818216
2578090
988295
449474
40987
988351
381656
1332822
1332831
1373104
818218
2736859
1404727
197627
328623
784714
522571
258161
258160
1626856
219191
328640
6600
890365
328648
132643
769451
781744
782329
719523
710764
777453
768982
1684192
380881
128538
225875
31157
617481
402183
729474
779184
403626
790756
789117
790757
96676
167595
2060879
783828
328743
5787
5784
3376792
328755
5783
5780
328761
1364171
5781
1179051
1579631
1559859
1617636
786354
1628429
1600807
736416
1541372
710143
791355
784831
403376
791356
777526
779185
774956
779186
717088
1286752
1667125
456691
328784
213
328791
787004
782167
1507015
891362
328796
209998
781447
212
208
209997
791721
791722
1414673
1299535
1403780
402910
3101313
1358825
1679425
13640
1176072
985243
791047
770809
778828
190859
60767
9252
180508
138998
138999
139000
36756
190850
503742
190872
705770
787138
1274253
2046590
4286
704256
704757
542302
1239579
1153897
703976
703827
782645
791357
735786
768984
771218
713729
1708022
1708027
784832
717755
1235829
774736
1226486
2990433
1335336
2354742
2197414
2184058
2218326
2060844
1264539
1261358
2164002
2182318
2525776
1439169
1639877
2727374
788617
975734
1218568
1431466
1910741
1920273
2433177
2174180
1281806
1186079
1280294
1294968
2882873
2054827
1275693
2150698
2142335
2181662
1403777
1968104
2044024
1462106
2888567
2143470
1181879
2061959
1930033
1279732
2082810
2701268
2193281
1239794
713662
2882448
2906789
726106
1973158
1879432
807437
2075617
1913513
3115989
1090363
2970512
2983169
2403816
2902836
3020824
2171550
1013155
807439
2405726
2919743
1278107
1253829
2178219
3911391
722511
2242296
1174896
932359
2176559
1583968
2992217
1896810
2049559
2078607
2199933
2178863
1926516
1515230
1272432
2074640
1434472
1711481
2059957
2957904
1501021
2051304
2201723
761524
2166488
1956675
1262833
1803995
1193202
1700217
1408184
259498
259496
259493
1328157
188761
1065992
554911
1339205
2202721
56476
6875
56473
56471
1498356
56469
2677324
2581211
988266
56462
56453
56447
56442
56438
259482
56430
259481
56424
56423
56421
56420
56419
556151
259508
56523
198518
1942250
56507
259500
56493
56490
2183699
2141499
777469
196360
328896
193150
504860
1658064
682357
227091
227088
227086
725651
504864
93535
725695
160292
160308
452171
160244
31035
160247
437288
31037
137908
160264
160269
437289
160276
160285
160295
1520261
196613
93538
93539
160298
160301
783829
784391
789119
787489
787491
780555
677199
1599979
1287795
1248661
1707246
1598623
677197
1178319
1222579
1317787
1617622
769971
677289
1528876
677195
1261933
668202
677194
1178766
1243697
1282008
2245246
1274757
1276699
1316443
1318022
2571759
677192
1226038
1272439
1531660
781448
1227275
682036
1317921
677235
677185
1265491
722866
1544927
680797
1316599
737508
777470
789667
708270
677212
1601368
681010
1089072
5205
1169721
1591568
1131121
1103313
785914
785622
708829
773902
769453
773903
775410
133129
55831
132995
133045
544412
133132
12967
133137
133147
1330371
133203
12965
569043
133245
132992
12969
1214000
133029
983140
133030
544398
571022
133100
12993
133101
133102
1210317
133104
1210298
133106
12964
635268
133108
161368
478213
201156
161362
161363
1210300
572987
1066833
433176
256490
161370
544494
93265
159846
93269
159851
224380
161364
133144
224382
133149
93275
1175194
870400
93279
478248
133156
133157
12973
590571
133159
12974
12976
133162
12977
133165
224387
590575
133172
1980358
133173
1516407
133174
133175
1210320
590578
133181
133182
590580
133183
573252
1214002
133185
374164
803554
590582
133189
133193
133195
133194
12970
133196
12966
133197
65979
65953
133202
65980
12971
590585
65981
133207
1330357
1330358
692287
133217
1167295
133219
197946
133223
93304
642707
478296
133240
329088
1665034
132990
42098
132997
132999
93244
133011
133012
133017
133021
29878
133026
133027
133033
1214006
81136
133037
842656
578395
1071064
133040
544454
201142
159834
133043
224403
93252
590436
256433
653142
590440
478192
12992
65995
590442
478194
65951
849226
133060
133061
544507
265505
1180698
65985
12978
133072
133074
4087686
284245
133081
65989
2738605
582126
65926
65991
940673
843552
65939
1210316
590473
1341373
133098
590479
259580
5420
259583
2055697
259574
259577
1267731
1293793
1242051
777529
712248
784716
775117
1611334
138960
771036
770465
771518
788661
710145
768989
511091
784392
777474
769454
716504
785623
722867
711220
790761
1604112
1168163
1601166
1568026
778831
1165519
1166483
788618
445975
739144
777475
1165763
711999
708133
1165765
771776
724800
780558
1135669
1138329
440792
786670
41377
41378
1658831
41379
380469
191104
260774
426921
764837
6835
260776
789349
1237360
1338689
728555
790887
2046591
2055115
120224
2060536
2072245
4684376
2710408
784394
778597
513203
130053
130052
329259
130050
130048
242180
329270
329271
329274
416226
215545
220690
476981
138817
476978
329284
329287
284652
709797
709682
1286328
770657
714786
737291
2344175
781881
1333119
1251365
1110891
1249306
788619
716479
163945
178780
329307
329310
329312
386527
163946
178781
1219439
1265919
178782
506518
680862
281781
510459
393073
375337
380101
2736895
91845
379939
516934
714789
380444
730653
3256207
780572
739786
724431
768994
769974
768995
769456
768996
768997
120171
786844
771521
771522
768998
768999
2045541
785827
597021
38903
12529
12531
803561
38902
12534
217556
217558
261881
1300244
1300248
1281920
93341
2680117
457143
93356
93361
1685566
204378
93365
1323975
834598
93367
2380
558191
1065902
556887
1499283
93375
2377
93376
93377
2381
93385
93336
558581
283770
2378
93344
1344509
100009
1182381
2649926
770660
770661
778599
775412
770662
770663
769976
782345
769001
782649
769003
769004
769005
769006
769007
769008
1736908
860401
372494
894442
6314
463372
1785531
6313
2063019
1338641
700706
3236681
2690490
2037939
372495
1169555
779988
1131137
1122620
280178
689735
37110
520712
161148
12915
1187017
1333833
156238
37108
3723594
468598
37107
667000
280121
520781
161138
421593
161134
425189
161133
431156
1039236
1918208
372799
12909
813816
329414
2499589
1075560
444472
429300
216891
208704
218558
523558
929469
225200
12911
3342716
431154
161122
267411
807379
779044
130838
800173
476625
702043
701836
1167329
267443
55925
1098386
2571046
1335346
1694922
736418
2523898
973295
2364955
133922
754471
3144963
133896
2261148
133895
2393770
1176080
2649999
735244
133907
133908
3833405
1335349
2236160
2672772
4085032
1690745
2596976
1176081
701828
702097
1164664
703777
473343
473346
565484
473348
473352
445632
708992
778844
708902
2430297
728899
778601
708000
712337
1295102
710784
1239355
1243216
723328
720457
769011
722978
769457
769012
769014
1229390
770286
710859
777054
785915
785916
1246308
780573
798325
733869
721160
710485
2675146
488508
30725
435094
214322
2317
435095
496426
214318
617791
137240
2318
632313
777495
708626
735276
376355
733870
711731
782626
712249
252601
720213
788470
777499
777500
2411265
769020
2650081
226507
514246
226511
226506
226509
515123
1206529
227240
777501
713797
439
727455
729209
774355
17880
17850
1530932
2582
2573
714889
1557871
179946
1133758
434515
1662737
1572510
2056575
2072937
1594584
710253
134105
2428974
16781
16792
134102
2894087
264679
16793
2675053
1415975
1499293
16785
430093
329508
16788
2573404
3339731
3241411
134109
134117
329522
16784
134113
134112
1176084
1248262
235480
1277974
225987
893520
448172
448171
329549
696212
380937
788021
280981
4241
780575
262913
1702683
1265285
262912
732479
508160
1332969
507629
128903
1285222
1298774
771524
262004
782924
1222155
262003
781490
1278835
377246
1265467
720515
1336226
748389
409870
812678
781492
2353430
781493
3339462
4228
2732525
551007
2736910
129057
2577157
96110
282247
498269
4221
4232
4233
96115
4224
197347
930906
1180605
553930
1180733
459227
4220
4226
555554
4235
528825
775581
1192407
39426
39425
39424
1326704
717756
770293
728098
775417
750667
770294
786356
3257578
714401
435678
1257456
3771456
2672779
3025941
864383
437959
7418
7421
636019
956064
99597
560444
872652
7416
1020865
7422
1484502
99604
99608
329697
99621
780577
723608
717091
773085
788029
1164605
1164606
1169833
1166253
1164110
1150712
1164977
1123896
734140
788030
1577306
1116126
1169236
1166618
1166620
1166621
1166485
1165289
1168812
769027
700372
241876
262497
454967
262493
241873
241871
262491
262489
241868
262510
574685
262505
39637
413797
2555123
241879
413799
454972
699447
241874
262487
262506
730629
975561
1665609
1141621
267211
1013174
445447
1545379
377345
1601116
1278331
726656
778850
1655054
782627
1601533
709706
781746
712816
979159
1601520
777503
39583
800272
329810
329814
329823
782058
14415
769028
781469
446194
446195
1224995
1210598
769979
14017
783846
1343007
1992424
769030
754518
1302392
220959
221063
698661
1102945
1455923
697797
409634
180563
1785822
511349
1012458
512492
409640
652587
415727
771525
785637
770664
1291174
780579
778852
771038
771778
2376395
774961
2650256
3219264
2347665
725056
2569232
784836
2370125
2394307
732547
2560674
3911423
2400505
3219285
3771128
781470
1285639
3036698
2324279
788031
2650266
2570100
713923
3219307
3024972
457987
527795
527791
642527
710946
2688047
778853
704286
476174
703957
542770
446002
707831
787142
543294
698949
183670
698750
220933
138723
206412
988277
187766
4846
138709
95483
95486
129849
728901
377226
1554706
785638
770295
770296
769040
769041
44081
44073
178413
44043
731851
164171
179004
1050530
44054
329922
893635
44059
721130
30739
44068
329935
164188
164189
227579
1198761
178421
44070
164202
505292
329948
504620
504622
2012153
1581328
1368109
447622
1535493
804962
710785
586083
1598835
208671
13473
193297
447619
284725
718964
716243
221055
221163
380220
221138
407963
380634
239356
220697
239218
144003
40044
2576350
380705
372005
469218
735999
239260
220865
778173
769042
728902
717757
728412
781516
784837
374863
784720
784838
714810
1258657
781517
775422
785640
775423
777506
1275129
777507
789670
715382
1225488
775424
775425
1235113
1239578
1237638
1295125
769044
789497
203699
16716
94018
2675097
137229
137227
137226
769045
625113
790210
773360
716482
729001
789352
785642
729825
402874
402876
834692
456367
402878
526514
402879
456364
781747
712253
777533
717496
710150
1699184
190313
1204633
684494
190312
376505
376506
521503
1297557
217458
786358
782629
785643
784840
773777
734866
734867
786360
730384
769985
778856
782659
773361
773362
769464
777508
771042
536948
751699
330010
97889
330014
330016
536939
894151
330026
1107941
536945
893137
262529
330035
712941
523653
330043
262528
42140
3584067
1333855
13244
1027477
804150
13248
42169
586454
1283911
330072
931178
865976
1713134
3698090
1657489
1971105
2261768
2650418
1694941
1666900
1971451
1972443
445662
894713
160119
196514
403040
1244706
1175563
893569
1588
97750
775585
287475
290507
287106
330176
893636
893638
894311
778857
1246079
774963
777723
777055
771043
771044
1183312
714162
773607
781518
775427
784401
1262342
257416
257415
2126723
257414
257413
777056
257412
736596
775428
257428
3282012
257427
2884793
2729728
257426
2765005
3014521
2713200
2964895
257425
708641
2708203
3101077
2520335
257424
257423
257422
710864
514879
31865
177679
177631
181603
177694
12422
12424
165510
43395
43392
12425
165516
179285
177630
43390
43389
43388
43384
12426
12419
43381
12421
12434
369295
1646619
257679
454612
257676
257691
416068
416074
1106229
778870
769465
770812
777510
1470385
1495164
2523117
1510756
773363
786963
780581
789353
787573
710865
788378
723868
786965
931744
769055
788317
731852
718965
1090359
733405
781885
737357
775432
730054
785644
769057
782661
774964
787145
788663
716614
790212
788664
790921
784841
769059
777511
769060
781537
779472
769061
774741
769989
777512
787146
785647
284998
502272
281887
195288
193365
288352
286343
286342
193362
2650596
2712323
718323
782662
381288
1261752
1328596
984881
224790
2663860
1685288
522077
975528
1172788
421395
2506470
432689
224796
3375742
210024
210021
262241
262240
262239
476611
543066
262231
666753
710152
784403
785834
770297
710948
714812
777724
447931
337835
337839
447928
447927
995192
790767
719581
337901
781748
130585
746688
896739
3710193
448675
448676
337905
995314
712866
448677
897213
1256397
805667
337915
212403
337918
437002
337919
337921
727483
337922
337923
897278
337924
337925
448667
1097685
337926
586815
337930
337931
337934
337936
3571515
791663
337940
717276
338008
618176
717104
786673
2047616
725170
12214
1630379
12206
1647945
1634366
1598754
464829
445902
2802405
1156610
218089
1561210
789522
1170108
2704767
1244619
1311
1316
1499852
2138323
649470
1705182
1305
1068065
1068021
2906617
855644
1499910
2573626
2164817
773367
1184801
1166362
1167764
1167765
788318
1672148
1458119
1167767
773086
769071
785649
717744
717578
781476
715749
769074
425264
338359
193506
96526
285843
456525
4550
987134
4551
2736940
2736941
374127
803594
648367
2663128
2506108
4548
4556
2736946
1321409
338645
338646
338647
1607151
218578
338648
338649
13395
766882
13396
13397
13410
338652
1507942
13408
39359
13401
13398
13411
13403
13402
13409
773779
803596
338854
282345
1324963
1184527
696699
784405
775586
708742
714894
783858
784406
788338
789124
260867
339224
339226
339230
339231
711081
195137
762427
196322
747463
129898
415940
129902
129904
339552
895822
339561
31640
31639
635078
339584
339586
339588
339591
897771
339595
576987
2107892
1172639
1285516
208672
253030
1285521
941558
1066155
1285526
95923
95922
261059
1066030
463178
478890
5316
5311
5309
414069
2925645
337700
2200239
497732
895805
213527
42475
963275
337752
2051698
871375
1699152
2514801
501152
337755
213531
432993
7620
7619
337758
1152785
42480
2150018
2506465
213528
2703746
225006
265061
377597
372253
225036
1259515
1288590
1317710
235238
777517
871376
780600
403282
702116
474090
474087
257612
698118
701924
474089
702564
710867
730359
777534
777535
709167
735992
380041
235686
235425
1208499
511813
708005
727892
1223
1222
95388
2925647
2925648
167666
95380
95382
259964
167667
95384
259966
1515145
444566
695680
506374
390346
387339
696330
506800
695911
389389
257655
668349
436534
506448
425266
1399389
128242
734651
1165622
786967
733034
1165623
1164310
1166579
788477
732131
1167554
1165069
1169804
714895
1664223
1275272
1336178
1168951
1168697
1168698
786968
1168165
377263
769996
1338704
2712016
1646870
1166363
1554835
337882
12714
337883
337884
897137
337894
770299
769080
717095
1175464
1222279
2043656
1529814
1670876
1337079
714896
5635
709961
769081
769082
777538
785651
1258805
1684215
337962
100939
337965
337967
719585
790770
713732
718469
128253
337998
1167189
1169882
618043
338039
46522
46523
201861
4244
36652
178088
719060
774965
474296
1592932
1486596
1537202
4159847
2910462
1589008
729870
2302114
133577
745834
1276740
1272597
723742
727152
736660
1187237
3438085
742011
1174746
133592
715200
338092
1180868
133593
133594
1487902
1280953
1913253
133578
1208605
734350
731499
2052066
1904268
1964441
133579
338105
734078
1212249
1283377
133595
1370667
1168558
1540797
1366280
133584
133585
1599363
2048305
133586
720800
133580
2726573
133597
133588
1544299
1260346
133589
1537526
2171168
133598
735487
1379061
1302809
742478
461480
1145068
6740
431922
6735
1705256
6734
803606
6744
268048
721598
780603
714898
775647
391987
191576
516865
139224
719834
785835
1167188
1168180
1166623
1164560
1299847
1151474
1164636
786970
2060589
12953
539061
235681
631872
985503
471682
1607925
2045834
703931
703981
707808
781546
780604
8528
8527
2445815
8531
8525
8529
777541
1537189
719269
1538056
1589958
784554
719525
790437
1595594
1599978
1650321
1579396
1238082
708627
712139
778620
728692
717580
1245347
8389
8386
2696085
8379
40891
338316
338318
697206
338319
695737
338321
256715
338322
781479
1084137
1130123
714815
769467
1116128
781480
781494
1166720
1165799
1582417
1167414
1164637
730752
769468
1167415
786971
1169031
1170816
788923
781563
1315743
1292437
1318406
210943
128997
210945
435069
707835
728931
781498
781751
777571
782349
546088
2501214
30605
872202
126411
338348
721599
196355
1170271
1101005
784608
1124551
725816
713744
781564
778622
786679
785837
788033
402430
777548
786367
402433
402434
708034
787575
771532
771935
718787
786368
784408
780606
2162006
2080782
1660438
338411
30770
431917
2634426
807627
3381372
30773
2071617
2305818
1266725
1551028
1234898
781901
778623
781499
218816
777576
1252247
737495
710979
780075
769091
769092
708848
716363
740272
717597
781902
713738
777577
769471
518802
513623
30458
412588
137607
201799
700765
201796
220441
155800
1049130
1320649
3901832
3238975
3238976
689636
1299751
3383935
3068533
2578345
3609795
156152
372382
2736967
435436
520895
430844
3340454
3068527
2502290
2505494
3068529
3068530
994902
995121
427034
9212
129240
36349
2664356
2574633
3238968
2580600
1186689
447520
917409
3238974
804917
3602122
2581134
435438
549555
1700660
447524
3234008
3234003
804918
2574173
36364
972810
424599
36365
2018786
586023
2691836
987818
3370457
3587260
4071503
3602120
1700658
9216
2580875
435440
1411449
4540582
36345
1959
1958
1505857
35654
1971
2680695
402341
967227
555264
228244
468281
1968
1957
1966
338509
68266
68265
1984
1970
68264
68262
68260
842419
554749
1965
994127
565486
68259
1956
1955
1517337
1954
1977
513280
68267
635324
68263
1973
1066924
1567948
1169470
540524
540526
779990
769094
777917
785656
714818
1338928
716246
783865
783866
783867
2652350
252704
576072
474456
2585406
218727
786683
451026
143194
714819
440973
3900633
377
1719216
381
624194
380
375
1538460
1568085
780609
791209
712868
130800
130798
1165196
719053
130796
1190756
130810
130809
1575803
730322
709516
338546
707836
708035
773609
338549
338550
282093
338559
475639
445327
217905
338573
993383
338574
897762
338576
1236592
1164907
1111517
3796513
1606083
726027
1261671
1245432
2887807
717598
3319431
4588
161104
139170
4590
264101
139172
241606
161106
161097
1450973
2501291
3443787
139174
467812
4589
161100
139177
139181
467813
139182
781566
782065
777918
3911467
775436
770670
781567
2342010
1296867
711758
1344912
788665
710980
710156
775651
721132
380824
1166389
998443
475262
382142
740544
1198556
542062
578493
848107
1191617
660973
762094
938351
833949
385555
392453
833641
708213
380823
383226
2197118
653828
646121
1215098
382765
475257
385978
633635
859281
689696
659148
633633
452347
1678046
545438
633632
633631
2575245
1199933
1031489
633629
633628
156534
1803045
633624
475255
156533
559895
451423
959038
633622
973169
523478
265207
449693
373805
542057
429380
803613
786681
781903
769095
770002
713432
713433
781500
713739
1278536
2694130
588466
1797728
2914447
722218
1796000
589370
723547
252698
1193365
1988704
588325
2099733
1210870
711607
777582
2072396
1786690
1779804
589686
589403
1191415
1245671
389878
718326
2191887
3273310
2181976
2385710
1265979
2652404
1236127
2173899
1194988
100636
1098270
6296
663599
1540273
1647806
1166025
781568
744391
771533
778177
774966
261262
195357
338770
195362
287110
703029
261259
800255
338783
710787
789126
789127
787494
697436
29680
953906
29679
1455164
338817
29681
697520
1079881
338829
338830
29676
942179
631878
1067888
1227705
6642
777599
788688
771049
785662
789858
775652
338871
338879
338882
338883
338888
784573
338895
770672
779046
4806
259538
534268
465875
1105640
339043
710614
339048
339052
134490
134498
134491
134478
780612
134484
719213
727640
781570
134479
134480
1203026
1175414
1205936
417936
134493
3043526
419339
15927
499177
2138358
1204234
430510
2138359
1338303
2138360
1459427
15953
2507175
15932
988432
15933
15934
1065886
816910
15946
453009
521505
1065889
1500589
1065893
3898855
2502531
29747
785663
779289
746439
1233171
372810
2038441
1684375
769473
1297317
724372
2888449
1316129
785664
717049
2352273
709169
770003
783868
16647
781572
789129
729423
773610
781573
777602
775438
769098
3388363
3803983
2591452
1271415
667053
1297539
667056
1218107
930115
667057
790289
279828
769100
734031
774967
781904
2038111
2060663
1601536
2063971
785666
2050473
599494
783869
1649602
787499
1599926
770816
1297290
1268474
1577368
2044192
782632
1616453
729424
1586282
1571269
2336317
2154094
1609920
711007
1635077
1637627
1533985
1288257
723468
775440
2063972
791212
871096
775441
784725
1249183
716619
736896
1234086
724743
1600443
2043974
708904
1531025
1600279
1283192
1248223
1268875
791485
1629849
1250556
781768
721198
1600654
1617611
708744
1226661
1534945
1273008
1612531
711245
769103
1600406
1269394
1233173
724744
781502
1658735
725535
2043976
2170840
2164106
1175621
1178933
711246
1598992
1600674
734079
783871
731470
1599131
1600656
781575
781576
1602265
1186465
1200397
703986
1209061
1206316
180366
769105
771051
775654
426860
193218
339268
258422
17139
197734
198139
258424
2422002
258432
376885
258436
195873
258405
258409
339296
196622
258418
804595
769107
733406
726109
777609
2652515
777611
719846
769110
781589
205040
950976
98323
205004
205001
205017
205033
419330
205029
420380
205028
136759
204997
420616
98310
205024
476999
1133454
98304
205021
657629
17500
17498
1202676
205015
205009
205008
205007
129343
379065
279817
21779
205851
205849
129333
205848
205847
1068430
21769
265380
369807
1022468
205917
2001199
205916
372677
205915
813758
21767
205913
205912
934692
129332
205902
514453
516129
1073519
283350
205899
205898
803621
950074
856627
205896
205892
530528
21810
21809
205891
461424
812166
2584390
576538
369772
2572483
2584409
1066055
219235
205888
7382
205887
369771
431095
430386
369770
205886
405208
1803794
369768
975869
1709240
430396
205884
421991
488538
216949
982412
429212
495250
167208
1522201
425271
1700189
369763
852899
120176
4294458
197891
946410
495248
373573
2571144
872260
205878
7389
692002
211235
211234
208761
1451904
1515195
1326326
813779
578032
7385
1685899
39760
21795
3776183
392705
280614
279931
205873
7391
7386
369753
1992305
205869
1066808
205867
1479754
21792
982654
590184
205866
977299
205865
3068827
809271
427046
418726
205864
520399
452487
872263
205863
21787
205857
1685900
497690
21783
21774
383531
830077
265111
542650
449242
2631662
389234
280924
192252
1470873
279803
100782
788036
788037
2341475
715701
770673
1169883
436561
711514
42019
436584
473912
732833
540960
212073
719059
473914
473916
436574
436575
756319
540961
436577
473917
403402
473918
540956
42018
1595525
783874
790891
30894
2591760
339488
1085653
709170
769115
1600119
1600660
1631719
718788
1600670
1822
734220
769116
774533
2706648
785669
1571119
782067
715466
2164085
778901
1593778
1583695
1635085
709307
1641943
1590571
781506
722982
790438
786439
712869
723470
713740
1276642
1258620
18089
18088
2498894
1457308
18097
18102
18094
18101
18087
339631
585430
704999
705909
791515
774534
711248
730731
1249546
1181193
769119
787503
771781
785670
769121
782668
777614
769122
777301
2138372
873321
14765
14763
14780
1514873
873322
586638
859765
873323
549678
14752
14753
575420
14754
14755
14756
14764
1018905
807693
1709733
14779
805494
1030809
855744
932081
14758
468253
873199
858432
1191297
14784
1072003
2197104
574319
14761
695024
14757
197145
805495
1489352
1212596
1067619
1163753
586635
14768
586637
3602194
536142
1711542
873204
1455194
1841
339678
339681
339682
770005
769475
791516
720458
778905
777058
241378
413306
241379
478361
478360
478356
478354
478352
478345
544577
1113763
478324
586758
88844
445927
7288
1170800
1662284
775442
402970
1553104
1169974
339691
339692
16923
1170802
1151955
1166580
1164638
987732
36376
1169473
111246
445594
1953303
732185
1599972
2898028
751581
2181176
717413
717745
714903
2195529
2071386
3892526
1619586
1634257
1337435
790381
724619
1608768
789544
1613597
2045544
741625
1166570
2048573
1382322
1670704
718888
1335470
735042
1170803
1169799
1620425
1571725
1978796
1170077
1901222
717338
1531939
1650397
2071867
1595041
2163893
708851
717601
1170804
781594
1534126
1170805
1408747
2196219
1417391
2173539
1386669
711008
771782
1565140
1565389
1173061
1615674
3111988
1281632
6052
67621
13475
132651
377997
710983
785672
777616
788626
463984
463982
339875
1510069
2362516
1703790
409820
532673
854239
239039
1015734
573116
464015
1371213
415833
575500
239056
464009
699735
409818
567760
239055
239054
415832
532663
561253
2177591
14464
869210
3342374
627342
561251
3340076
2665098
988811
561250
869207
3367214
561243
417961
376020
376019
3656666
376021
376022
14471
1484777
3772099
14468
463993
1518631
561234
3367906
14465
812740
1338536
2844927
1045299
436617
666274
561233
389962
14469
463990
463986
239045
239044
464002
650319
532661
463989
771534
771535
779475
788666
777617
770006
730362
778907
716510
189331
44083
203755
1910
1908
203754
1911
377219
1909
554029
550218
137551
203766
1907
1914
203760
137550
137548
1609322
789860
397551
1670166
769129
773091
718889
769131
937033
430291
651500
423407
430259
204010
435010
1343233
437414
204011
594952
381574
505359
383473
539580
1399537
209150
539573
539570
387237
516969
287962
1195043
1613480
449735
1052055
1026544
589055
1476284
539574
210893
1167328
975537
833978
833995
384537
210894
472249
957515
1080222
770817
786688
780076
732398
714833
1302861
1301440
3238994
2652670
2258985
734032
724936
711249
784415
1257425
773614
727567
1273671
736336
755418
235557
261350
746692
340037
340038
871179
714904
46102
996724
4945
2138388
2736991
2982422
2445668
46131
46129
4944
1335824
178549
46127
1175710
2907554
666766
46119
432009
46115
46114
381714
504522
46107
46105
723472
227052
241791
241790
241788
241787
784885
782669
711678
730632
774746
1234975
726110
1221407
2074642
619601
1922002
1238762
1562835
403223
212869
124
858640
126
813502
188825
212881
647345
212862
420089
131
188801
1052953
371147
419185
92423
212857
371028
2152692
117
1066972
555709
120
125
198988
1711543
538698
188927
212852
2680415
928858
917816
553698
370382
132
633144
495531
1481680
2737001
863694
371512
118
122
952410
2680403
197625
340089
208177
188948
2913713
212842
188787
119
429655
212878
136677
189185
1070052
212874
1492630
212872
263858
68459
68460
68461
68457
68456
521018
16957
16960
809293
476102
476101
376881
476097
590148
589993
589808
947439
586585
833584
856107
542707
838251
476088
476086
571730
833627
588258
476080
444577
377139
657491
837645
767206
476075
542706
542699
1558734
588257
786810
833860
476107
586588
588594
773093
1231720
1013193
636264
782670
1169475
783880
1632873
777641
551136
3314
3251578
68227
68228
68229
1480781
189060
3308
68222
805994
379319
68224
35665
235694
733057
128333
35668
128340
723896
68232
128332
788316
68218
440034
788320
259589
1165522
723473
784886
259587
1170736
428581
428582
871478
428573
259585
719307
777642
715203
719600
778911
713434
2523540
783881
728909
713435
725474
735923
731573
708274
780628
667548
227130
719122
740211
719620
376948
1214016
377329
235482
377201
377117
228053
2891535
789677
719550
445547
9458
9463
530690
9469
9471
999697
68216
9466
9467
381672
340184
773094
1188900
780629
445614
1170672
445671
1170673
447126
1169749
1169109
1165220
2050956
1217343
1246335
1243652
1262748
1266524
235468
447123
898069
340196
340204
340205
340210
340219
1115520
261897
261898
340238
340242
1117417
447121
447120
1084474
1169110
1170318
377047
1580101
261914
1593861
235752
1152852
17118
445580
1144003
1652889
1566955
724746
716648
93872
17173
1324131
570612
284383
871479
419392
1328167
520716
285457
17182
280099
17180
381711
93894
803640
93895
4280643
1013195
657156
863352
93896
287445
283690
289651
340312
282116
286146
282533
17172
2720754
93810
897097
340319
522912
340327
93844
846807
1485107
93852
93853
93859
340328
93861
93863
93865
93869
196953
93953
93954
93956
1495471
284768
1460157
56908
17155
198136
93961
286150
570492
17167
289114
162532
597472
287030
1351958
198473
498987
594119
283758
521397
224657
1285560
93903
258316
93911
93920
17159
93929
1488541
17166
195955
93938
1253871
340378
162538
281164
258330
166935
29644
493328
196119
93948
196120
128815
93951
340388
284831
93952
340416
95423
340422
2215910
800172
340429
282697
340436
340441
733556
403468
769141
403469
403470
668540
677175
783884
1244264
677221
1536738
722443
1256056
730925
783885
1526304
677220
721064
1628689
1538140
1570347
1600358
1599002
1665602
1224947
725171
562048
1599684
1607531
790382
1294999
1581891
403613
211842
138613
138615
436176
340465
2075235
385865
159567
340473
1908123
159569
436184
159575
159581
502484
159589
159590
383958
896881
159593
383714
159599
159601
159602
159612
159613
378328
95336
502489
382740
1336072
95339
436204
95340
502491
159626
211869
211872
138621
138622
138624
159634
159637
159639
138626
138627
159642
159647
1679490
159649
138630
138631
159650
159657
138604
138605
138607
159670
138609
138610
159671
138611
159675
159682
436230
159686
502487
138614
159697
775120
782172
340562
895006
785830
340591
340602
791678
542922
340606
785780
733514
782633
781597
1027878
120299
189343
827684
189342
420337
430693
1168873
375247
120305
707866
541741
120303
956376
120302
120306
120301
1076271
541731
120304
1407177
777644
788379
717121
731817
417760
782932
788925
786693
789678
788040
710987
2156
3759598
2153
2152
95877
160171
432219
160173
137851
759892
2628216
4634258
780631
781908
1168803
1111475
702032
1168804
459909
1168805
1168806
459914
281129
1168807
702345
702080
780632
771939
709308
42194
590940
1285451
381431
378586
2652855
1262625
716364
1288568
445797
786374
788926
733010
726220
788667
1230843
721957
782350
4083525
1534195
1600139
775656
1142614
716032
617938
2628323
3340659
1691253
627320
731652
1691254
3775056
16038
771784
3775055
721649
3235917
7564
518626
518829
263351
704568
455789
431834
403525
769144
715205
263535
1093664
451313
519102
263784
263369
449798
263411
264489
386317
263343
240653
506750
17591
709187
709198
1234835
720941
770471
727053
445517
712281
1288334
1288326
1260521
778198
714837
3337652
617515
1312508
376931
208823
786376
2788154
1296496
1238005
781599
1543207
518324
518325
522182
1223275
1597472
1297323
1226557
1675874
1325872
781609
731703
14952
279894
791217
340831
235384
235285
770308
420175
209088
2499923
561683
561716
209089
373089
453054
101038
968299
733299
423930
777667
785681
781611
777668
917748
917746
917745
917744
208698
917743
2692829
715206
782671
1296948
779478
708500
717117
732727
1182413
218629
487215
580208
538826
773791
439822
439820
478784
439823
1164670
1104967
747278
720207
789401
765316
471476
439821
1238466
540614
473424
1216296
1259100
1250381
1107056
705839
140745
473420
2197981
540613
204291
180220
1738639
838596
88893
410706
41778
580796
212263
265393
372511
1684766
1250878
1684770
722445
1225482
788751
1175524
788629
1258993
1182869
769155
788630
775449
1255298
769156
710165
788044
2071869
731859
718789
711743
445410
2052725
1335994
2160690
764726
773371
3448306
2064084
708016
3800563
708645
741495
733535
1049294
803647
764090
2183625
445948
1420261
769157
781613
1702978
1294454
1262267
771941
782793
777674
711780
711781
259228
259229
466359
667923
256281
242473
1210294
280142
1321829
1245085
770474
1267850
788045
1662606
770475
1232547
716515
1256824
1561258
716649
1273583
1013204
744285
716650
1264522
771055
1280072
1583294
1250252
1244014
779210
781614
773372
785683
718328
1238640
1247582
1249400
769161
736143
774259
211152
3014916
261535
163670
163671
163672
1154615
163673
226656
226657
261539
163674
666701
1160897
1104274
790472
1879550
468742
1301630
902688
258485
474085
1189928
716651
716253
133892
141818
142448
2583233
142524
5592
128071
5594
734221
1603774
712873
1601570
2052205
708275
2735051
2890838
1754725
66745
66725
66726
66729
546913
775451
775452
66733
1596180
789680
1567127
1571588
712284
66741
1563736
789681
1637204
1668078
1587265
729351
782635
1006297
643102
237619
134894
547709
788932
403032
1226011
791373
1230435
341188
529781
341190
341191
440324
341197
738878
341200
97
341208
341211
341214
341215
788839
775453
646866
1084775
475578
705016
1415141
432089
423564
218307
254251
475597
475595
1285570
422103
218308
804164
804228
712286
775775
1272733
781527
873551
1664301
782636
777686
777687
777688
778917
466452
264749
699043
414466
238672
414467
414450
264756
414453
257659
238673
238674
414472
414447
414462
466478
264761
257661
407351
414465
789620
341236
2631995
992967
803682
341252
529229
341263
4811
1244096
518326
901597
195275
533897
1153556
731016
785839
843268
341344
1125573
12676
95171
95170
283538
6216
95173
341438
784560
1235870
1168542
1169418
1571810
1658806
1674156
784561
1666121
617634
780637
3711839
1601736
774970
784420
789682
771540
771541
747554
764007
781770
1166217
1168875
729570
787506
1170849
1170850
1170737
731686
1284893
777703
44573
178424
14073
44569
667133
3159196
178425
44567
38967
164426
1907583
1696214
164432
3021785
523453
38966
14082
44562
2975151
227609
14074
1425680
227606
682257
164450
1679093
3297560
623108
14079
14081
14078
623107
2184349
14083
623106
14075
623105
178438
627409
1028020
623094
178439
961819
786380
377288
833782
585273
781615
781616
287656
30194
341554
260308
1168184
1625320
226555
226556
504754
1025392
226550
226551
1168447
191372
703874
476040
569014
262725
341580
902217
341582
903103
341583
1404
235540
1403
341595
262728
791374
1164671
1136009
783886
781528
719309
1578477
1166884
464885
781618
734145
717069
786382
711084
777704
718695
785685
165582
790776
43850
165583
1191916
227126
178554
508110
1190098
1221941
596327
1212939
508575
508124
1655104
218489
1220141
681083
596785
1216253
1265581
1290103
682566
811578
508111
1267744
286748
811604
252511
1215419
516766
1206437
1552238
286831
165587
43853
43854
43855
178555
227125
43856
43857
504689
731860
165595
506008
165598
228035
1216547
177980
257222
178559
43865
47853
165610
227127
165614
227128
43867
1194338
680027
521356
1407649
7408
505653
816906
341622
6204
159762
6203
265448
2724426
242578
1324926
30366
6199
159748
1197568
803691
1298894
2196766
402192
159741
6196
871834
159739
159738
1722386
159731
529507
2863736
159728
985636
1686078
846843
561083
159725
30371
159775
704769
6202
702037
159745
2412655
979158
1168063
461682
1599831
461674
461671
461670
461691
461688
1167140
461678
461693
461685
2653140
710831
731745
781910
774749
782756
522278
522279
725856
709709
717415
783887
787193
725766
784891
791375
789500
780657
783891
775455
712875
719555
724441
708853
711088
1315562
733536
722166
204807
204815
128278
2465
197619
803695
2466
1070511
204790
289379
382334
204792
838200
204796
2464
2462
204816
782757
726580
1169669
1170078
717869
1169755
1039318
1001749
712415
775776
1169627
1683149
714908
2056328
1298318
134041
134042
3035831
2220933
1591621
2052288
1210940
1195015
134043
975546
2062549
134045
341784
2157427
134046
134062
218590
2914089
134063
134065
2998275
1379442
2467748
2040538
134035
1290618
194036
753661
2899711
538872
803697
258095
1964051
772501
134040
341797
1691054
767051
987884
1219136
1690512
772502
3089282
158560
134039
2153089
93736
3044319
1686726
378053
1304637
383803
372363
1549637
134056
1335488
134051
1965902
2902060
1534102
134052
800269
1362797
2076442
134057
3353440
1209170
134053
134049
134058
3047215
2043341
93744
2798428
2401988
2080651
2854720
2049580
1198163
1520693
1446432
1222666
2140538
134061
2165659
134055
2055942
1145375
3709488
2731452
771544
780659
214020
916188
778952
2222653
785687
778954
774750
1285913
781621
1230633
738661
725655
218611
1244198
242701
598263
39385
242771
513099
39399
675907
39379
39387
16893
676320
2187156
1987970
2072362
2050454
1711554
2041467
2710779
1421169
2074940
1879561
2387435
2887784
2589057
1417152
803707
2068232
1690508
2075520
2917593
1336877
2708768
714840
1049222
1904488
1596917
1909554
787507
2043956
2714719
3067384
1050688
709641
2907892
1302773
1528345
2987594
1964565
2083909
2048434
2392146
2169300
3614690
2043635
1254348
2289649
2060639
2417931
2183718
3805047
3324943
3454114
2421361
1599272
2383936
1536353
711090
777728
709526
778955
250
505719
1324199
3723992
429233
244
4531857
235
722522
995704
786384
1529533
1634308
784422
711783
341928
341930
341936
341940
341945
341946
714564
777733
791219
341971
903368
721168
341977
378846
728760
1253849
1285261
733641
790781
284334
597782
770476
777737
786698
786699
777738
782759
280795
215292
137720
1290
137721
1291
215285
3336968
137708
137709
137710
378761
973463
3338850
30819
763623
342016
137715
137716
777753
781530
1257697
1287151
786700
2672914
782761
1264263
711093
1183090
777760
3141988
1333079
731480
731194
777312
783899
781532
1226634
773097
777762
96095
96100
96097
3435
3436
3434
787513
1247424
771545
755314
21521
68797
262462
1455282
554164
21525
2737052
553381
68794
743148
21524
1700453
2737054
857173
4714
4719
1331500
68791
1162193
646457
31622
4721
727189
1238404
1290266
803708
731373
1170853
212513
789867
518328
967421
1079922
1170009
1164673
1128281
709383
445785
1166520
714910
795878
1282109
212510
212507
518329
730734
1088564
1010051
212504
1144139
709963
1169628
716257
707840
780663
618864
710169
51005
710390
727743
790784
771546
777776
139088
1913825
5681
139082
800843
130693
137878
215325
2138462
223046
16653
1325321
16656
223004
16663
215319
223031
16660
16655
2901099
223024
223022
342177
93120
68122
1410148
68120
68119
3052
1339500
431090
3087
68117
21184
68116
3084
3083
3082
3081
3050
3080
93128
728267
372303
3588131
68166
68165
1489713
68163
427192
68162
68161
68159
2138464
963270
68157
1450436
68156
68154
68153
3077
3090
68152
1323931
800499
3075
1506952
21187
2139601
3091
1332730
3074
68148
3073
1068356
431088
3070
68145
996131
93125
1411564
996130
3057
3066
68134
68133
68132
986957
3064
68131
800496
1066073
1455794
68129
3053
3054
21186
2884096
68126
556430
1686649
522999
1323930
68124
1194838
2737071
2151873
1524840
2897710
1187634
403431
1181219
589683
1230417
167676
1787430
1300302
809394
588541
419375
1252132
588948
1175427
1204143
1188772
1232859
589163
1735627
436719
588226
1235880
402336
1686187
9879
9878
1256555
586578
178714
469625
178715
163003
751935
537342
537346
178718
178719
226543
770823
599440
784428
379981
724621
379982
379983
1317231
382614
383057
388248
787152
787153
1269324
703344
157728
1169238
235491
767284
157734
518419
11523
427005
772428
1066074
157729
788208
993979
781533
713928
558986
783900
777781
769169
771057
1302869
780202
775123
718890
1283284
2529095
779481
725930
709711
745235
95980
599444
587836
377303
2577594
252705
218737
218736
218735
779550
1282545
2737074
1214357
445889
781922
720968
769172
704325
516123
705404
463526
3239276
2659945
379291
431971
389515
4540562
720805
1169666
720640
719865
1012853
98647
2138471
98634
1202474
98632
2506170
98620
710490
98614
377335
778976
783902
2659956
773099
723744
734249
773375
773376
770824
727432
420269
209117
422822
1169055
1167544
1665217
696075
807385
100781
209115
696782
1169966
696562
209116
1070891
1781028
2203547
2192371
199014
1227134
3017903
445919
2889119
2962492
973281
771058
2962169
757359
4269127
129215
1740941
11671
767117
2058476
3614514
2409871
2660001
211053
723014
2660007
764046
1336401
2204416
435268
2601119
2660010
798300
167102
732092
2660013
2309399
2015182
785922
787154
788047
712289
789545
711786
712290
781534
41103
1562604
702488
699265
1643141
1619567
159464
1554549
188156
1164897
1670466
412874
412878
463452
412876
159467
239545
1246944
2051371
515870
568118
532268
159472
698063
1653522
719272
810510
414827
246615
517761
368021
368022
246613
695272
368023
707428
1692533
1692532
2975964
526496
526453
368025
2999159
257062
2902357
368030
435138
246617
526482
456184
791377
782970
791074
508489
1601074
1064449
389491
1033523
2882421
813740
132814
450374
850786
623369
1685404
582423
380857
376854
775779
778979
728813
780203
2218349
780684
2467101
714920
96634
445733
435989
2154214
2900547
589046
1955030
2198852
2660085
96632
589579
1695285
463038
1165874
588310
2061363
1169206
161851
96636
129769
1174909
2903815
761368
2814696
1167600
129773
2050785
3688366
198294
96639
2392818
2730466
96640
774110
129776
588811
211599
738634
435992
2214421
707636
710632
167347
129777
975297
720065
780685
786703
783906
786704
783907
929426
143828
918032
189548
158187
870172
803714
1803084
11502
143772
495231
143789
11503
870171
432427
2445597
143818
156600
658951
495236
11496
1387019
217360
158185
189595
1071237
143823
94113
18450
1700386
2419189
143826
143827
1006298
156606
2136103
577127
189549
143830
1051353
2138479
422272
143835
1879751
383412
420833
423478
143770
423898
143775
858782
143776
936459
158178
143778
385072
434664
590134
3343996
434666
156685
377647
680382
143786
507662
377648
143796
94108
194499
982587
136713
189533
377094
422765
156690
1899262
512529
4279587
4279585
4279584
372497
4279586
1511265
9893
1700721
99016
99015
99014
99010
99009
99007
99006
9895
99001
99000
98999
98997
98996
4279580
98994
98993
98990
98989
736967
1518117
98986
98984
4279573
3899909
98983
1103437
98969
1439617
1459515
429436
3249880
4279568
4279567
98960
4279569
98959
98958
98957
98956
1023915
98953
2637975
98943
98938
156693
1175808
464817
1503381
9891
9896
9887
710170
98927
9886
98925
98923
730036
1066419
9890
992968
98916
9888
98915
2007231
372496
3249744
2113491
1517929
1977105
434667
386178
210646
2660106
381696
156694
377651
512938
375543
143813
94110
511046
156695
143815
166822
1654619
590093
810524
4279582
4279581
3899905
866404
4279583
2159556
98908
1164535
722780
741219
757382
959905
488837
2707197
664908
3417749
10531
507443
500257
2248591
714143
2224838
593082
2066415
445969
2059148
255771
682403
255770
1044203
758655
385668
511283
284337
506571
2384477
208676
208493
2205241
10535
10538
516929
1536706
653226
644261
255768
1013871
1067758
714565
777787
1233499
377151
214932
1122021
1153714
214938
2662437
516457
1320219
214940
871395
202188
560929
488569
985548
214941
561078
10882
430118
650357
208783
10878
384555
10885
935969
10890
10879
419850
378343
429771
731956
214936
10873
376916
788841
770825
1166220
1101723
782176
11658
547768
212070
287016
1192861
2198989
372727
130162
95147
793494
777788
1575398
1601559
1600849
758562
2595778
1564519
11404
29956
2379640
11624
3166713
198177
827761
1166496
438501
2412819
1686024
803739
1686025
803741
735460
372453
387440
792356
1067658
449761
1516491
438566
438531
438558
280076
803761
420130
372459
421390
372461
372460
803763
438578
430566
226119
378359
383966
803765
438574
1060711
438510
36675
438548
950521
1343090
421237
803773
438513
424185
372464
2200453
803777
438487
372778
803778
372465
438492
715924
716722
2204382
777789
1302026
737552
1296842
784430
2365521
1205932
780687
3066050
474050
1580975
1431860
1077856
1548491
2190917
1376230
2166381
1089410
718384
1364662
1087422
2179058
4082195
1922619
1166581
1168543
2909460
2548999
1479182
1496991
1388361
1041036
1371955
1444396
421001
588885
1339731
11188
11192
1494703
1077119
265040
241851
1216161
935985
224112
1115570
2061313
2459331
2056458
3067362
2374770
493510
435499
2377938
2599566
733581
913853
2898517
785696
777315
716654
1205002
2629746
36665
10952
766785
1336216
1122887
722016
1167778
94856
697609
803803
810544
575436
501758
166667
137106
11269
11268
11267
2906987
642578
387047
201740
1092891
409916
965215
2163352
526118
161219
201727
228594
227309
94756
166706
137105
846715
430030
680061
197545
1003654
197522
94741
2134387
94703
2719058
2169639
518745
390847
290206
526101
2737637
1750198
94675
415865
2196872
94657
1577269
455906
455905
2993699
264223
94648
744957
648287
391221
669035
1120613
526058
263352
94632
1106910
618604
94615
522691
739306
2064351
94608
415861
1177491
94604
498335
669365
1170066
526126
790535
684863
94587
952077
507206
195752
2165953
264229
94541
415852
166842
137117
1540617
1698519
94523
195494
227307
803910
94510
94509
1002534
194844
94498
94494
682359
702327
667105
697997
2202533
201730
1168674
226566
155781
201729
94473
94471
1400934
391751
803931
964743
1444342
642449
447251
166863
2141092
94453
282389
409929
201728
702742
455946
289521
1067707
967332
284717
94622
787517
720465
2395501
1196543
68391
35972
1504854
68399
68412
68372
10920
2581828
68385
68386
2216137
771059
454516
698774
237687
255835
500130
414010
1785925
3637678
1168613
403388
445488
3018813
2174812
1802284
2153133
403392
866392
2660291
1190934
1221382
1200799
2151146
446001
257193
1276872
866825
696958
4072387
92855
92854
958447
414012
92850
98738
255832
98737
98734
454510
2799604
1168907
1169227
525504
98725
143094
255837
98806
4082167
2118600
866638
9899
143092
803970
1676153
449508
3249728
812420
255836
9916
1802334
812421
636203
1176300
1164291
865959
2043694
1356123
3028605
3249360
2430151
100560
803975
9902
1676154
593841
1164487
2310457
97189
10993
11013
11014
10994
97122
93219
1504390
97152
429661
11010
97195
10987
2671947
97216
97228
97237
97247
97252
97255
97257
97260
97265
1354801
968929
11012
97273
97274
97275
1878295
1804689
429918
11000
97302
97333
129867
10999
97339
97350
97357
97366
97376
618259
701345
1276010
133695
95769
1166919
3724116
1128751
590251
133693
697721
2660309
1165085
591128
760314
861004
133686
797042
1533488
576295
1101675
697837
133685
696167
133688
1546579
1166506
1168977
95311
1131079
128487
445500
1321631
2058466
721988
752105
1301565
1239101
2780466
2918058
599442
1225748
1331725
1934366
2065700
1921343
545446
810576
419413
419328
1583342
1289008
3341302
2430630
521573
208547
2663764
374335
207813
1341528
985078
452283
420594
424151
207816
207817
207818
1012216
207808
421830
522795
375367
2105524
987279
714923
368270
195374
368272
580046
29937
810578
254208
225085
1105473
432816
235298
377016
575647
208353
435814
727173
10688
1219131
3249783
167326
10690
3248708
10682
10691
987301
289799
10687
193745
1318353
134594
2262932
753664
2899801
702624
767596
811049
261405
284402
1182946
134596
1188559
1553294
1955031
379452
134597
2910742
1188151
1169395
1941475
134599
1977020
211257
565844
975570
811686
718331
130842
130841
130843
93485
1633908
548948
2097576
191246
195270
437944
10546
547076
368307
737352
1410434
912745
196444
722473
761186
764245
777791
372149
734370
703984
1296132
2012902
721169
975767
2752031
3152152
1206235
2187196
871200
506924
533621
368329
533615
1913689
2690486
465037
1170210
751362
368336
757880
1916782
1600092
368339
703039
368343
513474
1166511
705430
193185
780689
368361
96520
368367
130828
368373
130827
9760
465089
1319815
139384
729229
235395
1166179
1333081
780690
130859
130855
212697
130857
130858
212695
2660445
403457
726960
445659
10894
590221
729547
1729500
1575497
773621
749592
987513
588092
1900968
218685
1164233
1410474
158533
11485
764242
1354233
807598
265110
11492
618615
618614
592979
528222
11123
11116
265289
936334
11115
1810240
870492
1153131
1665955
2444197
1169339
11125
992234
29967
1169688
135410
695873
135411
418541
2242898
1951191
435275
1616386
31943
10428
10424
1206265
771225
446055
718821
3026086
733236
445469
378420
977914
1169581
1167243
701360
509462
1092796
754204
507814
589375
1148163
1912046
1170877
50364
871205
810588
695628
380583
392100
2204087
781549
777742
727509
985315
1064791
379252
1159438
282969
833863
1966030
3897659
639948
568990
1538511
429786
1380571
511357
571895
1165026
848898
1170598
932493
1157967
775006
1698942
620005
769176
773101
282601
2512291
100576
717130
166776
866413
287841
1074712
283388
1900446
208890
402468
1900447
166780
737202
198556
210614
434618
193701
95548
128626
1170901
763524
435255
379222
11407
987395
11410
647073
282065
935864
1599233
549556
712945
771061
790237
2420954
368474
1086253
988249
11802
914338
368480
1000916
2421326
207998
2631675
730639
727698
782766
773925
719275
785699
785700
727699
95974
212181
130311
235507
784432
197325
1012872
130308
130307
1774858
810603
197327
212182
130313
212178
259774
136523
368538
368539
790238
790239
780708
94879
588411
134592
252625
695363
522629
1699148
372737
1308631
559937
3377331
374324
1654909
589190
129284
426456
2275834
384373
538598
1168384
810613
506413
280590
383534
377978
471268
390034
792590
435521
1167227
3375761
514828
2228369
379876
471271
588654
383983
766690
159956
521979
208703
159954
812178
523210
212267
159950
29929
521126
1076799
159947
159946
159945
1526114
11675
841238
2063365
159938
793222
496894
280839
11442
3339520
375725
419084
432068
375722
10676
445751
1683867
1220590
1254440
1269611
1786506
588663
589180
589445
841299
280723
10677
1251757
982835
3713111
3054300
2660623
1976069
1980974
758166
1750867
1220466
252752
3032684
1745670
2077067
975244
800058
2570111
129252
1302032
946607
375710
375709
751852
749827
211903
211901
516469
712304
711140
1089424
2341531
589463
3850022
1795263
10825
10826
520730
546211
95094
2397084
95092
95078
2961900
982802
445992
780709
721789
710773
214091
214090
214087
214099
2138581
10485
368594
10475
681414
1214130
796854
2200658
214092
786706
211311
29950
771788
2469965
2346432
2660733
2357197
1161327
1168065
952590
465075
985917
225050
383604
1764342
648941
432195
128450
644871
133493
1174816
2084525
764309
2516054
133492
1577627
2596439
2870689
710720
1917131
745835
133498
2660741
1615294
133496
751476
2154743
133489
1206234
133487
722570
745836
2078176
1550021
516147
1599900
3614736
133502
1903538
133500
2166956
792933
774752
2660745
133504
784730
782825
740033
1916439
133495
1676168
2602310
1659445
767079
50983
451159
587843
50981
432364
793408
3781335
1204188
374326
666263
372154
779482
779483
773380
709010
718792
777793
769181
1049223
804018
979153
2445303
1685538
863409
1196591
9844
1170227
9813
9820
434266
279684
1686481
3340612
492787
492788
492789
1077100
1338469
988302
1065434
658947
426560
492792
2572770
458363
9804
9819
989383
492796
9847
2631223
458366
9830
9829
658124
951460
279687
279688
9823
9806
492801
279690
654813
1333387
3775706
378314
507024
1786629
1203077
159475
589314
195589
2205514
3667156
159480
94073
138573
777794
3724251
11708
11709
376763
725239
374807
711680
773381
721893
44190
3376738
11031
44193
11035
11036
11037
381658
44203
379815
1457978
996827
3724257
418171
31908
372359
253054
228257
44211
280902
44213
421976
451037
253055
11048
1470331
11040
1072864
228255
265112
1482275
44185
418174
1016013
93780
499182
747670
786707
718166
3129834
710097
377032
2205044
96020
210849
588179
981147
1199323
1166432
1170712
10026
372730
225196
225195
225194
10027
419664
381532
36386
1084545
532192
795305
368619
36385
965763
379561
1066149
636917
368621
280036
1406840
522111
129589
2040495
853345
213630
1198382
619013
452540
702903
1585956
213646
2140540
225253
1787096
1114124
11520
11521
1210242
666337
1201510
213640
521365
1210246
134636
213623
1005228
408880
382204
589587
213615
1585173
134637
963592
129593
381539
95255
1195057
2168319
1166105
167363
2431056
477595
853830
21084
1709368
217169
1180789
2076285
406228
917092
155726
565409
406224
917093
245946
188136
245761
234871
216293
10446
406232
543917
21081
10438
21082
217167
3340464
642558
447428
195025
245724
10441
1357566
216038
429329
217168
234611
576347
10433
449355
10431
188174
1168253
10437
477598
447432
637566
217170
543920
637168
10432
570878
477600
637881
578250
245705
234844
216039
447435
21086
420023
155725
637602
637576
10442
447439
246098
219704
696007
774753
727812
782677
1909437
289208
697120
95154
695550
2083450
985730
2142408
2418515
2057484
981425
2573825
219114
1344726
689675
2148464
2673243
2892344
4085029
2146600
2179752
1968304
2259158
745173
689775
2601641
1206127
1300264
787159
2172666
2546773
39712
691251
3004121
2341936
588294
1742375
987749
92043
762240
705138
1676874
211140
368643
258784
368648
368653
787160
193346
1575047
21462
589223
240686
11634
458241
695449
676798
3442773
159901
159902
1772771
1546362
1198739
1344031
1622734
585243
773382
2373865
253088
585244
721048
2660928
1799619
588550
1533358
753341
684546
211269
765449
1133417
474074
1542087
1164222
474072
2324145
541130
474071
1215947
211265
1166098
1167512
845686
541135
661063
1165598
709642
1164623
474067
709643
766257
474066
474065
435596
474063
435598
541131
752002
1620882
807766
1131503
772895
541123
474055
1167293
753665
733473
754522
129382
940048
2140934
3195715
136245
213983
213976
136243
384271
514604
559334
213987
252786
445942
790293
1636796
1165043
1168724
796155
465065
589476
372309
11731
372728
1180765
1532425
11724
1172655
1343274
3064125
11739
718208
1207132
578163
1169542
465058
133652
465055
133659
465053
953861
1005947
1899271
465051
696966
1164429
1124520
465048
133651
133650
654477
1165904
133657
133649
93134
533624
133660
696844
1170024
465046
1382819
1202810
166714
699617
794264
133655
133654
581151
1548643
93132
533646
1772485
133653
696189
465039
133656
1289393
521957
1166417
208660
11735
391590
11745
93141
965277
96213
445825
381408
804036
590217
579684
754838
739578
465127
568043
970547
210477
243111
377535
1607771
1595004
1611044
1775138
704487
705791
92381
1161136
2924507
742689
465108
210411
1110172
1168703
210418
92382
210428
589074
465113
234270
465114
1167473
533684
210439
423830
465117
290867
423206
210452
975654
508362
533688
245875
11792
1332708
465122
2156950
166709
1598578
1541471
2175500
9954
725769
2169853
716724
2660972
368666
2660980
2532456
1937037
759602
281080
3993282
2373233
590204
1792842
1916303
2971137
1328221
198921
1643657
2994139
734671
714930
782073
178629
43350
2660996
1288726
777796
212693
368745
368787
368788
368789
368790
368791
698222
379660
286771
1146080
839475
1153913
377662
698157
1095317
989637
774754
778631
735047
728790
790385
206287
465305
198129
701449
93675
138593
93674
138590
206362
206301
1685394
449356
1023566
1071427
624433
11022
206334
958194
206295
3630763
206327
1710292
1507139
647613
206326
429996
206364
1710290
692247
839943
626145
408904
948780
447920
206321
1754507
449358
996747
206313
864724
93676
943000
429767
206310
427126
207389
380310
130374
791381
2661042
714967
599357
744394
734919
1607655
1610826
720200
1601725
1633221
2171842
788756
804062
2682294
988456
929109
439452
11394
11383
3724301
11342
11378
571649
2737294
738494
492813
11366
3262045
461817
1569708
286327
3724316
449226
1075550
11348
946996
11349
402436
222172
419956
1071124
222643
180833
10771
495691
237123
2573378
2440474
3074904
198400
42452
2584496
4087645
222145
3854127
177834
222141
198401
180832
245750
1507485
222139
198399
4087630
10713
992454
928970
684856
10742
222125
546086
286849
2138661
1324469
10740
198053
10722
92574
222459
92572
928722
180830
844415
10738
1712255
3777728
1064719
2737312
1455597
10715
179546
92569
596689
928732
594963
996293
10737
839647
1396452
222441
2737313
10717
997945
1077018
2440481
633247
2138663
684855
496868
4087552
928485
3896553
10721
524215
222427
92567
222425
2634390
10774
1507609
3281495
964447
2737315
222421
180842
1050824
10735
2444391
2440492
10734
222393
1323001
977728
222387
3248613
3724321
1067733
222384
633249
180021
222379
180841
501332
928486
197637
1432437
659973
4087469
928487
10732
988316
1324473
945639
1324464
222365
499855
222364
520264
1327541
92561
962893
10730
217392
585078
197113
288308
4087436
42456
217390
10729
222314
633244
2690611
2690610
222310
1324466
997944
562419
92555
4087106
1059587
1455606
222281
1323002
3724323
2737318
1745537
222274
92553
987845
10728
10727
3385332
1038401
633251
496827
495692
937290
10769
285618
285570
222253
946654
997946
928956
632837
3704503
498788
163546
1805066
840073
2138668
981060
1459744
222218
195028
92551
4081422
92550
419957
594176
3724330
4087329
3724331
933191
92549
1064718
3724332
222205
3724333
996270
1192207
499270
280003
222204
4087319
633245
4081420
594665
1027590
855220
2689132
595414
593549
222186
4087280
928955
381475
929200
222183
3724334
92545
4079370
3724335
2432134
3340290
2138671
193057
92543
992237
928954
1458078
290742
594121
92541
222174
193056
633248
10719
1324470
566083
10724
592219
222450
217374
217373
1328027
1743191
2138674
180846
42464
1065155
1323013
495694
1323011
1098285
225760
225761
1183084
781553
810916
810917
780714
209183
521932
219649
11075
3255461
3255463
405941
930478
3255416
235599
1344466
2716414
11074
11085
265417
1068182
11077
545437
3255448
93235
778984
2673250
726619
782826
727874
785706
718793
787195
1585980
2063136
2726741
1254057
780716
1208551
245728
9928
140572
9935
2756259
446162
446163
730148
718703
726032
791383
513663
725957
258278
258276
258275
258273
707465
1317185
1317393
514981
1278580
515796
779722
502185
500838
258267
513399
515259
24214
1067481
2122283
1118417
975062
959357
3068625
587093
24265
2609904
666682
4281540
587139
3252034
804590
266003
1705311
447213
2138683
452664
24291
451889
24300
618579
1066320
2138685
562417
38751
1443520
930192
2629848
753169
1507208
1066754
1993856
1322136
1460453
1076557
24336
618580
1522243
24342
1455625
1077048
24349
3772659
807568
24352
1184578
24355
990708
1074914
24364
870363
3597884
949477
635111
3597887
720621
24383
1676179
24386
447199
24393
24395
256277
24398
1347378
1067067
24408
24409
1169536
623126
1522713
562256
3336415
988118
1372042
1153608
1457350
24429
24432
807571
3597901
242342
24436
1475138
1711716
3597905
3597906
3367289
1703357
1076952
195859
1191044
1072946
1077043
24455
2737338
2684109
2138697
1335788
3380928
24461
1077049
587099
939371
1167803
24469
715195
1508138
2138700
1322135
1805490
4076645
635479
2419219
587146
24503
807578
807800
988254
586956
24509
770022
447200
24521
1333485
930190
807581
975055
3597930
3380929
24529
1424204
24543
845467
968858
731401
1508191
3383046
439521
235662
1705496
1520447
765896
24567
439523
3251895
1487710
1066338
707019
1705447
24591
1066759
2506495
446016
2634407
2164722
24603
807395
804587
24605
1169491
829910
1077057
24617
1412256
1066732
24621
2627146
430135
447205
24630
847283
1066834
3597961
372992
1502533
24651
384756
804588
1067445
24666
562403
2737349
1470320
975852
24676
24678
1324124
1077059
2093247
1067226
1066396
1475236
587188
990709
2747780
766769
1167717
774123
996230
1179036
1458965
2775428
1459581
444822
24757
24761
1508349
1803954
24773
3236356
24780
10466
733788
10467
1458972
777819
713320
1284731
790244
777820
771548
718704
381189
1772994
722097
210087
788059
762631
436144
367717
1536919
1154633
1288617
210836
158504
158490
158487
11609
158485
11598
158481
158478
158476
434901
158474
3769854
2430137
158472
158443
11607
158442
158441
11597
158433
516978
517036
1644022
510586
238290
385875
2307842
1167759
66086
589300
391302
942999
1152521
1015864
381446
432569
430290
508540
664160
383125
1169176
2661213
379800
710581
681603
508546
412610
238293
2904343
390901
412612
473114
381527
509287
540340
781558
725821
1206375
11716
93332
721200
774975
718699
785708
1327743
709325
1300588
1601042
2143484
1560636
804079
437213
536851
698418
777317
1026751
1663687
36974
783911
781643
506565
532013
180880
263405
9982
2709050
180866
44437
44424
532014
367788
1523103
444824
673839
516844
386761
460285
791741
786710
1478668
198752
722871
981267
2584384
798865
488430
716737
367794
1656518
1089752
257589
3450204
757541
1617200
3006646
2061448
1601030
1455661
547771
788631
783912
720066
720067
710616
722222
976515
129850
714917
1285062
2905546
1627578
589078
129851
10861
1455667
383808
1149743
590252
2427947
68712
10858
384439
265391
588488
787560
1805827
573424
10711
735336
1690601
1279188
708706
2661418
784732
736824
543930
511479
162480
162479
374094
477607
639720
239688
789869
367893
916947
214085
136326
780736
778985
777841
2596829
710288
787729
1205994
779212
2661442
789365
712403
2371237
771550
733537
714968
1168054
367908
263087
2428834
871644
263090
1197628
1025022
10788
1168311
10786
1219261
770313
717498
711746
1206344
1285303
1278651
1337983
1500542
11695
239940
543108
134501
239935
408893
239948
415278
476669
476666
573779
239944
476660
408886
701769
572682
415271
134500
11068
11066
2295489
135031
29985
1602776
159933
207236
207247
379120
207233
512592
1215092
139207
1079303
281815
993975
239007
11547
689729
11552
11548
239012
391178
392822
239013
719311
746752
11162
648466
265075
191254
530672
744901
35813
35814
381653
697653
446067
128447
714970
1563029
2202222
1611627
445679
1599934
190129
533554
913335
11439
1599423
11433
1165470
695909
367997
2138734
651569
804089
811505
810864
1085717
3385073
4087781
1069182
811523
10573
994019
994410
10578
811522
10579
810872
627177
810876
811516
10584
10585
10588
368001
10590
10591
1166447
811504
2138739
4686604
4686603
627143
4686605
216926
10602
10641
811502
1334561
3390362
3390363
695891
626950
10606
3242389
812974
10607
10608
10611
626973
520832
10613
810869
2775451
3242385
811512
10624
3242384
3242383
811513
10627
368004
777845
378121
710789
783916
3389294
798184
95302
167718
193322
284523
193320
2661548
789873
2661564
3122128
3122129
2209320
2661569
784434
770314
129104
444826
211027
1780757
94021
128285
166657
1188905
197738
2537940
445777
804093
283886
166659
194202
760908
996935
1070515
92616
977228
772689
997093
1509031
221204
2230429
997009
92615
10498
10497
1698642
3256020
3256019
967476
592185
284860
638083
767192
771557
996921
839365
3255938
3598109
221201
3255925
221972
946154
1509058
2737382
1695321
221200
2737383
2138748
221971
852812
1459022
10487
2041011
771625
221213
3255885
198405
997010
1509067
997011
791679
2138751
2003626
427181
1065831
1455714
2440826
763032
457355
1065825
996936
449348
2737387
2440836
996561
221211
3255793
2737388
377971
816852
221223
221210
92620
2737389
501150
457346
457354
996749
1478222
624448
3255728
804094
221208
2572608
3255707
10494
221207
527323
221206
2440848
1067177
3255667
1709628
3255649
3255647
996562
950955
92618
996919
527322
3255633
3255632
92617
996920
3255626
1790667
739285
1166377
707989
2138752
1786537
1392667
996541
638078
221205
632860
988668
2498324
221970
988665
1169071
757068
1440174
1206353
726221
3025696
712305
1542510
3292787
1600911
804096
1169167
1598681
982815
2661632
11055
158978
158982
11053
158984
158987
158997
92677
4533401
4475856
11059
159008
158897
530855
728125
158908
599006
158914
461696
435904
158952
732081
1206241
1684210
1690444
2357272
784435
728382
790249
2394191
720972
1280403
2673264
3518170
780739
2300178
159451
2075424
2079257
211750
2198827
1932030
1608183
2169728
706009
1702472
1187334
2147781
2903765
1098726
780741
2069112
1317926
1690567
2406450
39839
518414
703138
720975
2183436
787522
571505
940774
11703
700659
3256154
465147
516199
1211026
3256148
448419
11697
533700
436771
1361089
465141
3066434
2583101
3066442
715196
372933
804101
2583103
11704
1169682
942968
762774
287609
654456
410223
212211
65692
1012671
218675
65693
378616
2683732
507936
2683733
449188
583226
386466
373442
1147494
432943
2896138
368044
583372
2060249
588144
2506019
1479518
458641
1357576
458642
590972
995867
2138760
804104
92325
2737402
35642
691979
2175304
862617
11297
577418
1521520
1323835
623113
372736
689462
458646
430349
623114
585357
3240094
703946
377034
430026
1075691
11299
1192215
651954
35643
1323833
1067768
193033
665751
2635355
913631
1800630
623115
11296
281336
488393
3902430
11300
11301
1769139
368048
2051799
1170710
1166065
588052
1170323
2708443
804107
1806364
1483831
585301
1774964
11307
92317
623117
2435953
528341
92319
166625
92320
218420
218421
92321
2737418
458635
2099276
1718168
368050
11310
957421
166626
4136564
11313
11312
576910
419446
957802
694632
585302
669027
782730
2460775
713742
788162
785712
2728874
1050405
1697985
9993
2673268
1909044
92928
195460
9998
1914464
1170875
265225
1619581
2044483
265224
9990
2752152
1592012
9995
418277
800200
1205084
2546039
838485
2157786
2139201
10001
9991
2171203
458210
699479
92930
368071
254773
368072
2737425
10845
2577986
10853
913724
2138780
10840
585474
10854
10849
913725
254774
835351
975078
10850
722450
1203715
368075
2066953
445707
368076
914619
2138782
368077
280237
236258
236259
1299213
139644
488558
691256
208664
375388
804122
29927
916544
786400
376762
516108
2737431
2156958
709445
382802
807851
377326
2763430
2914658
2661767
1284942
3022390
532002
376776
389201
2730954
1928855
2596668
657983
129221
95278
807852
445938
211132
425515
194519
2895232
2332048
512401
66984
711792
787610
781577
786713
143483
143480
279847
36492
143477
156636
143475
431908
95193
143470
143468
143465
95191
211456
36491
1207353
143458
95190
590108
700039
143456
11831
1168884
156634
1010655
143450
143446
916515
143438
1212000
156633
138195
1665949
379509
1207149
143430
211454
95187
748765
143421
143418
536582
426939
143398
156632
143393
143383
156631
2609932
36490
589521
516184
431897
143344
1170846
143341
143340
378123
156630
95184
1670723
1303265
810863
429415
655951
143325
143321
36489
143317
158880
143309
156628
143759
143756
143754
143753
36496
143749
521860
143747
143746
11824
375525
143745
655729
143743
420031
143742
36495
143738
143737
143736
143735
143734
1131428
143724
156671
547516
143716
386725
143710
189629
431840
95203
143679
211466
156670
143661
156669
143659
143657
3016198
143653
11841
143652
236302
1678856
143644
143638
95198
851266
156668
138188
515481
143630
1604076
138187
143627
493552
197246
143611
143609
143608
143607
143603
143598
2135175
11811
143590
1027605
143589
143585
95196
143583
3066414
143579
11844
143578
444834
717385
143569
11823
11825
143564
143563
143562
1679147
143560
143559
547103
11809
143556
143554
857143
143552
143550
143549
143546
2505626
374353
143535
143534
143533
11814
143526
143524
11835
590069
143509
143504
143501
1142971
143494
156663
2572723
372650
969463
11845
1207096
189764
156661
1326975
403267
10505
1284388
1174925
1299305
589920
413396
2926854
852481
1759675
413395
519888
1154242
465019
213485
197499
567511
512604
1166967
452842
213481
533579
465008
1191118
700137
519890
590240
93767
1388826
1501492
1598956
93765
2198584
591017
1195259
3342232
209154
263965
635975
213475
1612806
514543
934186
1219674
639803
514430
11774
11759
11758
11761
213471
680408
195581
511937
93753
1039306
1678791
213467
213442
574436
239018
587846
213441
211012
423796
507275
659516
1513131
510570
405444
213500
590038
2145542
3279187
193845
424058
1234279
514294
93748
701764
11777
11756
11755
1497345
533576
671543
11172
281087
237014
201771
1011317
589527
11106
807698
531184
2506909
202092
653322
403954
42259
11105
426783
35505
1598200
1165873
1413040
718379
236241
780744
1289515
741535
728839
782075
730504
790296
721916
769192
811096
10409
100059
1722638
1722637
100058
10422
1722634
1198343
10379
93493
1722629
1722627
958165
10371
439743
1722681
1722621
10378
804134
987108
1163784
10370
1066811
10376
10396
10375
1722616
10377
10381
1722612
986140
10390
521308
10410
1722608
10385
1068217
10363
1722602
1065168
10388
1722601
10401
10386
10362
10372
1722590
1722589
10412
1722659
2628098
10383
1163785
1722699
10417
10391
100057
37203
1722656
10407
1722734
1722733
10393
10367
1722727
544826
1722724
1075240
854215
10404
968939
93499
759406
1559798
1722652
449323
10416
37123
10361
1722704
10402
10406
1722650
10403
68234
68235
787524
779060
723876
779994
2664154
11591
38946
459586
377149
38952
11587
3387785
993916
3242381
10126
10333
10332
10147
627123
627121
41001
10327
225353
626935
627359
10098
973794
1029498
368117
811219
626933
10320
10321
4538569
10319
10314
10318
4081672
1330287
804135
10310
804137
627347
439683
10304
3768217
618098
618112
10110
10294
993676
10274
627328
1698863
439677
10266
10114
2683573
3382618
2713111
10115
914832
1685791
1330979
40999
993870
794089
912879
10251
368119
368120
618115
368122
10247
10246
10245
2691907
2775445
1330638
1284913
2775444
10236
4087776
627259
627015
10226
10225
10223
10222
627254
439676
368123
10217
3766815
3775065
3775068
3775067
3358854
2571387
2775446
1330920
3390359
3242380
3390360
10208
10111
10125
618104
82145
4087775
10199
627165
10197
10196
3390361
10195
10192
2428659
2428502
627370
449370
618637
10177
10176
3338831
1803284
4538570
10167
811294
627238
10156
197724
507632
721652
708966
769193
771064
9698
4686675
