rank,feature,prefix,kind,transform,imputation,na_fraction,accuracy,f1,recall,precision
1,AL_66,AL,numeric,raw,mean,0.5806,0.8533,0.9185,1.0,0.8493
2,AL_66,AL,numeric,raw,median,0.5806,0.8533,0.9185,1.0,0.8493
3,AL_20,AL,numeric,raw,median,0.672,0.8533,0.9173,0.9839,0.8592
4,AL_20,AL,numeric,sig4figs,median,0.672,0.8533,0.9173,0.9839,0.8592
5,AL_300,AL,numeric,raw,median,0.3387,0.8533,0.9173,0.9839,0.8592
6,AL_16,AL,numeric,significand,mean,0.672,0.84,0.9118,1.0,0.8378
7,AL_16,AL,numeric,significand,median,0.672,0.84,0.9118,1.0,0.8378
8,AL_49,AL,numeric,raw,mean,0.5806,0.84,0.9118,1.0,0.8378
9,AL_49,AL,numeric,raw,median,0.5806,0.84,0.9118,1.0,0.8378
10,AL_49,AL,numeric,sig4figs,mean,0.5806,0.84,0.9118,1.0,0.8378
11,AL_49,AL,numeric,sig4figs,median,0.5806,0.84,0.9118,1.0,0.8378
12,AL_52,AL,numeric,raw,mean,0.5806,0.84,0.9118,1.0,0.8378
13,AL_52,AL,numeric,sig4figs,mean,0.5806,0.84,0.9118,1.0,0.8378
14,AL_60,AL,numeric,raw,mean,0.5806,0.84,0.9118,1.0,0.8378
15,AL_60,AL,numeric,raw,median,0.5806,0.84,0.9118,1.0,0.8378
16,AL_60,AL,numeric,sig4figs,mean,0.5806,0.84,0.9118,1.0,0.8378
17,AL_60,AL,numeric,sig4figs,median,0.5806,0.84,0.9118,1.0,0.8378
18,AL_67,AL,numeric,significand,mean,0.5806,0.84,0.9118,1.0,0.8378
19,AL_67,AL,numeric,significand,median,0.5806,0.84,0.9118,1.0,0.8378
20,AL_91,AL,numeric,significand,mean,0.6129,0.84,0.9118,1.0,0.8378
21,AL_91,AL,numeric,significand,median,0.6129,0.84,0.9118,1.0,0.8378
22,AL_96,AL,numeric,significand,mean,0.6129,0.84,0.9118,1.0,0.8378
23,AL_96,AL,numeric,significand,median,0.6129,0.84,0.9118,1.0,0.8378
24,AL_138,AL,numeric,raw,median,0.457,0.84,0.9118,1.0,0.8378
25,AL_138,AL,numeric,significand,mean,0.457,0.84,0.9118,1.0,0.8378
26,AL_138,AL,numeric,significand,median,0.457,0.84,0.9118,1.0,0.8378
27,AL_138,AL,numeric,sig4figs,median,0.457,0.84,0.9118,1.0,0.8378
28,AL_156,AL,numeric,raw,median,0.457,0.84,0.9118,1.0,0.8378
29,AL_156,AL,numeric,sig4figs,median,0.457,0.84,0.9118,1.0,0.8378
30,AL_177,AL,numeric,significand,mean,0.457,0.84,0.9118,1.0,0.8378
31,AL_177,AL,numeric,significand,median,0.457,0.84,0.9118,1.0,0.8378
32,AL_229,AL,numeric,raw,mean,0.6505,0.84,0.9118,1.0,0.8378
33,AL_229,AL,numeric,raw,median,0.6505,0.84,0.9118,1.0,0.8378
34,AL_229,AL,numeric,sig4figs,mean,0.6505,0.84,0.9118,1.0,0.8378
35,AL_229,AL,numeric,sig4figs,median,0.6505,0.84,0.9118,1.0,0.8378
36,AL_278,AL,numeric,significand,median,0.6505,0.84,0.9118,1.0,0.8378
37,AL_66,AL,numeric,sig4figs,mean,0.5806,0.84,0.9104,0.9839,0.8472
38,AL_66,AL,numeric,sig4figs,median,0.5806,0.84,0.9104,0.9839,0.8472
39,AL_118,AL,numeric,significand,mean,0.457,0.84,0.9104,0.9839,0.8472
40,AL_118,AL,numeric,significand,median,0.457,0.84,0.9104,0.9839,0.8472
41,AL_211,AL,numeric,sig4figs,mean,0.6505,0.84,0.9104,0.9839,0.8472
42,AL_211,AL,numeric,sig4figs,median,0.6505,0.84,0.9104,0.9839,0.8472
43,AL_20,AL,numeric,raw,mean,0.672,0.84,0.9091,0.9677,0.8571
44,AL_20,AL,numeric,sig4figs,mean,0.672,0.84,0.9091,0.9677,0.8571
45,AL_300,AL,numeric,sig4figs,mean,0.3387,0.84,0.9091,0.9677,0.8571
46,AL_147,AL,numeric,sig4figs,mean,0.457,0.84,0.9077,0.9516,0.8676
47,AL_1,AL,numeric,raw,mean,0.9624,0.8267,0.9051,1.0,0.8267
48,AL_1,AL,numeric,raw,median,0.9624,0.8267,0.9051,1.0,0.8267
49,AL_1,AL,numeric,significand,mean,0.9624,0.8267,0.9051,1.0,0.8267
50,AL_1,AL,numeric,significand,median,0.9624,0.8267,0.9051,1.0,0.8267
51,AL_1,AL,numeric,sig4figs,mean,0.9624,0.8267,0.9051,1.0,0.8267
52,AL_1,AL,numeric,sig4figs,median,0.9624,0.8267,0.9051,1.0,0.8267
53,AL_2,AL,numeric,raw,mean,0.9624,0.8267,0.9051,1.0,0.8267
54,AL_2,AL,numeric,raw,median,0.9624,0.8267,0.9051,1.0,0.8267
55,AL_2,AL,numeric,significand,mean,0.9624,0.8267,0.9051,1.0,0.8267
56,AL_2,AL,numeric,significand,median,0.9624,0.8267,0.9051,1.0,0.8267
57,AL_2,AL,numeric,sig4figs,mean,0.9624,0.8267,0.9051,1.0,0.8267
58,AL_2,AL,numeric,sig4figs,median,0.9624,0.8267,0.9051,1.0,0.8267
59,AL_3,AL,numeric,raw,mean,0.9624,0.8267,0.9051,1.0,0.8267
60,AL_3,AL,numeric,raw,median,0.9624,0.8267,0.9051,1.0,0.8267
61,AL_3,AL,numeric,significand,mean,0.9624,0.8267,0.9051,1.0,0.8267
62,AL_3,AL,numeric,significand,median,0.9624,0.8267,0.9051,1.0,0.8267
63,AL_3,AL,numeric,sig4figs,mean,0.9624,0.8267,0.9051,1.0,0.8267
64,AL_3,AL,numeric,sig4figs,median,0.9624,0.8267,0.9051,1.0,0.8267
65,AL_4,AL,numeric,raw,mean,0.9624,0.8267,0.9051,1.0,0.8267
66,AL_4,AL,numeric,raw,median,0.9624,0.8267,0.9051,1.0,0.8267
67,AL_4,AL,numeric,significand,mean,0.9624,0.8267,0.9051,1.0,0.8267
68,AL_4,AL,numeric,significand,median,0.9624,0.8267,0.9051,1.0,0.8267
69,AL_4,AL,numeric,sig4figs,mean,0.9624,0.8267,0.9051,1.0,0.8267
70,AL_4,AL,numeric,sig4figs,median,0.9624,0.8267,0.9051,1.0,0.8267
71,AL_5,AL,numeric,raw,mean,0.9624,0.8267,0.9051,1.0,0.8267
72,AL_5,AL,numeric,raw,median,0.9624,0.8267,0.9051,1.0,0.8267
73,AL_5,AL,numeric,significand,mean,0.9624,0.8267,0.9051,1.0,0.8267
74,AL_5,AL,numeric,significand,median,0.9624,0.8267,0.9051,1.0,0.8267
75,AL_5,AL,numeric,sig4figs,mean,0.9624,0.8267,0.9051,1.0,0.8267
76,AL_5,AL,numeric,sig4figs,median,0.9624,0.8267,0.9051,1.0,0.8267
77,AL_6,AL,numeric,raw,mean,0.9624,0.8267,0.9051,1.0,0.8267
78,AL_6,AL,numeric,raw,median,0.9624,0.8267,0.9051,1.0,0.8267
79,AL_6,AL,numeric,significand,mean,0.9624,0.8267,0.9051,1.0,0.8267
80,AL_6,AL,numeric,significand,median,0.9624,0.8267,0.9051,1.0,0.8267
81,AL_6,AL,numeric,sig4figs,mean,0.9624,0.8267,0.9051,1.0,0.8267
82,AL_6,AL,numeric,sig4figs,median,0.9624,0.8267,0.9051,1.0,0.8267
83,AL_16,AL,numeric,raw,mean,0.672,0.8267,0.9051,1.0,0.8267
84,AL_16,AL,numeric,sig4figs,mean,0.672,0.8267,0.9051,1.0,0.8267
85,AL_19,AL,numeric,raw,mean,0.672,0.8267,0.9051,1.0,0.8267
86,AL_19,AL,numeric,raw,median,0.672,0.8267,0.9051,1.0,0.8267
87,AL_19,AL,numeric,significand,mean,0.672,0.8267,0.9051,1.0,0.8267
88,AL_19,AL,numeric,significand,median,0.672,0.8267,0.9051,1.0,0.8267
89,AL_19,AL,numeric,sig4figs,mean,0.672,0.8267,0.9051,1.0,0.8267
90,AL_19,AL,numeric,sig4figs,median,0.672,0.8267,0.9051,1.0,0.8267
91,AL_27,AL,numeric,raw,mean,0.9624,0.8267,0.9051,1.0,0.8267
92,AL_27,AL,numeric,raw,median,0.9624,0.8267,0.9051,1.0,0.8267
93,AL_27,AL,numeric,significand,mean,0.9624,0.8267,0.9051,1.0,0.8267
94,AL_27,AL,numeric,significand,median,0.9624,0.8267,0.9051,1.0,0.8267
95,AL_27,AL,numeric,sig4figs,mean,0.9624,0.8267,0.9051,1.0,0.8267
96,AL_27,AL,numeric,sig4figs,median,0.9624,0.8267,0.9051,1.0,0.8267
97,AL_28,AL,numeric,raw,mean,0.9624,0.8267,0.9051,1.0,0.8267
98,AL_28,AL,numeric,raw,median,0.9624,0.8267,0.9051,1.0,0.8267
99,AL_28,AL,numeric,significand,mean,0.9624,0.8267,0.9051,1.0,0.8267
100,AL_28,AL,numeric,significand,median,0.9624,0.8267,0.9051,1.0,0.8267
101,AL_28,AL,numeric,sig4figs,mean,0.9624,0.8267,0.9051,1.0,0.8267
102,AL_28,AL,numeric,sig4figs,median,0.9624,0.8267,0.9051,1.0,0.8267
103,AL_29,AL,numeric,raw,mean,0.9624,0.8267,0.9051,1.0,0.8267
104,AL_29,AL,numeric,raw,median,0.9624,0.8267,0.9051,1.0,0.8267
105,AL_29,AL,numeric,significand,mean,0.9624,0.8267,0.9051,1.0,0.8267
106,AL_29,AL,numeric,significand,median,0.9624,0.8267,0.9051,1.0,0.8267
107,AL_29,AL,numeric,sig4figs,mean,0.9624,0.8267,0.9051,1.0,0.8267
108,AL_29,AL,numeric,sig4figs,median,0.9624,0.8267,0.9051,1.0,0.8267
109,AL_30,AL,numeric,raw,mean,0.9624,0.8267,0.9051,1.0,0.8267
110,AL_30,AL,numeric,raw,median,0.9624,0.8267,0.9051,1.0,0.8267
111,AL_30,AL,numeric,significand,mean,0.9624,0.8267,0.9051,1.0,0.8267
112,AL_30,AL,numeric,significand,median,0.9624,0.8267,0.9051,1.0,0.8267
113,AL_30,AL,numeric,sig4figs,mean,0.9624,0.8267,0.9051,1.0,0.8267
114,AL_30,AL,numeric,sig4figs,median,0.9624,0.8267,0.9051,1.0,0.8267
115,AL_31,AL,numeric,raw,mean,0.9624,0.8267,0.9051,1.0,0.8267
116,AL_31,AL,numeric,raw,median,0.9624,0.8267,0.9051,1.0,0.8267
117,AL_31,AL,numeric,significand,mean,0.9624,0.8267,0.9051,1.0,0.8267
118,AL_31,AL,numeric,significand,median,0.9624,0.8267,0.9051,1.0,0.8267
119,AL_31,AL,numeric,sig4figs,mean,0.9624,0.8267,0.9051,1.0,0.8267
120,AL_31,AL,numeric,sig4figs,median,0.9624,0.8267,0.9051,1.0,0.8267
121,AL_32,AL,numeric,raw,mean,0.9624,0.8267,0.9051,1.0,0.8267
122,AL_32,AL,numeric,raw,median,0.9624,0.8267,0.9051,1.0,0.8267
123,AL_32,AL,numeric,significand,mean,0.9624,0.8267,0.9051,1.0,0.8267
124,AL_32,AL,numeric,significand,median,0.9624,0.8267,0.9051,1.0,0.8267
125,AL_32,AL,numeric,sig4figs,mean,0.9624,0.8267,0.9051,1.0,0.8267
126,AL_32,AL,numeric,sig4figs,median,0.9624,0.8267,0.9051,1.0,0.8267
127,AL_33,AL,numeric,raw,mean,0.9624,0.8267,0.9051,1.0,0.8267
128,AL_33,AL,numeric,raw,median,0.9624,0.8267,0.9051,1.0,0.8267
129,AL_33,AL,numeric,significand,mean,0.9624,0.8267,0.9051,1.0,0.8267
130,AL_33,AL,numeric,significand,median,0.9624,0.8267,0.9051,1.0,0.8267
131,AL_33,AL,numeric,sig4figs,mean,0.9624,0.8267,0.9051,1.0,0.8267
132,AL_33,AL,numeric,sig4figs,median,0.9624,0.8267,0.9051,1.0,0.8267
133,AL_34,AL,numeric,raw,mean,0.9624,0.8267,0.9051,1.0,0.8267
134,AL_34,AL,numeric,raw,median,0.9624,0.8267,0.9051,1.0,0.8267
135,AL_34,AL,numeric,significand,mean,0.9624,0.8267,0.9051,1.0,0.8267
136,AL_34,AL,numeric,significand,median,0.9624,0.8267,0.9051,1.0,0.8267
137,AL_34,AL,numeric,sig4figs,mean,0.9624,0.8267,0.9051,1.0,0.8267
138,AL_34,AL,numeric,sig4figs,median,0.9624,0.8267,0.9051,1.0,0.8267
139,AL_35,AL,numeric,raw,mean,0.9624,0.8267,0.9051,1.0,0.8267
140,AL_35,AL,numeric,raw,median,0.9624,0.8267,0.9051,1.0,0.8267
141,AL_35,AL,numeric,significand,mean,0.9624,0.8267,0.9051,1.0,0.8267
142,AL_35,AL,numeric,significand,median,0.9624,0.8267,0.9051,1.0,0.8267
143,AL_35,AL,numeric,sig4figs,mean,0.9624,0.8267,0.9051,1.0,0.8267
144,AL_35,AL,numeric,sig4figs,median,0.9624,0.8267,0.9051,1.0,0.8267
145,AL_36,AL,numeric,raw,mean,0.9624,0.8267,0.9051,1.0,0.8267
146,AL_36,AL,numeric,raw,median,0.9624,0.8267,0.9051,1.0,0.8267
147,AL_36,AL,numeric,significand,mean,0.9624,0.8267,0.9051,1.0,0.8267
148,AL_36,AL,numeric,significand,median,0.9624,0.8267,0.9051,1.0,0.8267
149,AL_36,AL,numeric,sig4figs,mean,0.9624,0.8267,0.9051,1.0,0.8267
150,AL_36,AL,numeric,sig4figs,median,0.9624,0.8267,0.9051,1.0,0.8267
151,AL_37,AL,numeric,raw,mean,0.9624,0.8267,0.9051,1.0,0.8267
152,AL_37,AL,numeric,raw,median,0.9624,0.8267,0.9051,1.0,0.8267
153,AL_37,AL,numeric,significand,mean,0.9624,0.8267,0.9051,1.0,0.8267
154,AL_37,AL,numeric,significand,median,0.9624,0.8267,0.9051,1.0,0.8267
155,AL_37,AL,numeric,sig4figs,mean,0.9624,0.8267,0.9051,1.0,0.8267
156,AL_37,AL,numeric,sig4figs,median,0.9624,0.8267,0.9051,1.0,0.8267
157,AL_38,AL,numeric,raw,mean,0.9624,0.8267,0.9051,1.0,0.8267
158,AL_38,AL,numeric,raw,median,0.9624,0.8267,0.9051,1.0,0.8267
159,AL_38,AL,numeric,significand,mean,0.9624,0.8267,0.9051,1.0,0.8267
160,AL_38,AL,numeric,significand,median,0.9624,0.8267,0.9051,1.0,0.8267
161,AL_38,AL,numeric,sig4figs,mean,0.9624,0.8267,0.9051,1.0,0.8267
162,AL_38,AL,numeric,sig4figs,median,0.9624,0.8267,0.9051,1.0,0.8267
163,AL_39,AL,numeric,significand,mean,0.5806,0.8267,0.9051,1.0,0.8267
164,AL_39,AL,numeric,significand,median,0.5806,0.8267,0.9051,1.0,0.8267
165,AL_41,AL,numeric,raw,mean,0.5806,0.8267,0.9051,1.0,0.8267
166,AL_41,AL,numeric,raw,median,0.5806,0.8267,0.9051,1.0,0.8267
167,AL_41,AL,numeric,significand,mean,0.5806,0.8267,0.9051,1.0,0.8267
168,AL_41,AL,numeric,significand,median,0.5806,0.8267,0.9051,1.0,0.8267
169,AL_41,AL,numeric,sig4figs,mean,0.5806,0.8267,0.9051,1.0,0.8267
170,AL_41,AL,numeric,sig4figs,median,0.5806,0.8267,0.9051,1.0,0.8267
171,AL_42,AL,numeric,raw,mean,0.5806,0.8267,0.9051,1.0,0.8267
172,AL_42,AL,numeric,raw,median,0.5806,0.8267,0.9051,1.0,0.8267
173,AL_42,AL,numeric,significand,mean,0.5806,0.8267,0.9051,1.0,0.8267
174,AL_42,AL,numeric,significand,median,0.5806,0.8267,0.9051,1.0,0.8267
175,AL_42,AL,numeric,sig4figs,mean,0.5806,0.8267,0.9051,1.0,0.8267
176,AL_42,AL,numeric,sig4figs,median,0.5806,0.8267,0.9051,1.0,0.8267
177,AL_44,AL,numeric,raw,mean,0.5806,0.8267,0.9051,1.0,0.8267
178,AL_44,AL,numeric,raw,median,0.5806,0.8267,0.9051,1.0,0.8267
179,AL_44,AL,numeric,significand,mean,0.5806,0.8267,0.9051,1.0,0.8267
180,AL_44,AL,numeric,significand,median,0.5806,0.8267,0.9051,1.0,0.8267
181,AL_44,AL,numeric,sig4figs,mean,0.5806,0.8267,0.9051,1.0,0.8267
182,AL_44,AL,numeric,sig4figs,median,0.5806,0.8267,0.9051,1.0,0.8267
183,AL_45,AL,numeric,raw,mean,0.5806,0.8267,0.9051,1.0,0.8267
184,AL_45,AL,numeric,raw,median,0.5806,0.8267,0.9051,1.0,0.8267
185,AL_45,AL,numeric,sig4figs,mean,0.5806,0.8267,0.9051,1.0,0.8267
186,AL_45,AL,numeric,sig4figs,median,0.5806,0.8267,0.9051,1.0,0.8267
187,AL_47,AL,numeric,raw,mean,0.5806,0.8267,0.9051,1.0,0.8267
188,AL_47,AL,numeric,raw,median,0.5806,0.8267,0.9051,1.0,0.8267
189,AL_47,AL,numeric,significand,mean,0.5806,0.8267,0.9051,1.0,0.8267
190,AL_47,AL,numeric,significand,median,0.5806,0.8267,0.9051,1.0,0.8267
191,AL_47,AL,numeric,sig4figs,mean,0.5806,0.8267,0.9051,1.0,0.8267
192,AL_47,AL,numeric,sig4figs,median,0.5806,0.8267,0.9051,1.0,0.8267
193,AL_48,AL,numeric,raw,mean,0.5806,0.8267,0.9051,1.0,0.8267
194,AL_48,AL,numeric,raw,median,0.5806,0.8267,0.9051,1.0,0.8267
195,AL_48,AL,numeric,significand,mean,0.5806,0.8267,0.9051,1.0,0.8267
196,AL_48,AL,numeric,significand,median,0.5806,0.8267,0.9051,1.0,0.8267
197,AL_48,AL,numeric,sig4figs,mean,0.5806,0.8267,0.9051,1.0,0.8267
198,AL_48,AL,numeric,sig4figs,median,0.5806,0.8267,0.9051,1.0,0.8267
199,AL_50,AL,numeric,raw,mean,0.5806,0.8267,0.9051,1.0,0.8267
200,AL_50,AL,numeric,raw,median,0.5806,0.8267,0.9051,1.0,0.8267
201,AL_50,AL,numeric,significand,mean,0.5806,0.8267,0.9051,1.0,0.8267
202,AL_50,AL,numeric,significand,median,0.5806,0.8267,0.9051,1.0,0.8267
203,AL_50,AL,numeric,sig4figs,mean,0.5806,0.8267,0.9051,1.0,0.8267
204,AL_50,AL,numeric,sig4figs,median,0.5806,0.8267,0.9051,1.0,0.8267
205,AL_51,AL,numeric,raw,mean,0.5806,0.8267,0.9051,1.0,0.8267
206,AL_51,AL,numeric,raw,median,0.5806,0.8267,0.9051,1.0,0.8267
207,AL_51,AL,numeric,significand,mean,0.5806,0.8267,0.9051,1.0,0.8267
208,AL_51,AL,numeric,significand,median,0.5806,0.8267,0.9051,1.0,0.8267
209,AL_51,AL,numeric,sig4figs,mean,0.5806,0.8267,0.9051,1.0,0.8267
210,AL_51,AL,numeric,sig4figs,median,0.5806,0.8267,0.9051,1.0,0.8267
211,AL_53,AL,numeric,raw,mean,0.5806,0.8267,0.9051,1.0,0.8267
212,AL_53,AL,numeric,raw,median,0.5806,0.8267,0.9051,1.0,0.8267
213,AL_53,AL,numeric,significand,mean,0.5806,0.8267,0.9051,1.0,0.8267
214,AL_53,AL,numeric,significand,median,0.5806,0.8267,0.9051,1.0,0.8267
215,AL_53,AL,numeric,sig4figs,mean,0.5806,0.8267,0.9051,1.0,0.8267
216,AL_53,AL,numeric,sig4figs,median,0.5806,0.8267,0.9051,1.0,0.8267
217,AL_54,AL,numeric,raw,mean,0.5806,0.8267,0.9051,1.0,0.8267
218,AL_54,AL,numeric,raw,median,0.5806,0.8267,0.9051,1.0,0.8267
219,AL_54,AL,numeric,significand,mean,0.5806,0.8267,0.9051,1.0,0.8267
220,AL_54,AL,numeric,significand,median,0.5806,0.8267,0.9051,1.0,0.8267
221,AL_54,AL,numeric,sig4figs,mean,0.5806,0.8267,0.9051,1.0,0.8267
222,AL_54,AL,numeric,sig4figs,median,0.5806,0.8267,0.9051,1.0,0.8267
223,AL_56,AL,numeric,raw,mean,0.5806,0.8267,0.9051,1.0,0.8267
224,AL_56,AL,numeric,raw,median,0.5806,0.8267,0.9051,1.0,0.8267
225,AL_56,AL,numeric,significand,mean,0.5806,0.8267,0.9051,1.0,0.8267
226,AL_56,AL,numeric,significand,median,0.5806,0.8267,0.9051,1.0,0.8267
227,AL_56,AL,numeric,sig4figs,mean,0.5806,0.8267,0.9051,1.0,0.8267
228,AL_56,AL,numeric,sig4figs,median,0.5806,0.8267,0.9051,1.0,0.8267
229,AL_57,AL,numeric,significand,mean,0.5806,0.8267,0.9051,1.0,0.8267
230,AL_57,AL,numeric,significand,median,0.5806,0.8267,0.9051,1.0,0.8267
231,AL_59,AL,numeric,raw,mean,0.5806,0.8267,0.9051,1.0,0.8267
232,AL_59,AL,numeric,raw,median,0.5806,0.8267,0.9051,1.0,0.8267
233,AL_59,AL,numeric,significand,mean,0.5806,0.8267,0.9051,1.0,0.8267
234,AL_59,AL,numeric,significand,median,0.5806,0.8267,0.9051,1.0,0.8267
235,AL_59,AL,numeric,sig4figs,mean,0.5806,0.8267,0.9051,1.0,0.8267
236,AL_59,AL,numeric,sig4figs,median,0.5806,0.8267,0.9051,1.0,0.8267
237,AL_62,AL,numeric,raw,mean,0.5806,0.8267,0.9051,1.0,0.8267
238,AL_62,AL,numeric,raw,median,0.5806,0.8267,0.9051,1.0,0.8267
239,AL_62,AL,numeric,significand,mean,0.5806,0.8267,0.9051,1.0,0.8267
240,AL_62,AL,numeric,significand,median,0.5806,0.8267,0.9051,1.0,0.8267
241,AL_62,AL,numeric,sig4figs,mean,0.5806,0.8267,0.9051,1.0,0.8267
242,AL_62,AL,numeric,sig4figs,median,0.5806,0.8267,0.9051,1.0,0.8267
243,AL_63,AL,numeric,raw,mean,0.5806,0.8267,0.9051,1.0,0.8267
244,AL_63,AL,numeric,raw,median,0.5806,0.8267,0.9051,1.0,0.8267
245,AL_63,AL,numeric,significand,mean,0.5806,0.8267,0.9051,1.0,0.8267
246,AL_63,AL,numeric,significand,median,0.5806,0.8267,0.9051,1.0,0.8267
247,AL_63,AL,numeric,sig4figs,mean,0.5806,0.8267,0.9051,1.0,0.8267
248,AL_63,AL,numeric,sig4figs,median,0.5806,0.8267,0.9051,1.0,0.8267
249,AL_64,AL,numeric,raw,mean,0.5806,0.8267,0.9051,1.0,0.8267
250,AL_64,AL,numeric,raw,median,0.5806,0.8267,0.9051,1.0,0.8267
251,AL_64,AL,numeric,sig4figs,mean,0.5806,0.8267,0.9051,1.0,0.8267
252,AL_64,AL,numeric,sig4figs,median,0.5806,0.8267,0.9051,1.0,0.8267
253,AL_65,AL,numeric,raw,mean,0.5806,0.8267,0.9051,1.0,0.8267
254,AL_65,AL,numeric,raw,median,0.5806,0.8267,0.9051,1.0,0.8267
255,AL_65,AL,numeric,significand,mean,0.5806,0.8267,0.9051,1.0,0.8267
256,AL_65,AL,numeric,significand,median,0.5806,0.8267,0.9051,1.0,0.8267
257,AL_65,AL,numeric,sig4figs,mean,0.5806,0.8267,0.9051,1.0,0.8267
258,AL_65,AL,numeric,sig4figs,median,0.5806,0.8267,0.9051,1.0,0.8267
259,AL_68,AL,numeric,raw,mean,0.5806,0.8267,0.9051,1.0,0.8267
260,AL_68,AL,numeric,raw,median,0.5806,0.8267,0.9051,1.0,0.8267
261,AL_68,AL,numeric,significand,mean,0.5806,0.8267,0.9051,1.0,0.8267
262,AL_68,AL,numeric,significand,median,0.5806,0.8267,0.9051,1.0,0.8267
263,AL_68,AL,numeric,sig4figs,mean,0.5806,0.8267,0.9051,1.0,0.8267
264,AL_68,AL,numeric,sig4figs,median,0.5806,0.8267,0.9051,1.0,0.8267
265,AL_70,AL,numeric,significand,mean,0.5806,0.8267,0.9051,1.0,0.8267
266,AL_70,AL,numeric,significand,median,0.5806,0.8267,0.9051,1.0,0.8267
267,AL_71,AL,numeric,raw,mean,0.5806,0.8267,0.9051,1.0,0.8267
268,AL_71,AL,numeric,raw,median,0.5806,0.8267,0.9051,1.0,0.8267
269,AL_71,AL,numeric,significand,mean,0.5806,0.8267,0.9051,1.0,0.8267
270,AL_71,AL,numeric,significand,median,0.5806,0.8267,0.9051,1.0,0.8267
271,AL_71,AL,numeric,sig4figs,mean,0.5806,0.8267,0.9051,1.0,0.8267
272,AL_71,AL,numeric,sig4figs,median,0.5806,0.8267,0.9051,1.0,0.8267
273,AL_72,AL,numeric,raw,mean,0.5806,0.8267,0.9051,1.0,0.8267
274,AL_72,AL,numeric,raw,median,0.5806,0.8267,0.9051,1.0,0.8267
275,AL_72,AL,numeric,significand,mean,0.5806,0.8267,0.9051,1.0,0.8267
276,AL_72,AL,numeric,significand,median,0.5806,0.8267,0.9051,1.0,0.8267
277,AL_72,AL,numeric,sig4figs,mean,0.5806,0.8267,0.9051,1.0,0.8267
278,AL_72,AL,numeric,sig4figs,median,0.5806,0.8267,0.9051,1.0,0.8267
279,AL_74,AL,numeric,raw,mean,0.5806,0.8267,0.9051,1.0,0.8267
280,AL_74,AL,numeric,raw,median,0.5806,0.8267,0.9051,1.0,0.8267
281,AL_74,AL,numeric,significand,mean,0.5806,0.8267,0.9051,1.0,0.8267
282,AL_74,AL,numeric,significand,median,0.5806,0.8267,0.9051,1.0,0.8267
283,AL_74,AL,numeric,sig4figs,mean,0.5806,0.8267,0.9051,1.0,0.8267
284,AL_74,AL,numeric,sig4figs,median,0.5806,0.8267,0.9051,1.0,0.8267
285,AL_75,AL,numeric,raw,mean,0.6129,0.8267,0.9051,1.0,0.8267
286,AL_75,AL,numeric,raw,median,0.6129,0.8267,0.9051,1.0,0.8267
287,AL_75,AL,numeric,significand,mean,0.6129,0.8267,0.9051,1.0,0.8267
288,AL_75,AL,numeric,significand,median,0.6129,0.8267,0.9051,1.0,0.8267
289,AL_75,AL,numeric,sig4figs,mean,0.6129,0.8267,0.9051,1.0,0.8267
290,AL_75,AL,numeric,sig4figs,median,0.6129,0.8267,0.9051,1.0,0.8267
291,AL_77,AL,numeric,raw,mean,0.6129,0.8267,0.9051,1.0,0.8267
292,AL_77,AL,numeric,raw,median,0.6129,0.8267,0.9051,1.0,0.8267
293,AL_77,AL,numeric,significand,mean,0.6129,0.8267,0.9051,1.0,0.8267
294,AL_77,AL,numeric,significand,median,0.6129,0.8267,0.9051,1.0,0.8267
295,AL_77,AL,numeric,sig4figs,mean,0.6129,0.8267,0.9051,1.0,0.8267
296,AL_77,AL,numeric,sig4figs,median,0.6129,0.8267,0.9051,1.0,0.8267
297,AL_78,AL,numeric,raw,mean,0.6129,0.8267,0.9051,1.0,0.8267
298,AL_78,AL,numeric,raw,median,0.6129,0.8267,0.9051,1.0,0.8267
299,AL_78,AL,numeric,significand,mean,0.6129,0.8267,0.9051,1.0,0.8267
300,AL_78,AL,numeric,significand,median,0.6129,0.8267,0.9051,1.0,0.8267
301,AL_78,AL,numeric,sig4figs,mean,0.6129,0.8267,0.9051,1.0,0.8267
302,AL_78,AL,numeric,sig4figs,median,0.6129,0.8267,0.9051,1.0,0.8267
303,AL_80,AL,numeric,raw,mean,0.6129,0.8267,0.9051,1.0,0.8267
304,AL_80,AL,numeric,raw,median,0.6129,0.8267,0.9051,1.0,0.8267
305,AL_80,AL,numeric,significand,mean,0.6129,0.8267,0.9051,1.0,0.8267
306,AL_80,AL,numeric,significand,median,0.6129,0.8267,0.9051,1.0,0.8267
307,AL_80,AL,numeric,sig4figs,mean,0.6129,0.8267,0.9051,1.0,0.8267
308,AL_80,AL,numeric,sig4figs,median,0.6129,0.8267,0.9051,1.0,0.8267
309,AL_81,AL,numeric,raw,mean,0.6129,0.8267,0.9051,1.0,0.8267
310,AL_81,AL,numeric,raw,median,0.6129,0.8267,0.9051,1.0,0.8267
311,AL_81,AL,numeric,significand,mean,0.6129,0.8267,0.9051,1.0,0.8267
312,AL_81,AL,numeric,significand,median,0.6129,0.8267,0.9051,1.0,0.8267
313,AL_81,AL,numeric,sig4figs,mean,0.6129,0.8267,0.9051,1.0,0.8267
314,AL_81,AL,numeric,sig4figs,median,0.6129,0.8267,0.9051,1.0,0.8267
315,AL_83,AL,numeric,raw,mean,0.6129,0.8267,0.9051,1.0,0.8267
316,AL_83,AL,numeric,raw,median,0.6129,0.8267,0.9051,1.0,0.8267
317,AL_83,AL,numeric,significand,mean,0.6129,0.8267,0.9051,1.0,0.8267
318,AL_83,AL,numeric,significand,median,0.6129,0.8267,0.9051,1.0,0.8267
319,AL_83,AL,numeric,sig4figs,mean,0.6129,0.8267,0.9051,1.0,0.8267
320,AL_83,AL,numeric,sig4figs,median,0.6129,0.8267,0.9051,1.0,0.8267
321,AL_85,AL,numeric,significand,median,0.6129,0.8267,0.9051,1.0,0.8267
322,AL_86,AL,numeric,raw,mean,0.6129,0.8267,0.9051,1.0,0.8267
323,AL_86,AL,numeric,raw,median,0.6129,0.8267,0.9051,1.0,0.8267
324,AL_86,AL,numeric,significand,mean,0.6129,0.8267,0.9051,1.0,0.8267
325,AL_86,AL,numeric,significand,median,0.6129,0.8267,0.9051,1.0,0.8267
326,AL_86,AL,numeric,sig4figs,mean,0.6129,0.8267,0.9051,1.0,0.8267
327,AL_86,AL,numeric,sig4figs,median,0.6129,0.8267,0.9051,1.0,0.8267
328,AL_87,AL,numeric,raw,mean,0.6129,0.8267,0.9051,1.0,0.8267
329,AL_87,AL,numeric,raw,median,0.6129,0.8267,0.9051,1.0,0.8267
330,AL_87,AL,numeric,significand,mean,0.6129,0.8267,0.9051,1.0,0.8267
331,AL_87,AL,numeric,significand,median,0.6129,0.8267,0.9051,1.0,0.8267
332,AL_87,AL,numeric,sig4figs,mean,0.6129,0.8267,0.9051,1.0,0.8267
333,AL_87,AL,numeric,sig4figs,median,0.6129,0.8267,0.9051,1.0,0.8267
334,AL_89,AL,numeric,raw,mean,0.6129,0.8267,0.9051,1.0,0.8267
335,AL_89,AL,numeric,raw,median,0.6129,0.8267,0.9051,1.0,0.8267
336,AL_89,AL,numeric,significand,mean,0.6129,0.8267,0.9051,1.0,0.8267
337,AL_89,AL,numeric,significand,median,0.6129,0.8267,0.9051,1.0,0.8267
338,AL_89,AL,numeric,sig4figs,mean,0.6129,0.8267,0.9051,1.0,0.8267
339,AL_89,AL,numeric,sig4figs,median,0.6129,0.8267,0.9051,1.0,0.8267
340,AL_90,AL,numeric,raw,mean,0.6129,0.8267,0.9051,1.0,0.8267
341,AL_90,AL,numeric,raw,median,0.6129,0.8267,0.9051,1.0,0.8267
342,AL_90,AL,numeric,significand,mean,0.6129,0.8267,0.9051,1.0,0.8267
343,AL_90,AL,numeric,significand,median,0.6129,0.8267,0.9051,1.0,0.8267
344,AL_90,AL,numeric,sig4figs,mean,0.6129,0.8267,0.9051,1.0,0.8267
345,AL_90,AL,numeric,sig4figs,median,0.6129,0.8267,0.9051,1.0,0.8267
346,AL_92,AL,numeric,raw,mean,0.6129,0.8267,0.9051,1.0,0.8267
347,AL_92,AL,numeric,raw,median,0.6129,0.8267,0.9051,1.0,0.8267
348,AL_92,AL,numeric,significand,mean,0.6129,0.8267,0.9051,1.0,0.8267
349,AL_92,AL,numeric,significand,median,0.6129,0.8267,0.9051,1.0,0.8267
350,AL_92,AL,numeric,sig4figs,mean,0.6129,0.8267,0.9051,1.0,0.8267
351,AL_92,AL,numeric,sig4figs,median,0.6129,0.8267,0.9051,1.0,0.8267
352,AL_93,AL,numeric,raw,mean,0.6129,0.8267,0.9051,1.0,0.8267
353,AL_93,AL,numeric,raw,median,0.6129,0.8267,0.9051,1.0,0.8267
354,AL_93,AL,numeric,significand,mean,0.6129,0.8267,0.9051,1.0,0.8267
355,AL_93,AL,numeric,significand,median,0.6129,0.8267,0.9051,1.0,0.8267
356,AL_93,AL,numeric,sig4figs,mean,0.6129,0.8267,0.9051,1.0,0.8267
357,AL_93,AL,numeric,sig4figs,median,0.6129,0.8267,0.9051,1.0,0.8267
358,AL_94,AL,numeric,raw,mean,0.6129,0.8267,0.9051,1.0,0.8267
359,AL_94,AL,numeric,raw,median,0.6129,0.8267,0.9051,1.0,0.8267
360,AL_94,AL,numeric,significand,mean,0.6129,0.8267,0.9051,1.0,0.8267
361,AL_94,AL,numeric,significand,median,0.6129,0.8267,0.9051,1.0,0.8267
362,AL_94,AL,numeric,sig4figs,mean,0.6129,0.8267,0.9051,1.0,0.8267
363,AL_94,AL,numeric,sig4figs,median,0.6129,0.8267,0.9051,1.0,0.8267
364,AL_95,AL,numeric,raw,mean,0.6129,0.8267,0.9051,1.0,0.8267
365,AL_95,AL,numeric,raw,median,0.6129,0.8267,0.9051,1.0,0.8267
366,AL_95,AL,numeric,significand,mean,0.6129,0.8267,0.9051,1.0,0.8267
367,AL_95,AL,numeric,significand,median,0.6129,0.8267,0.9051,1.0,0.8267
368,AL_95,AL,numeric,sig4figs,mean,0.6129,0.8267,0.9051,1.0,0.8267
369,AL_95,AL,numeric,sig4figs,median,0.6129,0.8267,0.9051,1.0,0.8267
370,CAT_2,CAT,categorical,categorical,none,0.6129,0.8267,0.9051,1.0,0.8267
371,AL_98,AL,numeric,raw,mean,0.6129,0.8267,0.9051,1.0,0.8267
372,AL_98,AL,numeric,raw,median,0.6129,0.8267,0.9051,1.0,0.8267
373,AL_98,AL,numeric,significand,mean,0.6129,0.8267,0.9051,1.0,0.8267
374,AL_98,AL,numeric,significand,median,0.6129,0.8267,0.9051,1.0,0.8267
375,AL_98,AL,numeric,sig4figs,mean,0.6129,0.8267,0.9051,1.0,0.8267
376,AL_98,AL,numeric,sig4figs,median,0.6129,0.8267,0.9051,1.0,0.8267
377,CAT_3,CAT,categorical,categorical,none,0.0296,0.8267,0.9051,1.0,0.8267
378,CAT_4,CAT,categorical,categorical,none,0.0296,0.8267,0.9051,1.0,0.8267
379,AL_99,AL,numeric,raw,mean,0.457,0.8267,0.9051,1.0,0.8267
380,AL_99,AL,numeric,raw,median,0.457,0.8267,0.9051,1.0,0.8267
381,AL_99,AL,numeric,significand,mean,0.457,0.8267,0.9051,1.0,0.8267
382,AL_99,AL,numeric,significand,median,0.457,0.8267,0.9051,1.0,0.8267
383,AL_99,AL,numeric,sig4figs,mean,0.457,0.8267,0.9051,1.0,0.8267
384,AL_99,AL,numeric,sig4figs,median,0.457,0.8267,0.9051,1.0,0.8267
385,AL_101,AL,numeric,raw,mean,0.457,0.8267,0.9051,1.0,0.8267
386,AL_101,AL,numeric,raw,median,0.457,0.8267,0.9051,1.0,0.8267
387,AL_101,AL,numeric,significand,mean,0.457,0.8267,0.9051,1.0,0.8267
388,AL_101,AL,numeric,significand,median,0.457,0.8267,0.9051,1.0,0.8267
389,AL_101,AL,numeric,sig4figs,mean,0.457,0.8267,0.9051,1.0,0.8267
390,AL_101,AL,numeric,sig4figs,median,0.457,0.8267,0.9051,1.0,0.8267
391,AL_102,AL,numeric,raw,mean,0.457,0.8267,0.9051,1.0,0.8267
392,AL_102,AL,numeric,raw,median,0.457,0.8267,0.9051,1.0,0.8267
393,AL_102,AL,numeric,significand,mean,0.457,0.8267,0.9051,1.0,0.8267
394,AL_102,AL,numeric,significand,median,0.457,0.8267,0.9051,1.0,0.8267
395,AL_102,AL,numeric,sig4figs,mean,0.457,0.8267,0.9051,1.0,0.8267
396,AL_102,AL,numeric,sig4figs,median,0.457,0.8267,0.9051,1.0,0.8267
397,AL_104,AL,numeric,raw,mean,0.457,0.8267,0.9051,1.0,0.8267
398,AL_104,AL,numeric,raw,median,0.457,0.8267,0.9051,1.0,0.8267
399,AL_104,AL,numeric,significand,mean,0.457,0.8267,0.9051,1.0,0.8267
400,AL_104,AL,numeric,significand,median,0.457,0.8267,0.9051,1.0,0.8267
401,AL_104,AL,numeric,sig4figs,mean,0.457,0.8267,0.9051,1.0,0.8267
402,AL_104,AL,numeric,sig4figs,median,0.457,0.8267,0.9051,1.0,0.8267
403,AL_107,AL,numeric,raw,mean,0.457,0.8267,0.9051,1.0,0.8267
404,AL_107,AL,numeric,raw,median,0.457,0.8267,0.9051,1.0,0.8267
405,AL_107,AL,numeric,significand,mean,0.457,0.8267,0.9051,1.0,0.8267
406,AL_107,AL,numeric,significand,median,0.457,0.8267,0.9051,1.0,0.8267
407,AL_107,AL,numeric,sig4figs,mean,0.457,0.8267,0.9051,1.0,0.8267
408,AL_107,AL,numeric,sig4figs,median,0.457,0.8267,0.9051,1.0,0.8267
409,AL_110,AL,numeric,raw,mean,0.457,0.8267,0.9051,1.0,0.8267
410,AL_110,AL,numeric,raw,median,0.457,0.8267,0.9051,1.0,0.8267
411,AL_110,AL,numeric,significand,mean,0.457,0.8267,0.9051,1.0,0.8267
412,AL_110,AL,numeric,significand,median,0.457,0.8267,0.9051,1.0,0.8267
413,AL_110,AL,numeric,sig4figs,mean,0.457,0.8267,0.9051,1.0,0.8267
414,AL_110,AL,numeric,sig4figs,median,0.457,0.8267,0.9051,1.0,0.8267
415,AL_111,AL,numeric,raw,mean,0.457,0.8267,0.9051,1.0,0.8267
416,AL_111,AL,numeric,raw,median,0.457,0.8267,0.9051,1.0,0.8267
417,AL_111,AL,numeric,significand,mean,0.457,0.8267,0.9051,1.0,0.8267
418,AL_111,AL,numeric,significand,median,0.457,0.8267,0.9051,1.0,0.8267
419,AL_111,AL,numeric,sig4figs,mean,0.457,0.8267,0.9051,1.0,0.8267
420,AL_111,AL,numeric,sig4figs,median,0.457,0.8267,0.9051,1.0,0.8267
421,AL_113,AL,numeric,raw,mean,0.457,0.8267,0.9051,1.0,0.8267
422,AL_113,AL,numeric,raw,median,0.457,0.8267,0.9051,1.0,0.8267
423,AL_113,AL,numeric,significand,mean,0.457,0.8267,0.9051,1.0,0.8267
424,AL_113,AL,numeric,significand,median,0.457,0.8267,0.9051,1.0,0.8267
425,AL_113,AL,numeric,sig4figs,mean,0.457,0.8267,0.9051,1.0,0.8267
426,AL_113,AL,numeric,sig4figs,median,0.457,0.8267,0.9051,1.0,0.8267
427,AL_114,AL,numeric,significand,mean,0.457,0.8267,0.9051,1.0,0.8267
428,AL_116,AL,numeric,raw,mean,0.457,0.8267,0.9051,1.0,0.8267
429,AL_116,AL,numeric,raw,median,0.457,0.8267,0.9051,1.0,0.8267
430,AL_116,AL,numeric,significand,mean,0.457,0.8267,0.9051,1.0,0.8267
431,AL_116,AL,numeric,significand,median,0.457,0.8267,0.9051,1.0,0.8267
432,AL_116,AL,numeric,sig4figs,mean,0.457,0.8267,0.9051,1.0,0.8267
433,AL_116,AL,numeric,sig4figs,median,0.457,0.8267,0.9051,1.0,0.8267
434,AL_119,AL,numeric,raw,mean,0.457,0.8267,0.9051,1.0,0.8267
435,AL_119,AL,numeric,raw,median,0.457,0.8267,0.9051,1.0,0.8267
436,AL_119,AL,numeric,significand,mean,0.457,0.8267,0.9051,1.0,0.8267
437,AL_119,AL,numeric,significand,median,0.457,0.8267,0.9051,1.0,0.8267
438,AL_119,AL,numeric,sig4figs,mean,0.457,0.8267,0.9051,1.0,0.8267
439,AL_119,AL,numeric,sig4figs,median,0.457,0.8267,0.9051,1.0,0.8267
440,AL_120,AL,numeric,raw,mean,0.457,0.8267,0.9051,1.0,0.8267
441,AL_120,AL,numeric,raw,median,0.457,0.8267,0.9051,1.0,0.8267
442,AL_120,AL,numeric,significand,mean,0.457,0.8267,0.9051,1.0,0.8267
443,AL_120,AL,numeric,significand,median,0.457,0.8267,0.9051,1.0,0.8267
444,AL_120,AL,numeric,sig4figs,mean,0.457,0.8267,0.9051,1.0,0.8267
445,AL_120,AL,numeric,sig4figs,median,0.457,0.8267,0.9051,1.0,0.8267
446,AL_122,AL,numeric,raw,mean,0.457,0.8267,0.9051,1.0,0.8267
447,AL_122,AL,numeric,raw,median,0.457,0.8267,0.9051,1.0,0.8267
448,AL_122,AL,numeric,significand,mean,0.457,0.8267,0.9051,1.0,0.8267
449,AL_122,AL,numeric,significand,median,0.457,0.8267,0.9051,1.0,0.8267
450,AL_122,AL,numeric,sig4figs,mean,0.457,0.8267,0.9051,1.0,0.8267
451,AL_122,AL,numeric,sig4figs,median,0.457,0.8267,0.9051,1.0,0.8267
452,AL_125,AL,numeric,raw,mean,0.457,0.8267,0.9051,1.0,0.8267
453,AL_125,AL,numeric,raw,median,0.457,0.8267,0.9051,1.0,0.8267
454,AL_125,AL,numeric,significand,mean,0.457,0.8267,0.9051,1.0,0.8267
455,AL_125,AL,numeric,significand,median,0.457,0.8267,0.9051,1.0,0.8267
456,AL_125,AL,numeric,sig4figs,mean,0.457,0.8267,0.9051,1.0,0.8267
457,AL_125,AL,numeric,sig4figs,median,0.457,0.8267,0.9051,1.0,0.8267
458,AL_128,AL,numeric,raw,mean,0.457,0.8267,0.9051,1.0,0.8267
459,AL_128,AL,numeric,raw,median,0.457,0.8267,0.9051,1.0,0.8267
460,AL_128,AL,numeric,significand,mean,0.457,0.8267,0.9051,1.0,0.8267
461,AL_128,AL,numeric,significand,median,0.457,0.8267,0.9051,1.0,0.8267
462,AL_128,AL,numeric,sig4figs,mean,0.457,0.8267,0.9051,1.0,0.8267
463,AL_128,AL,numeric,sig4figs,median,0.457,0.8267,0.9051,1.0,0.8267
464,AL_131,AL,numeric,raw,mean,0.457,0.8267,0.9051,1.0,0.8267
465,AL_131,AL,numeric,raw,median,0.457,0.8267,0.9051,1.0,0.8267
466,AL_131,AL,numeric,significand,mean,0.457,0.8267,0.9051,1.0,0.8267
467,AL_131,AL,numeric,significand,median,0.457,0.8267,0.9051,1.0,0.8267
468,AL_131,AL,numeric,sig4figs,mean,0.457,0.8267,0.9051,1.0,0.8267
469,AL_131,AL,numeric,sig4figs,median,0.457,0.8267,0.9051,1.0,0.8267
470,AL_132,AL,numeric,raw,mean,0.457,0.8267,0.9051,1.0,0.8267
471,AL_132,AL,numeric,raw,median,0.457,0.8267,0.9051,1.0,0.8267
472,AL_132,AL,numeric,significand,mean,0.457,0.8267,0.9051,1.0,0.8267
473,AL_132,AL,numeric,significand,median,0.457,0.8267,0.9051,1.0,0.8267
474,AL_132,AL,numeric,sig4figs,mean,0.457,0.8267,0.9051,1.0,0.8267
475,AL_132,AL,numeric,sig4figs,median,0.457,0.8267,0.9051,1.0,0.8267
476,AL_134,AL,numeric,raw,mean,0.457,0.8267,0.9051,1.0,0.8267
477,AL_134,AL,numeric,raw,median,0.457,0.8267,0.9051,1.0,0.8267
478,AL_134,AL,numeric,significand,mean,0.457,0.8267,0.9051,1.0,0.8267
479,AL_134,AL,numeric,significand,median,0.457,0.8267,0.9051,1.0,0.8267
480,AL_134,AL,numeric,sig4figs,mean,0.457,0.8267,0.9051,1.0,0.8267
481,AL_134,AL,numeric,sig4figs,median,0.457,0.8267,0.9051,1.0,0.8267
482,AL_135,AL,numeric,raw,mean,0.457,0.8267,0.9051,1.0,0.8267
483,AL_135,AL,numeric,sig4figs,mean,0.457,0.8267,0.9051,1.0,0.8267
484,AL_136,AL,numeric,raw,mean,0.457,0.8267,0.9051,1.0,0.8267
485,AL_136,AL,numeric,raw,median,0.457,0.8267,0.9051,1.0,0.8267
486,AL_136,AL,numeric,sig4figs,mean,0.457,0.8267,0.9051,1.0,0.8267
487,AL_136,AL,numeric,sig4figs,median,0.457,0.8267,0.9051,1.0,0.8267
488,AL_137,AL,numeric,raw,mean,0.457,0.8267,0.9051,1.0,0.8267
489,AL_137,AL,numeric,raw,median,0.457,0.8267,0.9051,1.0,0.8267
490,AL_137,AL,numeric,significand,mean,0.457,0.8267,0.9051,1.0,0.8267
491,AL_137,AL,numeric,significand,median,0.457,0.8267,0.9051,1.0,0.8267
492,AL_137,AL,numeric,sig4figs,mean,0.457,0.8267,0.9051,1.0,0.8267
493,AL_137,AL,numeric,sig4figs,median,0.457,0.8267,0.9051,1.0,0.8267
494,AL_138,AL,numeric,raw,mean,0.457,0.8267,0.9051,1.0,0.8267
495,AL_138,AL,numeric,sig4figs,mean,0.457,0.8267,0.9051,1.0,0.8267
496,AL_140,AL,numeric,raw,mean,0.457,0.8267,0.9051,1.0,0.8267
497,AL_140,AL,numeric,raw,median,0.457,0.8267,0.9051,1.0,0.8267
498,AL_140,AL,numeric,significand,mean,0.457,0.8267,0.9051,1.0,0.8267
499,AL_140,AL,numeric,significand,median,0.457,0.8267,0.9051,1.0,0.8267
500,AL_140,AL,numeric,sig4figs,mean,0.457,0.8267,0.9051,1.0,0.8267
501,AL_140,AL,numeric,sig4figs,median,0.457,0.8267,0.9051,1.0,0.8267
502,AL_143,AL,numeric,raw,mean,0.457,0.8267,0.9051,1.0,0.8267
503,AL_143,AL,numeric,raw,median,0.457,0.8267,0.9051,1.0,0.8267
504,AL_143,AL,numeric,significand,mean,0.457,0.8267,0.9051,1.0,0.8267
505,AL_143,AL,numeric,significand,median,0.457,0.8267,0.9051,1.0,0.8267
506,AL_143,AL,numeric,sig4figs,mean,0.457,0.8267,0.9051,1.0,0.8267
507,AL_143,AL,numeric,sig4figs,median,0.457,0.8267,0.9051,1.0,0.8267
508,AL_144,AL,numeric,raw,mean,0.457,0.8267,0.9051,1.0,0.8267
509,AL_144,AL,numeric,raw,median,0.457,0.8267,0.9051,1.0,0.8267
510,AL_144,AL,numeric,significand,mean,0.457,0.8267,0.9051,1.0,0.8267
511,AL_144,AL,numeric,significand,median,0.457,0.8267,0.9051,1.0,0.8267
512,AL_144,AL,numeric,sig4figs,mean,0.457,0.8267,0.9051,1.0,0.8267
513,AL_144,AL,numeric,sig4figs,median,0.457,0.8267,0.9051,1.0,0.8267
514,AL_146,AL,numeric,raw,mean,0.457,0.8267,0.9051,1.0,0.8267
515,AL_146,AL,numeric,raw,median,0.457,0.8267,0.9051,1.0,0.8267
516,AL_146,AL,numeric,significand,mean,0.457,0.8267,0.9051,1.0,0.8267
517,AL_146,AL,numeric,significand,median,0.457,0.8267,0.9051,1.0,0.8267
518,AL_146,AL,numeric,sig4figs,mean,0.457,0.8267,0.9051,1.0,0.8267
519,AL_146,AL,numeric,sig4figs,median,0.457,0.8267,0.9051,1.0,0.8267
520,AL_149,AL,numeric,raw,mean,0.457,0.8267,0.9051,1.0,0.8267
521,AL_149,AL,numeric,raw,median,0.457,0.8267,0.9051,1.0,0.8267
522,AL_149,AL,numeric,significand,mean,0.457,0.8267,0.9051,1.0,0.8267
523,AL_149,AL,numeric,significand,median,0.457,0.8267,0.9051,1.0,0.8267
524,AL_149,AL,numeric,sig4figs,mean,0.457,0.8267,0.9051,1.0,0.8267
525,AL_149,AL,numeric,sig4figs,median,0.457,0.8267,0.9051,1.0,0.8267
526,AL_151,AL,numeric,raw,mean,0.457,0.8267,0.9051,1.0,0.8267
527,AL_151,AL,numeric,raw,median,0.457,0.8267,0.9051,1.0,0.8267
528,AL_151,AL,numeric,sig4figs,mean,0.457,0.8267,0.9051,1.0,0.8267
529,AL_151,AL,numeric,sig4figs,median,0.457,0.8267,0.9051,1.0,0.8267
530,AL_152,AL,numeric,raw,mean,0.457,0.8267,0.9051,1.0,0.8267
531,AL_152,AL,numeric,raw,median,0.457,0.8267,0.9051,1.0,0.8267
532,AL_152,AL,numeric,significand,mean,0.457,0.8267,0.9051,1.0,0.8267
533,AL_152,AL,numeric,significand,median,0.457,0.8267,0.9051,1.0,0.8267
534,AL_152,AL,numeric,sig4figs,mean,0.457,0.8267,0.9051,1.0,0.8267
535,AL_152,AL,numeric,sig4figs,median,0.457,0.8267,0.9051,1.0,0.8267
536,AL_155,AL,numeric,raw,mean,0.457,0.8267,0.9051,1.0,0.8267
537,AL_155,AL,numeric,raw,median,0.457,0.8267,0.9051,1.0,0.8267
538,AL_155,AL,numeric,significand,mean,0.457,0.8267,0.9051,1.0,0.8267
539,AL_155,AL,numeric,significand,median,0.457,0.8267,0.9051,1.0,0.8267
540,AL_155,AL,numeric,sig4figs,mean,0.457,0.8267,0.9051,1.0,0.8267
541,AL_155,AL,numeric,sig4figs,median,0.457,0.8267,0.9051,1.0,0.8267
542,AL_156,AL,numeric,raw,mean,0.457,0.8267,0.9051,1.0,0.8267
543,AL_156,AL,numeric,sig4figs,mean,0.457,0.8267,0.9051,1.0,0.8267
544,AL_158,AL,numeric,raw,mean,0.457,0.8267,0.9051,1.0,0.8267
545,AL_158,AL,numeric,raw,median,0.457,0.8267,0.9051,1.0,0.8267
546,AL_158,AL,numeric,significand,mean,0.457,0.8267,0.9051,1.0,0.8267
547,AL_158,AL,numeric,significand,median,0.457,0.8267,0.9051,1.0,0.8267
548,AL_158,AL,numeric,sig4figs,mean,0.457,0.8267,0.9051,1.0,0.8267
549,AL_158,AL,numeric,sig4figs,median,0.457,0.8267,0.9051,1.0,0.8267
550,AL_161,AL,numeric,raw,mean,0.457,0.8267,0.9051,1.0,0.8267
551,AL_161,AL,numeric,raw,median,0.457,0.8267,0.9051,1.0,0.8267
552,AL_161,AL,numeric,significand,mean,0.457,0.8267,0.9051,1.0,0.8267
553,AL_161,AL,numeric,significand,median,0.457,0.8267,0.9051,1.0,0.8267
554,AL_161,AL,numeric,sig4figs,mean,0.457,0.8267,0.9051,1.0,0.8267
555,AL_161,AL,numeric,sig4figs,median,0.457,0.8267,0.9051,1.0,0.8267
556,AL_164,AL,numeric,raw,mean,0.457,0.8267,0.9051,1.0,0.8267
557,AL_164,AL,numeric,raw,median,0.457,0.8267,0.9051,1.0,0.8267
558,AL_164,AL,numeric,significand,mean,0.457,0.8267,0.9051,1.0,0.8267
559,AL_164,AL,numeric,significand,median,0.457,0.8267,0.9051,1.0,0.8267
560,AL_164,AL,numeric,sig4figs,mean,0.457,0.8267,0.9051,1.0,0.8267
561,AL_164,AL,numeric,sig4figs,median,0.457,0.8267,0.9051,1.0,0.8267
562,AL_167,AL,numeric,raw,mean,0.457,0.8267,0.9051,1.0,0.8267
563,AL_167,AL,numeric,raw,median,0.457,0.8267,0.9051,1.0,0.8267
564,AL_167,AL,numeric,significand,mean,0.457,0.8267,0.9051,1.0,0.8267
565,AL_167,AL,numeric,significand,median,0.457,0.8267,0.9051,1.0,0.8267
566,AL_167,AL,numeric,sig4figs,mean,0.457,0.8267,0.9051,1.0,0.8267
567,AL_167,AL,numeric,sig4figs,median,0.457,0.8267,0.9051,1.0,0.8267
568,AL_170,AL,numeric,raw,mean,0.457,0.8267,0.9051,1.0,0.8267
569,AL_170,AL,numeric,raw,median,0.457,0.8267,0.9051,1.0,0.8267
570,AL_170,AL,numeric,significand,mean,0.457,0.8267,0.9051,1.0,0.8267
571,AL_170,AL,numeric,significand,median,0.457,0.8267,0.9051,1.0,0.8267
572,AL_170,AL,numeric,sig4figs,mean,0.457,0.8267,0.9051,1.0,0.8267
573,AL_170,AL,numeric,sig4figs,median,0.457,0.8267,0.9051,1.0,0.8267
574,AL_173,AL,numeric,raw,mean,0.457,0.8267,0.9051,1.0,0.8267
575,AL_173,AL,numeric,raw,median,0.457,0.8267,0.9051,1.0,0.8267
576,AL_173,AL,numeric,significand,mean,0.457,0.8267,0.9051,1.0,0.8267
577,AL_173,AL,numeric,significand,median,0.457,0.8267,0.9051,1.0,0.8267
578,AL_173,AL,numeric,sig4figs,mean,0.457,0.8267,0.9051,1.0,0.8267
579,AL_173,AL,numeric,sig4figs,median,0.457,0.8267,0.9051,1.0,0.8267
580,AL_176,AL,numeric,raw,mean,0.457,0.8267,0.9051,1.0,0.8267
581,AL_176,AL,numeric,raw,median,0.457,0.8267,0.9051,1.0,0.8267
582,AL_176,AL,numeric,significand,mean,0.457,0.8267,0.9051,1.0,0.8267
583,AL_176,AL,numeric,significand,median,0.457,0.8267,0.9051,1.0,0.8267
584,AL_176,AL,numeric,sig4figs,mean,0.457,0.8267,0.9051,1.0,0.8267
585,AL_176,AL,numeric,sig4figs,median,0.457,0.8267,0.9051,1.0,0.8267
586,AL_179,AL,numeric,raw,mean,0.457,0.8267,0.9051,1.0,0.8267
587,AL_179,AL,numeric,raw,median,0.457,0.8267,0.9051,1.0,0.8267
588,AL_179,AL,numeric,significand,mean,0.457,0.8267,0.9051,1.0,0.8267
589,AL_179,AL,numeric,significand,median,0.457,0.8267,0.9051,1.0,0.8267
590,AL_179,AL,numeric,sig4figs,mean,0.457,0.8267,0.9051,1.0,0.8267
591,AL_179,AL,numeric,sig4figs,median,0.457,0.8267,0.9051,1.0,0.8267
592,AL_180,AL,numeric,raw,mean,0.457,0.8267,0.9051,1.0,0.8267
593,AL_180,AL,numeric,raw,median,0.457,0.8267,0.9051,1.0,0.8267
594,AL_180,AL,numeric,significand,mean,0.457,0.8267,0.9051,1.0,0.8267
595,AL_180,AL,numeric,significand,median,0.457,0.8267,0.9051,1.0,0.8267
596,AL_180,AL,numeric,sig4figs,mean,0.457,0.8267,0.9051,1.0,0.8267
597,AL_180,AL,numeric,sig4figs,median,0.457,0.8267,0.9051,1.0,0.8267
598,AL_182,AL,numeric,raw,mean,0.457,0.8267,0.9051,1.0,0.8267
599,AL_182,AL,numeric,raw,median,0.457,0.8267,0.9051,1.0,0.8267
600,AL_182,AL,numeric,significand,mean,0.457,0.8267,0.9051,1.0,0.8267
601,AL_182,AL,numeric,significand,median,0.457,0.8267,0.9051,1.0,0.8267
602,AL_182,AL,numeric,sig4figs,mean,0.457,0.8267,0.9051,1.0,0.8267
603,AL_182,AL,numeric,sig4figs,median,0.457,0.8267,0.9051,1.0,0.8267
604,AL_183,AL,numeric,raw,mean,0.6801,0.8267,0.9051,1.0,0.8267
605,AL_183,AL,numeric,raw,median,0.6801,0.8267,0.9051,1.0,0.8267
606,AL_183,AL,numeric,significand,mean,0.6801,0.8267,0.9051,1.0,0.8267
607,AL_183,AL,numeric,significand,median,0.6801,0.8267,0.9051,1.0,0.8267
608,AL_183,AL,numeric,sig4figs,mean,0.6801,0.8267,0.9051,1.0,0.8267
609,AL_183,AL,numeric,sig4figs,median,0.6801,0.8267,0.9051,1.0,0.8267
610,AL_184,AL,numeric,raw,mean,0.6801,0.8267,0.9051,1.0,0.8267
611,AL_184,AL,numeric,raw,median,0.6801,0.8267,0.9051,1.0,0.8267
612,AL_184,AL,numeric,sig4figs,mean,0.6801,0.8267,0.9051,1.0,0.8267
613,AL_184,AL,numeric,sig4figs,median,0.6801,0.8267,0.9051,1.0,0.8267
614,AL_185,AL,numeric,raw,mean,0.6801,0.8267,0.9051,1.0,0.8267
615,AL_185,AL,numeric,raw,median,0.6801,0.8267,0.9051,1.0,0.8267
616,AL_185,AL,numeric,significand,mean,0.6801,0.8267,0.9051,1.0,0.8267
617,AL_185,AL,numeric,significand,median,0.6801,0.8267,0.9051,1.0,0.8267
618,AL_185,AL,numeric,sig4figs,mean,0.6801,0.8267,0.9051,1.0,0.8267
619,AL_185,AL,numeric,sig4figs,median,0.6801,0.8267,0.9051,1.0,0.8267
620,CAT_5,CAT,categorical,categorical,none,0.0296,0.8267,0.9051,1.0,0.8267
621,AL_189,AL,numeric,raw,mean,0.6505,0.8267,0.9051,1.0,0.8267
622,AL_189,AL,numeric,raw,median,0.6505,0.8267,0.9051,1.0,0.8267
623,AL_189,AL,numeric,significand,mean,0.6505,0.8267,0.9051,1.0,0.8267
624,AL_189,AL,numeric,significand,median,0.6505,0.8267,0.9051,1.0,0.8267
625,AL_189,AL,numeric,sig4figs,mean,0.6505,0.8267,0.9051,1.0,0.8267
626,AL_189,AL,numeric,sig4figs,median,0.6505,0.8267,0.9051,1.0,0.8267
627,AL_190,AL,numeric,raw,mean,0.6505,0.8267,0.9051,1.0,0.8267
628,AL_190,AL,numeric,raw,median,0.6505,0.8267,0.9051,1.0,0.8267
629,AL_190,AL,numeric,sig4figs,mean,0.6505,0.8267,0.9051,1.0,0.8267
630,AL_190,AL,numeric,sig4figs,median,0.6505,0.8267,0.9051,1.0,0.8267
631,AL_191,AL,numeric,raw,mean,0.6505,0.8267,0.9051,1.0,0.8267
632,AL_191,AL,numeric,raw,median,0.6505,0.8267,0.9051,1.0,0.8267
633,AL_191,AL,numeric,significand,mean,0.6505,0.8267,0.9051,1.0,0.8267
634,AL_191,AL,numeric,significand,median,0.6505,0.8267,0.9051,1.0,0.8267
635,AL_191,AL,numeric,sig4figs,mean,0.6505,0.8267,0.9051,1.0,0.8267
636,AL_191,AL,numeric,sig4figs,median,0.6505,0.8267,0.9051,1.0,0.8267
637,AL_192,AL,numeric,raw,mean,0.6505,0.8267,0.9051,1.0,0.8267
638,AL_192,AL,numeric,raw,median,0.6505,0.8267,0.9051,1.0,0.8267
639,AL_192,AL,numeric,significand,mean,0.6505,0.8267,0.9051,1.0,0.8267
640,AL_192,AL,numeric,significand,median,0.6505,0.8267,0.9051,1.0,0.8267
641,AL_192,AL,numeric,sig4figs,mean,0.6505,0.8267,0.9051,1.0,0.8267
642,AL_192,AL,numeric,sig4figs,median,0.6505,0.8267,0.9051,1.0,0.8267
643,AL_195,AL,numeric,raw,mean,0.6505,0.8267,0.9051,1.0,0.8267
644,AL_195,AL,numeric,raw,median,0.6505,0.8267,0.9051,1.0,0.8267
645,AL_195,AL,numeric,significand,mean,0.6505,0.8267,0.9051,1.0,0.8267
646,AL_195,AL,numeric,significand,median,0.6505,0.8267,0.9051,1.0,0.8267
647,AL_195,AL,numeric,sig4figs,mean,0.6505,0.8267,0.9051,1.0,0.8267
648,AL_195,AL,numeric,sig4figs,median,0.6505,0.8267,0.9051,1.0,0.8267
649,AL_196,AL,numeric,raw,mean,0.6505,0.8267,0.9051,1.0,0.8267
650,AL_196,AL,numeric,raw,median,0.6505,0.8267,0.9051,1.0,0.8267
651,AL_196,AL,numeric,significand,mean,0.6505,0.8267,0.9051,1.0,0.8267
652,AL_196,AL,numeric,significand,median,0.6505,0.8267,0.9051,1.0,0.8267
653,AL_196,AL,numeric,sig4figs,mean,0.6505,0.8267,0.9051,1.0,0.8267
654,AL_196,AL,numeric,sig4figs,median,0.6505,0.8267,0.9051,1.0,0.8267
655,AL_197,AL,numeric,raw,mean,0.6505,0.8267,0.9051,1.0,0.8267
656,AL_197,AL,numeric,raw,median,0.6505,0.8267,0.9051,1.0,0.8267
657,AL_197,AL,numeric,significand,mean,0.6505,0.8267,0.9051,1.0,0.8267
658,AL_197,AL,numeric,significand,median,0.6505,0.8267,0.9051,1.0,0.8267
659,AL_197,AL,numeric,sig4figs,mean,0.6505,0.8267,0.9051,1.0,0.8267
660,AL_197,AL,numeric,sig4figs,median,0.6505,0.8267,0.9051,1.0,0.8267
661,AL_200,AL,numeric,raw,mean,0.6505,0.8267,0.9051,1.0,0.8267
662,AL_200,AL,numeric,raw,median,0.6505,0.8267,0.9051,1.0,0.8267
663,AL_200,AL,numeric,significand,mean,0.6505,0.8267,0.9051,1.0,0.8267
664,AL_200,AL,numeric,significand,median,0.6505,0.8267,0.9051,1.0,0.8267
665,AL_200,AL,numeric,sig4figs,mean,0.6505,0.8267,0.9051,1.0,0.8267
666,AL_200,AL,numeric,sig4figs,median,0.6505,0.8267,0.9051,1.0,0.8267
667,AL_201,AL,numeric,raw,mean,0.6505,0.8267,0.9051,1.0,0.8267
668,AL_201,AL,numeric,raw,median,0.6505,0.8267,0.9051,1.0,0.8267
669,AL_201,AL,numeric,significand,mean,0.6505,0.8267,0.9051,1.0,0.8267
670,AL_201,AL,numeric,significand,median,0.6505,0.8267,0.9051,1.0,0.8267
671,AL_201,AL,numeric,sig4figs,mean,0.6505,0.8267,0.9051,1.0,0.8267
672,AL_201,AL,numeric,sig4figs,median,0.6505,0.8267,0.9051,1.0,0.8267
673,AL_202,AL,numeric,raw,mean,0.6505,0.8267,0.9051,1.0,0.8267
674,AL_202,AL,numeric,raw,median,0.6505,0.8267,0.9051,1.0,0.8267
675,AL_202,AL,numeric,sig4figs,mean,0.6505,0.8267,0.9051,1.0,0.8267
676,AL_202,AL,numeric,sig4figs,median,0.6505,0.8267,0.9051,1.0,0.8267
677,AL_204,AL,numeric,raw,mean,0.6505,0.8267,0.9051,1.0,0.8267
678,AL_204,AL,numeric,raw,median,0.6505,0.8267,0.9051,1.0,0.8267
679,AL_204,AL,numeric,significand,mean,0.6505,0.8267,0.9051,1.0,0.8267
680,AL_204,AL,numeric,significand,median,0.6505,0.8267,0.9051,1.0,0.8267
681,AL_204,AL,numeric,sig4figs,mean,0.6505,0.8267,0.9051,1.0,0.8267
682,AL_204,AL,numeric,sig4figs,median,0.6505,0.8267,0.9051,1.0,0.8267
683,AL_205,AL,numeric,raw,mean,0.6505,0.8267,0.9051,1.0,0.8267
684,AL_205,AL,numeric,raw,median,0.6505,0.8267,0.9051,1.0,0.8267
685,AL_205,AL,numeric,significand,mean,0.6505,0.8267,0.9051,1.0,0.8267
686,AL_205,AL,numeric,significand,median,0.6505,0.8267,0.9051,1.0,0.8267
687,AL_205,AL,numeric,sig4figs,mean,0.6505,0.8267,0.9051,1.0,0.8267
688,AL_205,AL,numeric,sig4figs,median,0.6505,0.8267,0.9051,1.0,0.8267
689,AL_208,AL,numeric,raw,mean,0.6505,0.8267,0.9051,1.0,0.8267
690,AL_208,AL,numeric,raw,median,0.6505,0.8267,0.9051,1.0,0.8267
691,AL_208,AL,numeric,significand,mean,0.6505,0.8267,0.9051,1.0,0.8267
692,AL_208,AL,numeric,significand,median,0.6505,0.8267,0.9051,1.0,0.8267
693,AL_208,AL,numeric,sig4figs,mean,0.6505,0.8267,0.9051,1.0,0.8267
694,AL_208,AL,numeric,sig4figs,median,0.6505,0.8267,0.9051,1.0,0.8267
695,AL_209,AL,numeric,raw,mean,0.6505,0.8267,0.9051,1.0,0.8267
696,AL_209,AL,numeric,raw,median,0.6505,0.8267,0.9051,1.0,0.8267
697,AL_209,AL,numeric,significand,mean,0.6505,0.8267,0.9051,1.0,0.8267
698,AL_209,AL,numeric,significand,median,0.6505,0.8267,0.9051,1.0,0.8267
699,AL_209,AL,numeric,sig4figs,mean,0.6505,0.8267,0.9051,1.0,0.8267
700,AL_209,AL,numeric,sig4figs,median,0.6505,0.8267,0.9051,1.0,0.8267
701,AL_212,AL,numeric,raw,mean,0.6505,0.8267,0.9051,1.0,0.8267
702,AL_212,AL,numeric,raw,median,0.6505,0.8267,0.9051,1.0,0.8267
703,AL_212,AL,numeric,significand,mean,0.6505,0.8267,0.9051,1.0,0.8267
704,AL_212,AL,numeric,significand,median,0.6505,0.8267,0.9051,1.0,0.8267
705,AL_212,AL,numeric,sig4figs,mean,0.6505,0.8267,0.9051,1.0,0.8267
706,AL_212,AL,numeric,sig4figs,median,0.6505,0.8267,0.9051,1.0,0.8267
707,AL_213,AL,numeric,raw,mean,0.6505,0.8267,0.9051,1.0,0.8267
708,AL_213,AL,numeric,raw,median,0.6505,0.8267,0.9051,1.0,0.8267
709,AL_213,AL,numeric,significand,mean,0.6505,0.8267,0.9051,1.0,0.8267
710,AL_213,AL,numeric,significand,median,0.6505,0.8267,0.9051,1.0,0.8267
711,AL_213,AL,numeric,sig4figs,mean,0.6505,0.8267,0.9051,1.0,0.8267
712,AL_213,AL,numeric,sig4figs,median,0.6505,0.8267,0.9051,1.0,0.8267
713,AL_214,AL,numeric,raw,mean,0.7715,0.8267,0.9051,1.0,0.8267
714,AL_214,AL,numeric,raw,median,0.7715,0.8267,0.9051,1.0,0.8267
715,AL_214,AL,numeric,significand,mean,0.7715,0.8267,0.9051,1.0,0.8267
716,AL_214,AL,numeric,significand,median,0.7715,0.8267,0.9051,1.0,0.8267
717,AL_214,AL,numeric,sig4figs,mean,0.7715,0.8267,0.9051,1.0,0.8267
718,AL_214,AL,numeric,sig4figs,median,0.7715,0.8267,0.9051,1.0,0.8267
719,AL_215,AL,numeric,significand,median,0.7715,0.8267,0.9051,1.0,0.8267
720,AL_216,AL,numeric,raw,mean,0.7715,0.8267,0.9051,1.0,0.8267
721,AL_216,AL,numeric,raw,median,0.7715,0.8267,0.9051,1.0,0.8267
722,AL_216,AL,numeric,significand,mean,0.7715,0.8267,0.9051,1.0,0.8267
723,AL_216,AL,numeric,significand,median,0.7715,0.8267,0.9051,1.0,0.8267
724,AL_216,AL,numeric,sig4figs,mean,0.7715,0.8267,0.9051,1.0,0.8267
725,AL_216,AL,numeric,sig4figs,median,0.7715,0.8267,0.9051,1.0,0.8267
726,AL_217,AL,numeric,raw,mean,0.7715,0.8267,0.9051,1.0,0.8267
727,AL_217,AL,numeric,raw,median,0.7715,0.8267,0.9051,1.0,0.8267
728,AL_217,AL,numeric,significand,mean,0.7715,0.8267,0.9051,1.0,0.8267
729,AL_217,AL,numeric,significand,median,0.7715,0.8267,0.9051,1.0,0.8267
730,AL_217,AL,numeric,sig4figs,mean,0.7715,0.8267,0.9051,1.0,0.8267
731,AL_217,AL,numeric,sig4figs,median,0.7715,0.8267,0.9051,1.0,0.8267
732,AL_220,AL,numeric,raw,mean,0.6505,0.8267,0.9051,1.0,0.8267
733,AL_220,AL,numeric,raw,median,0.6505,0.8267,0.9051,1.0,0.8267
734,AL_220,AL,numeric,significand,mean,0.6505,0.8267,0.9051,1.0,0.8267
735,AL_220,AL,numeric,significand,median,0.6505,0.8267,0.9051,1.0,0.8267
736,AL_220,AL,numeric,sig4figs,mean,0.6505,0.8267,0.9051,1.0,0.8267
737,AL_220,AL,numeric,sig4figs,median,0.6505,0.8267,0.9051,1.0,0.8267
738,AL_221,AL,numeric,raw,mean,0.6505,0.8267,0.9051,1.0,0.8267
739,AL_221,AL,numeric,raw,median,0.6505,0.8267,0.9051,1.0,0.8267
740,AL_221,AL,numeric,significand,mean,0.6505,0.8267,0.9051,1.0,0.8267
741,AL_221,AL,numeric,significand,median,0.6505,0.8267,0.9051,1.0,0.8267
742,AL_221,AL,numeric,sig4figs,mean,0.6505,0.8267,0.9051,1.0,0.8267
743,AL_221,AL,numeric,sig4figs,median,0.6505,0.8267,0.9051,1.0,0.8267
744,AL_222,AL,numeric,raw,mean,0.6505,0.8267,0.9051,1.0,0.8267
745,AL_222,AL,numeric,raw,median,0.6505,0.8267,0.9051,1.0,0.8267
746,AL_222,AL,numeric,significand,mean,0.6505,0.8267,0.9051,1.0,0.8267
747,AL_222,AL,numeric,significand,median,0.6505,0.8267,0.9051,1.0,0.8267
748,AL_222,AL,numeric,sig4figs,mean,0.6505,0.8267,0.9051,1.0,0.8267
749,AL_222,AL,numeric,sig4figs,median,0.6505,0.8267,0.9051,1.0,0.8267
750,CAT_6,CAT,categorical,categorical,none,1.0,0.8267,0.9051,1.0,0.8267
751,AL_223,AL,numeric,raw,mean,0.6505,0.8267,0.9051,1.0,0.8267
752,AL_223,AL,numeric,raw,median,0.6505,0.8267,0.9051,1.0,0.8267
753,AL_223,AL,numeric,significand,mean,0.6505,0.8267,0.9051,1.0,0.8267
754,AL_223,AL,numeric,significand,median,0.6505,0.8267,0.9051,1.0,0.8267
755,AL_223,AL,numeric,sig4figs,mean,0.6505,0.8267,0.9051,1.0,0.8267
756,AL_223,AL,numeric,sig4figs,median,0.6505,0.8267,0.9051,1.0,0.8267
757,AL_225,AL,numeric,raw,mean,0.6505,0.8267,0.9051,1.0,0.8267
758,AL_225,AL,numeric,raw,median,0.6505,0.8267,0.9051,1.0,0.8267
759,AL_225,AL,numeric,significand,mean,0.6505,0.8267,0.9051,1.0,0.8267
760,AL_225,AL,numeric,significand,median,0.6505,0.8267,0.9051,1.0,0.8267
761,AL_225,AL,numeric,sig4figs,mean,0.6505,0.8267,0.9051,1.0,0.8267
762,AL_225,AL,numeric,sig4figs,median,0.6505,0.8267,0.9051,1.0,0.8267
763,AL_227,AL,numeric,raw,mean,0.6505,0.8267,0.9051,1.0,0.8267
764,AL_227,AL,numeric,raw,median,0.6505,0.8267,0.9051,1.0,0.8267
765,AL_227,AL,numeric,significand,mean,0.6505,0.8267,0.9051,1.0,0.8267
766,AL_227,AL,numeric,significand,median,0.6505,0.8267,0.9051,1.0,0.8267
767,AL_227,AL,numeric,sig4figs,mean,0.6505,0.8267,0.9051,1.0,0.8267
768,AL_227,AL,numeric,sig4figs,median,0.6505,0.8267,0.9051,1.0,0.8267
769,AL_228,AL,numeric,raw,mean,0.6505,0.8267,0.9051,1.0,0.8267
770,AL_228,AL,numeric,raw,median,0.6505,0.8267,0.9051,1.0,0.8267
771,AL_228,AL,numeric,significand,mean,0.6505,0.8267,0.9051,1.0,0.8267
772,AL_228,AL,numeric,significand,median,0.6505,0.8267,0.9051,1.0,0.8267
773,AL_228,AL,numeric,sig4figs,mean,0.6505,0.8267,0.9051,1.0,0.8267
774,AL_228,AL,numeric,sig4figs,median,0.6505,0.8267,0.9051,1.0,0.8267
775,AL_229,AL,numeric,significand,mean,0.6505,0.8267,0.9051,1.0,0.8267
776,AL_229,AL,numeric,significand,median,0.6505,0.8267,0.9051,1.0,0.8267
777,AL_231,AL,numeric,raw,mean,0.6505,0.8267,0.9051,1.0,0.8267
778,AL_231,AL,numeric,raw,median,0.6505,0.8267,0.9051,1.0,0.8267
779,AL_231,AL,numeric,significand,mean,0.6505,0.8267,0.9051,1.0,0.8267
780,AL_231,AL,numeric,significand,median,0.6505,0.8267,0.9051,1.0,0.8267
781,AL_231,AL,numeric,sig4figs,mean,0.6505,0.8267,0.9051,1.0,0.8267
782,AL_231,AL,numeric,sig4figs,median,0.6505,0.8267,0.9051,1.0,0.8267
783,AL_232,AL,numeric,raw,mean,0.6505,0.8267,0.9051,1.0,0.8267
784,AL_232,AL,numeric,raw,median,0.6505,0.8267,0.9051,1.0,0.8267
785,AL_232,AL,numeric,significand,mean,0.6505,0.8267,0.9051,1.0,0.8267
786,AL_232,AL,numeric,significand,median,0.6505,0.8267,0.9051,1.0,0.8267
787,AL_232,AL,numeric,sig4figs,mean,0.6505,0.8267,0.9051,1.0,0.8267
788,AL_232,AL,numeric,sig4figs,median,0.6505,0.8267,0.9051,1.0,0.8267
789,AL_233,AL,numeric,raw,mean,0.6505,0.8267,0.9051,1.0,0.8267
790,AL_233,AL,numeric,raw,median,0.6505,0.8267,0.9051,1.0,0.8267
791,AL_233,AL,numeric,significand,mean,0.6505,0.8267,0.9051,1.0,0.8267
792,AL_233,AL,numeric,significand,median,0.6505,0.8267,0.9051,1.0,0.8267
793,AL_233,AL,numeric,sig4figs,mean,0.6505,0.8267,0.9051,1.0,0.8267
794,AL_233,AL,numeric,sig4figs,median,0.6505,0.8267,0.9051,1.0,0.8267
795,AL_236,AL,numeric,raw,mean,0.6505,0.8267,0.9051,1.0,0.8267
796,AL_236,AL,numeric,raw,median,0.6505,0.8267,0.9051,1.0,0.8267
797,AL_236,AL,numeric,significand,mean,0.6505,0.8267,0.9051,1.0,0.8267
798,AL_236,AL,numeric,significand,median,0.6505,0.8267,0.9051,1.0,0.8267
799,AL_236,AL,numeric,sig4figs,mean,0.6505,0.8267,0.9051,1.0,0.8267
800,AL_236,AL,numeric,sig4figs,median,0.6505,0.8267,0.9051,1.0,0.8267
801,AL_237,AL,numeric,raw,mean,0.6505,0.8267,0.9051,1.0,0.8267
802,AL_237,AL,numeric,raw,median,0.6505,0.8267,0.9051,1.0,0.8267
803,AL_237,AL,numeric,significand,mean,0.6505,0.8267,0.9051,1.0,0.8267
804,AL_237,AL,numeric,significand,median,0.6505,0.8267,0.9051,1.0,0.8267
805,AL_237,AL,numeric,sig4figs,mean,0.6505,0.8267,0.9051,1.0,0.8267
806,AL_237,AL,numeric,sig4figs,median,0.6505,0.8267,0.9051,1.0,0.8267
807,AL_238,AL,numeric,raw,mean,0.6505,0.8267,0.9051,1.0,0.8267
808,AL_238,AL,numeric,raw,median,0.6505,0.8267,0.9051,1.0,0.8267
809,AL_238,AL,numeric,significand,mean,0.6505,0.8267,0.9051,1.0,0.8267
810,AL_238,AL,numeric,significand,median,0.6505,0.8267,0.9051,1.0,0.8267
811,AL_238,AL,numeric,sig4figs,mean,0.6505,0.8267,0.9051,1.0,0.8267
812,AL_238,AL,numeric,sig4figs,median,0.6505,0.8267,0.9051,1.0,0.8267
813,AL_240,AL,numeric,raw,mean,0.6505,0.8267,0.9051,1.0,0.8267
814,AL_240,AL,numeric,raw,median,0.6505,0.8267,0.9051,1.0,0.8267
815,AL_240,AL,numeric,significand,mean,0.6505,0.8267,0.9051,1.0,0.8267
816,AL_240,AL,numeric,significand,median,0.6505,0.8267,0.9051,1.0,0.8267
817,AL_240,AL,numeric,sig4figs,mean,0.6505,0.8267,0.9051,1.0,0.8267
818,AL_240,AL,numeric,sig4figs,median,0.6505,0.8267,0.9051,1.0,0.8267
819,AL_244,AL,numeric,raw,mean,0.6505,0.8267,0.9051,1.0,0.8267
820,AL_244,AL,numeric,raw,median,0.6505,0.8267,0.9051,1.0,0.8267
821,AL_244,AL,numeric,significand,mean,0.6505,0.8267,0.9051,1.0,0.8267
822,AL_244,AL,numeric,significand,median,0.6505,0.8267,0.9051,1.0,0.8267
823,AL_244,AL,numeric,sig4figs,mean,0.6505,0.8267,0.9051,1.0,0.8267
824,AL_244,AL,numeric,sig4figs,median,0.6505,0.8267,0.9051,1.0,0.8267
825,AL_245,AL,numeric,raw,mean,0.6505,0.8267,0.9051,1.0,0.8267
826,AL_245,AL,numeric,raw,median,0.6505,0.8267,0.9051,1.0,0.8267
827,AL_245,AL,numeric,significand,mean,0.6505,0.8267,0.9051,1.0,0.8267
828,AL_245,AL,numeric,significand,median,0.6505,0.8267,0.9051,1.0,0.8267
829,AL_245,AL,numeric,sig4figs,mean,0.6505,0.8267,0.9051,1.0,0.8267
830,AL_245,AL,numeric,sig4figs,median,0.6505,0.8267,0.9051,1.0,0.8267
831,AL_246,AL,numeric,raw,mean,0.6505,0.8267,0.9051,1.0,0.8267
832,AL_246,AL,numeric,raw,median,0.6505,0.8267,0.9051,1.0,0.8267
833,AL_246,AL,numeric,significand,mean,0.6505,0.8267,0.9051,1.0,0.8267
834,AL_246,AL,numeric,significand,median,0.6505,0.8267,0.9051,1.0,0.8267
835,AL_246,AL,numeric,sig4figs,mean,0.6505,0.8267,0.9051,1.0,0.8267
836,AL_246,AL,numeric,sig4figs,median,0.6505,0.8267,0.9051,1.0,0.8267
837,AL_248,AL,numeric,raw,mean,0.6505,0.8267,0.9051,1.0,0.8267
838,AL_248,AL,numeric,raw,median,0.6505,0.8267,0.9051,1.0,0.8267
839,AL_248,AL,numeric,significand,mean,0.6505,0.8267,0.9051,1.0,0.8267
840,AL_248,AL,numeric,significand,median,0.6505,0.8267,0.9051,1.0,0.8267
841,AL_248,AL,numeric,sig4figs,mean,0.6505,0.8267,0.9051,1.0,0.8267
842,AL_248,AL,numeric,sig4figs,median,0.6505,0.8267,0.9051,1.0,0.8267
843,AL_249,AL,numeric,raw,mean,0.6505,0.8267,0.9051,1.0,0.8267
844,AL_249,AL,numeric,raw,median,0.6505,0.8267,0.9051,1.0,0.8267
845,AL_249,AL,numeric,significand,mean,0.6505,0.8267,0.9051,1.0,0.8267
846,AL_249,AL,numeric,significand,median,0.6505,0.8267,0.9051,1.0,0.8267
847,AL_249,AL,numeric,sig4figs,mean,0.6505,0.8267,0.9051,1.0,0.8267
848,AL_249,AL,numeric,sig4figs,median,0.6505,0.8267,0.9051,1.0,0.8267
849,AL_250,AL,numeric,significand,mean,0.6694,0.8267,0.9051,1.0,0.8267
850,AL_250,AL,numeric,significand,median,0.6694,0.8267,0.9051,1.0,0.8267
851,AL_252,AL,numeric,raw,mean,0.6694,0.8267,0.9051,1.0,0.8267
852,AL_252,AL,numeric,raw,median,0.6694,0.8267,0.9051,1.0,0.8267
853,AL_252,AL,numeric,significand,mean,0.6694,0.8267,0.9051,1.0,0.8267
854,AL_252,AL,numeric,significand,median,0.6694,0.8267,0.9051,1.0,0.8267
855,AL_252,AL,numeric,sig4figs,mean,0.6694,0.8267,0.9051,1.0,0.8267
856,AL_252,AL,numeric,sig4figs,median,0.6694,0.8267,0.9051,1.0,0.8267
857,AL_254,AL,numeric,significand,mean,0.6505,0.8267,0.9051,1.0,0.8267
858,AL_256,AL,numeric,raw,mean,0.6505,0.8267,0.9051,1.0,0.8267
859,AL_256,AL,numeric,raw,median,0.6505,0.8267,0.9051,1.0,0.8267
860,AL_256,AL,numeric,significand,mean,0.6505,0.8267,0.9051,1.0,0.8267
861,AL_256,AL,numeric,significand,median,0.6505,0.8267,0.9051,1.0,0.8267
862,AL_256,AL,numeric,sig4figs,mean,0.6505,0.8267,0.9051,1.0,0.8267
863,AL_256,AL,numeric,sig4figs,median,0.6505,0.8267,0.9051,1.0,0.8267
864,AL_257,AL,numeric,raw,mean,0.6505,0.8267,0.9051,1.0,0.8267
865,AL_257,AL,numeric,raw,median,0.6505,0.8267,0.9051,1.0,0.8267
866,AL_257,AL,numeric,significand,mean,0.6505,0.8267,0.9051,1.0,0.8267
867,AL_257,AL,numeric,significand,median,0.6505,0.8267,0.9051,1.0,0.8267
868,AL_257,AL,numeric,sig4figs,mean,0.6505,0.8267,0.9051,1.0,0.8267
869,AL_257,AL,numeric,sig4figs,median,0.6505,0.8267,0.9051,1.0,0.8267
870,AL_259,AL,numeric,raw,mean,0.6505,0.8267,0.9051,1.0,0.8267
871,AL_259,AL,numeric,raw,median,0.6505,0.8267,0.9051,1.0,0.8267
872,AL_259,AL,numeric,significand,mean,0.6505,0.8267,0.9051,1.0,0.8267
873,AL_259,AL,numeric,significand,median,0.6505,0.8267,0.9051,1.0,0.8267
874,AL_259,AL,numeric,sig4figs,mean,0.6505,0.8267,0.9051,1.0,0.8267
875,AL_259,AL,numeric,sig4figs,median,0.6505,0.8267,0.9051,1.0,0.8267
876,AL_261,AL,numeric,raw,mean,0.6505,0.8267,0.9051,1.0,0.8267
877,AL_261,AL,numeric,raw,median,0.6505,0.8267,0.9051,1.0,0.8267
878,AL_261,AL,numeric,significand,mean,0.6505,0.8267,0.9051,1.0,0.8267
879,AL_261,AL,numeric,significand,median,0.6505,0.8267,0.9051,1.0,0.8267
880,AL_261,AL,numeric,sig4figs,mean,0.6505,0.8267,0.9051,1.0,0.8267
881,AL_261,AL,numeric,sig4figs,median,0.6505,0.8267,0.9051,1.0,0.8267
882,AL_263,AL,numeric,raw,mean,0.6505,0.8267,0.9051,1.0,0.8267
883,AL_263,AL,numeric,raw,median,0.6505,0.8267,0.9051,1.0,0.8267
884,AL_263,AL,numeric,significand,mean,0.6505,0.8267,0.9051,1.0,0.8267
885,AL_263,AL,numeric,significand,median,0.6505,0.8267,0.9051,1.0,0.8267
886,AL_263,AL,numeric,sig4figs,mean,0.6505,0.8267,0.9051,1.0,0.8267
887,AL_263,AL,numeric,sig4figs,median,0.6505,0.8267,0.9051,1.0,0.8267
888,AL_264,AL,numeric,raw,mean,0.6505,0.8267,0.9051,1.0,0.8267
889,AL_264,AL,numeric,raw,median,0.6505,0.8267,0.9051,1.0,0.8267
890,AL_264,AL,numeric,significand,mean,0.6505,0.8267,0.9051,1.0,0.8267
891,AL_264,AL,numeric,significand,median,0.6505,0.8267,0.9051,1.0,0.8267
892,AL_264,AL,numeric,sig4figs,mean,0.6505,0.8267,0.9051,1.0,0.8267
893,AL_264,AL,numeric,sig4figs,median,0.6505,0.8267,0.9051,1.0,0.8267
894,AL_266,AL,numeric,significand,mean,0.6505,0.8267,0.9051,1.0,0.8267
895,AL_266,AL,numeric,significand,median,0.6505,0.8267,0.9051,1.0,0.8267
896,AL_267,AL,numeric,raw,mean,0.6505,0.8267,0.9051,1.0,0.8267
897,AL_267,AL,numeric,raw,median,0.6505,0.8267,0.9051,1.0,0.8267
898,AL_267,AL,numeric,significand,mean,0.6505,0.8267,0.9051,1.0,0.8267
899,AL_267,AL,numeric,significand,median,0.6505,0.8267,0.9051,1.0,0.8267
900,AL_267,AL,numeric,sig4figs,mean,0.6505,0.8267,0.9051,1.0,0.8267
901,AL_267,AL,numeric,sig4figs,median,0.6505,0.8267,0.9051,1.0,0.8267
902,AL_268,AL,numeric,raw,mean,0.6505,0.8267,0.9051,1.0,0.8267
903,AL_268,AL,numeric,raw,median,0.6505,0.8267,0.9051,1.0,0.8267
904,AL_268,AL,numeric,significand,mean,0.6505,0.8267,0.9051,1.0,0.8267
905,AL_268,AL,numeric,significand,median,0.6505,0.8267,0.9051,1.0,0.8267
906,AL_268,AL,numeric,sig4figs,mean,0.6505,0.8267,0.9051,1.0,0.8267
907,AL_268,AL,numeric,sig4figs,median,0.6505,0.8267,0.9051,1.0,0.8267
908,AL_269,AL,numeric,raw,mean,0.6505,0.8267,0.9051,1.0,0.8267
909,AL_269,AL,numeric,raw,median,0.6505,0.8267,0.9051,1.0,0.8267
910,AL_269,AL,numeric,significand,mean,0.6505,0.8267,0.9051,1.0,0.8267
911,AL_269,AL,numeric,significand,median,0.6505,0.8267,0.9051,1.0,0.8267
912,AL_269,AL,numeric,sig4figs,mean,0.6505,0.8267,0.9051,1.0,0.8267
913,AL_269,AL,numeric,sig4figs,median,0.6505,0.8267,0.9051,1.0,0.8267
914,AL_270,AL,numeric,significand,mean,0.6505,0.8267,0.9051,1.0,0.8267
915,AL_270,AL,numeric,significand,median,0.6505,0.8267,0.9051,1.0,0.8267
916,AL_272,AL,numeric,raw,mean,0.6505,0.8267,0.9051,1.0,0.8267
917,AL_272,AL,numeric,raw,median,0.6505,0.8267,0.9051,1.0,0.8267
918,AL_272,AL,numeric,significand,mean,0.6505,0.8267,0.9051,1.0,0.8267
919,AL_272,AL,numeric,significand,median,0.6505,0.8267,0.9051,1.0,0.8267
920,AL_272,AL,numeric,sig4figs,mean,0.6505,0.8267,0.9051,1.0,0.8267
921,AL_272,AL,numeric,sig4figs,median,0.6505,0.8267,0.9051,1.0,0.8267
922,AL_273,AL,numeric,raw,mean,0.6505,0.8267,0.9051,1.0,0.8267
923,AL_273,AL,numeric,raw,median,0.6505,0.8267,0.9051,1.0,0.8267
924,AL_273,AL,numeric,significand,mean,0.6505,0.8267,0.9051,1.0,0.8267
925,AL_273,AL,numeric,significand,median,0.6505,0.8267,0.9051,1.0,0.8267
926,AL_273,AL,numeric,sig4figs,mean,0.6505,0.8267,0.9051,1.0,0.8267
927,AL_273,AL,numeric,sig4figs,median,0.6505,0.8267,0.9051,1.0,0.8267
928,AL_274,AL,numeric,raw,mean,0.6505,0.8267,0.9051,1.0,0.8267
929,AL_274,AL,numeric,sig4figs,mean,0.6505,0.8267,0.9051,1.0,0.8267
930,AL_276,AL,numeric,raw,mean,0.6505,0.8267,0.9051,1.0,0.8267
931,AL_276,AL,numeric,raw,median,0.6505,0.8267,0.9051,1.0,0.8267
932,AL_276,AL,numeric,significand,mean,0.6505,0.8267,0.9051,1.0,0.8267
933,AL_276,AL,numeric,significand,median,0.6505,0.8267,0.9051,1.0,0.8267
934,AL_276,AL,numeric,sig4figs,mean,0.6505,0.8267,0.9051,1.0,0.8267
935,AL_276,AL,numeric,sig4figs,median,0.6505,0.8267,0.9051,1.0,0.8267
936,AL_280,AL,numeric,raw,mean,0.6505,0.8267,0.9051,1.0,0.8267
937,AL_280,AL,numeric,raw,median,0.6505,0.8267,0.9051,1.0,0.8267
938,AL_280,AL,numeric,significand,mean,0.6505,0.8267,0.9051,1.0,0.8267
939,AL_280,AL,numeric,significand,median,0.6505,0.8267,0.9051,1.0,0.8267
940,AL_280,AL,numeric,sig4figs,mean,0.6505,0.8267,0.9051,1.0,0.8267
941,AL_280,AL,numeric,sig4figs,median,0.6505,0.8267,0.9051,1.0,0.8267
942,AL_281,AL,numeric,raw,mean,0.6505,0.8267,0.9051,1.0,0.8267
943,AL_281,AL,numeric,raw,median,0.6505,0.8267,0.9051,1.0,0.8267
944,AL_281,AL,numeric,significand,mean,0.6505,0.8267,0.9051,1.0,0.8267
945,AL_281,AL,numeric,significand,median,0.6505,0.8267,0.9051,1.0,0.8267
946,AL_281,AL,numeric,sig4figs,mean,0.6505,0.8267,0.9051,1.0,0.8267
947,AL_281,AL,numeric,sig4figs,median,0.6505,0.8267,0.9051,1.0,0.8267
948,AL_282,AL,numeric,raw,mean,0.6505,0.8267,0.9051,1.0,0.8267
949,AL_282,AL,numeric,raw,median,0.6505,0.8267,0.9051,1.0,0.8267
950,AL_282,AL,numeric,significand,mean,0.6505,0.8267,0.9051,1.0,0.8267
951,AL_282,AL,numeric,significand,median,0.6505,0.8267,0.9051,1.0,0.8267
952,AL_282,AL,numeric,sig4figs,mean,0.6505,0.8267,0.9051,1.0,0.8267
953,AL_282,AL,numeric,sig4figs,median,0.6505,0.8267,0.9051,1.0,0.8267
954,AL_284,AL,numeric,raw,mean,0.6505,0.8267,0.9051,1.0,0.8267
955,AL_284,AL,numeric,raw,median,0.6505,0.8267,0.9051,1.0,0.8267
956,AL_284,AL,numeric,significand,mean,0.6505,0.8267,0.9051,1.0,0.8267
957,AL_284,AL,numeric,significand,median,0.6505,0.8267,0.9051,1.0,0.8267
958,AL_284,AL,numeric,sig4figs,mean,0.6505,0.8267,0.9051,1.0,0.8267
959,AL_284,AL,numeric,sig4figs,median,0.6505,0.8267,0.9051,1.0,0.8267
960,AL_285,AL,numeric,raw,mean,0.6505,0.8267,0.9051,1.0,0.8267
961,AL_285,AL,numeric,raw,median,0.6505,0.8267,0.9051,1.0,0.8267
962,AL_285,AL,numeric,significand,mean,0.6505,0.8267,0.9051,1.0,0.8267
963,AL_285,AL,numeric,significand,median,0.6505,0.8267,0.9051,1.0,0.8267
964,AL_285,AL,numeric,sig4figs,mean,0.6505,0.8267,0.9051,1.0,0.8267
965,AL_285,AL,numeric,sig4figs,median,0.6505,0.8267,0.9051,1.0,0.8267
966,AL_286,AL,numeric,raw,mean,0.672,0.8267,0.9051,1.0,0.8267
967,AL_286,AL,numeric,raw,median,0.672,0.8267,0.9051,1.0,0.8267
968,AL_286,AL,numeric,significand,mean,0.672,0.8267,0.9051,1.0,0.8267
969,AL_286,AL,numeric,significand,median,0.672,0.8267,0.9051,1.0,0.8267
970,AL_286,AL,numeric,sig4figs,mean,0.672,0.8267,0.9051,1.0,0.8267
971,AL_286,AL,numeric,sig4figs,median,0.672,0.8267,0.9051,1.0,0.8267
972,AL_288,AL,numeric,raw,mean,0.672,0.8267,0.9051,1.0,0.8267
973,AL_288,AL,numeric,raw,median,0.672,0.8267,0.9051,1.0,0.8267
974,AL_288,AL,numeric,significand,mean,0.672,0.8267,0.9051,1.0,0.8267
975,AL_288,AL,numeric,significand,median,0.672,0.8267,0.9051,1.0,0.8267
976,AL_288,AL,numeric,sig4figs,mean,0.672,0.8267,0.9051,1.0,0.8267
977,AL_288,AL,numeric,sig4figs,median,0.672,0.8267,0.9051,1.0,0.8267
978,AL_292,AL,numeric,raw,mean,0.6505,0.8267,0.9051,1.0,0.8267
979,AL_292,AL,numeric,raw,median,0.6505,0.8267,0.9051,1.0,0.8267
980,AL_292,AL,numeric,significand,mean,0.6505,0.8267,0.9051,1.0,0.8267
981,AL_292,AL,numeric,significand,median,0.6505,0.8267,0.9051,1.0,0.8267
982,AL_292,AL,numeric,sig4figs,mean,0.6505,0.8267,0.9051,1.0,0.8267
983,AL_292,AL,numeric,sig4figs,median,0.6505,0.8267,0.9051,1.0,0.8267
984,AL_293,AL,numeric,raw,mean,0.6505,0.8267,0.9051,1.0,0.8267
985,AL_293,AL,numeric,raw,median,0.6505,0.8267,0.9051,1.0,0.8267
986,AL_293,AL,numeric,significand,mean,0.6505,0.8267,0.9051,1.0,0.8267
987,AL_293,AL,numeric,significand,median,0.6505,0.8267,0.9051,1.0,0.8267
988,AL_293,AL,numeric,sig4figs,mean,0.6505,0.8267,0.9051,1.0,0.8267
989,AL_293,AL,numeric,sig4figs,median,0.6505,0.8267,0.9051,1.0,0.8267
990,AL_294,AL,numeric,significand,mean,0.6505,0.8267,0.9051,1.0,0.8267
991,AL_294,AL,numeric,significand,median,0.6505,0.8267,0.9051,1.0,0.8267
992,AL_295,AL,numeric,raw,mean,0.3387,0.8267,0.9051,1.0,0.8267
993,AL_295,AL,numeric,raw,median,0.3387,0.8267,0.9051,1.0,0.8267
994,AL_295,AL,numeric,significand,mean,0.3387,0.8267,0.9051,1.0,0.8267
995,AL_295,AL,numeric,significand,median,0.3387,0.8267,0.9051,1.0,0.8267
996,AL_295,AL,numeric,sig4figs,mean,0.3387,0.8267,0.9051,1.0,0.8267
997,AL_295,AL,numeric,sig4figs,median,0.3387,0.8267,0.9051,1.0,0.8267
998,AL_297,AL,numeric,raw,mean,0.3387,0.8267,0.9051,1.0,0.8267
999,AL_297,AL,numeric,raw,median,0.3387,0.8267,0.9051,1.0,0.8267
1000,AL_297,AL,numeric,significand,mean,0.3387,0.8267,0.9051,1.0,0.8267
1001,AL_297,AL,numeric,significand,median,0.3387,0.8267,0.9051,1.0,0.8267
1002,AL_297,AL,numeric,sig4figs,mean,0.3387,0.8267,0.9051,1.0,0.8267
1003,AL_297,AL,numeric,sig4figs,median,0.3387,0.8267,0.9051,1.0,0.8267
1004,AL_299,AL,numeric,raw,mean,0.3387,0.8267,0.9051,1.0,0.8267
1005,AL_299,AL,numeric,raw,median,0.3387,0.8267,0.9051,1.0,0.8267
1006,AL_299,AL,numeric,significand,mean,0.3387,0.8267,0.9051,1.0,0.8267
1007,AL_299,AL,numeric,significand,median,0.3387,0.8267,0.9051,1.0,0.8267
1008,AL_299,AL,numeric,sig4figs,mean,0.3387,0.8267,0.9051,1.0,0.8267
1009,AL_299,AL,numeric,sig4figs,median,0.3387,0.8267,0.9051,1.0,0.8267
1010,AL_303,AL,numeric,raw,mean,0.3387,0.8267,0.9051,1.0,0.8267
1011,AL_303,AL,numeric,raw,median,0.3387,0.8267,0.9051,1.0,0.8267
1012,AL_303,AL,numeric,significand,mean,0.3387,0.8267,0.9051,1.0,0.8267
1013,AL_303,AL,numeric,significand,median,0.3387,0.8267,0.9051,1.0,0.8267
1014,AL_303,AL,numeric,sig4figs,mean,0.3387,0.8267,0.9051,1.0,0.8267
1015,AL_303,AL,numeric,sig4figs,median,0.3387,0.8267,0.9051,1.0,0.8267
1016,AL_304,AL,numeric,raw,mean,0.3387,0.8267,0.9051,1.0,0.8267
1017,AL_304,AL,numeric,raw,median,0.3387,0.8267,0.9051,1.0,0.8267
1018,AL_304,AL,numeric,significand,mean,0.3387,0.8267,0.9051,1.0,0.8267
1019,AL_304,AL,numeric,significand,median,0.3387,0.8267,0.9051,1.0,0.8267
1020,AL_304,AL,numeric,sig4figs,mean,0.3387,0.8267,0.9051,1.0,0.8267
1021,AL_304,AL,numeric,sig4figs,median,0.3387,0.8267,0.9051,1.0,0.8267
1022,AL_307,AL,numeric,raw,mean,0.3387,0.8267,0.9051,1.0,0.8267
1023,AL_307,AL,numeric,raw,median,0.3387,0.8267,0.9051,1.0,0.8267
1024,AL_307,AL,numeric,significand,mean,0.3387,0.8267,0.9051,1.0,0.8267
1025,AL_307,AL,numeric,significand,median,0.3387,0.8267,0.9051,1.0,0.8267
1026,AL_307,AL,numeric,sig4figs,mean,0.3387,0.8267,0.9051,1.0,0.8267
1027,AL_307,AL,numeric,sig4figs,median,0.3387,0.8267,0.9051,1.0,0.8267
1028,AL_308,AL,numeric,raw,mean,0.3387,0.8267,0.9051,1.0,0.8267
1029,AL_308,AL,numeric,raw,median,0.3387,0.8267,0.9051,1.0,0.8267
1030,AL_308,AL,numeric,significand,mean,0.3387,0.8267,0.9051,1.0,0.8267
1031,AL_308,AL,numeric,significand,median,0.3387,0.8267,0.9051,1.0,0.8267
1032,AL_308,AL,numeric,sig4figs,mean,0.3387,0.8267,0.9051,1.0,0.8267
1033,AL_308,AL,numeric,sig4figs,median,0.3387,0.8267,0.9051,1.0,0.8267
1034,AL_309,AL,numeric,raw,mean,0.3387,0.8267,0.9051,1.0,0.8267
1035,AL_309,AL,numeric,raw,median,0.3387,0.8267,0.9051,1.0,0.8267
1036,AL_309,AL,numeric,significand,mean,0.3387,0.8267,0.9051,1.0,0.8267
1037,AL_309,AL,numeric,significand,median,0.3387,0.8267,0.9051,1.0,0.8267
1038,AL_309,AL,numeric,sig4figs,mean,0.3387,0.8267,0.9051,1.0,0.8267
1039,AL_309,AL,numeric,sig4figs,median,0.3387,0.8267,0.9051,1.0,0.8267
1040,AL_310,AL,numeric,raw,mean,0.3387,0.8267,0.9051,1.0,0.8267
1041,AL_310,AL,numeric,raw,median,0.3387,0.8267,0.9051,1.0,0.8267
1042,AL_310,AL,numeric,sig4figs,mean,0.3387,0.8267,0.9051,1.0,0.8267
1043,AL_310,AL,numeric,sig4figs,median,0.3387,0.8267,0.9051,1.0,0.8267
1044,AL_312,AL,numeric,raw,mean,0.3387,0.8267,0.9051,1.0,0.8267
1045,AL_312,AL,numeric,raw,median,0.3387,0.8267,0.9051,1.0,0.8267
1046,AL_312,AL,numeric,significand,mean,0.3387,0.8267,0.9051,1.0,0.8267
1047,AL_312,AL,numeric,significand,median,0.3387,0.8267,0.9051,1.0,0.8267
1048,AL_312,AL,numeric,sig4figs,mean,0.3387,0.8267,0.9051,1.0,0.8267
1049,AL_312,AL,numeric,sig4figs,median,0.3387,0.8267,0.9051,1.0,0.8267
1050,AL_314,AL,numeric,raw,mean,0.3387,0.8267,0.9051,1.0,0.8267
1051,AL_314,AL,numeric,raw,median,0.3387,0.8267,0.9051,1.0,0.8267
1052,AL_314,AL,numeric,significand,mean,0.3387,0.8267,0.9051,1.0,0.8267
1053,AL_314,AL,numeric,significand,median,0.3387,0.8267,0.9051,1.0,0.8267
1054,AL_314,AL,numeric,sig4figs,mean,0.3387,0.8267,0.9051,1.0,0.8267
1055,AL_314,AL,numeric,sig4figs,median,0.3387,0.8267,0.9051,1.0,0.8267
1056,AL_316,AL,numeric,raw,mean,0.3387,0.8267,0.9051,1.0,0.8267
1057,AL_316,AL,numeric,raw,median,0.3387,0.8267,0.9051,1.0,0.8267
1058,AL_316,AL,numeric,significand,mean,0.3387,0.8267,0.9051,1.0,0.8267
1059,AL_316,AL,numeric,significand,median,0.3387,0.8267,0.9051,1.0,0.8267
1060,AL_316,AL,numeric,sig4figs,mean,0.3387,0.8267,0.9051,1.0,0.8267
1061,AL_316,AL,numeric,sig4figs,median,0.3387,0.8267,0.9051,1.0,0.8267
1062,AL_320,AL,numeric,raw,mean,0.3387,0.8267,0.9051,1.0,0.8267
1063,AL_320,AL,numeric,raw,median,0.3387,0.8267,0.9051,1.0,0.8267
1064,AL_320,AL,numeric,significand,mean,0.3387,0.8267,0.9051,1.0,0.8267
1065,AL_320,AL,numeric,significand,median,0.3387,0.8267,0.9051,1.0,0.8267
1066,AL_320,AL,numeric,sig4figs,mean,0.3387,0.8267,0.9051,1.0,0.8267
1067,AL_320,AL,numeric,sig4figs,median,0.3387,0.8267,0.9051,1.0,0.8267
1068,AL_321,AL,numeric,raw,mean,0.3387,0.8267,0.9051,1.0,0.8267
1069,AL_321,AL,numeric,raw,median,0.3387,0.8267,0.9051,1.0,0.8267
1070,AL_321,AL,numeric,significand,mean,0.3387,0.8267,0.9051,1.0,0.8267
1071,AL_321,AL,numeric,significand,median,0.3387,0.8267,0.9051,1.0,0.8267
1072,AL_321,AL,numeric,sig4figs,mean,0.3387,0.8267,0.9051,1.0,0.8267
1073,AL_321,AL,numeric,sig4figs,median,0.3387,0.8267,0.9051,1.0,0.8267
1074,AL_322,AL,numeric,raw,mean,0.3387,0.8267,0.9051,1.0,0.8267
1075,AL_322,AL,numeric,raw,median,0.3387,0.8267,0.9051,1.0,0.8267
1076,AL_322,AL,numeric,significand,mean,0.3387,0.8267,0.9051,1.0,0.8267
1077,AL_322,AL,numeric,significand,median,0.3387,0.8267,0.9051,1.0,0.8267
1078,AL_322,AL,numeric,sig4figs,mean,0.3387,0.8267,0.9051,1.0,0.8267
1079,AL_322,AL,numeric,sig4figs,median,0.3387,0.8267,0.9051,1.0,0.8267
1080,AL_324,AL,numeric,raw,mean,0.3387,0.8267,0.9051,1.0,0.8267
1081,AL_324,AL,numeric,raw,median,0.3387,0.8267,0.9051,1.0,0.8267
1082,AL_324,AL,numeric,significand,mean,0.3387,0.8267,0.9051,1.0,0.8267
1083,AL_324,AL,numeric,significand,median,0.3387,0.8267,0.9051,1.0,0.8267
1084,AL_324,AL,numeric,sig4figs,mean,0.3387,0.8267,0.9051,1.0,0.8267
1085,AL_324,AL,numeric,sig4figs,median,0.3387,0.8267,0.9051,1.0,0.8267
1086,AL_325,AL,numeric,raw,mean,0.3387,0.8267,0.9051,1.0,0.8267
1087,AL_325,AL,numeric,raw,median,0.3387,0.8267,0.9051,1.0,0.8267
1088,AL_325,AL,numeric,significand,mean,0.3387,0.8267,0.9051,1.0,0.8267
1089,AL_325,AL,numeric,significand,median,0.3387,0.8267,0.9051,1.0,0.8267
1090,AL_325,AL,numeric,sig4figs,mean,0.3387,0.8267,0.9051,1.0,0.8267
1091,AL_325,AL,numeric,sig4figs,median,0.3387,0.8267,0.9051,1.0,0.8267
1092,AL_326,AL,numeric,raw,mean,0.3387,0.8267,0.9051,1.0,0.8267
1093,AL_326,AL,numeric,raw,median,0.3387,0.8267,0.9051,1.0,0.8267
1094,AL_326,AL,numeric,significand,mean,0.3387,0.8267,0.9051,1.0,0.8267
1095,AL_326,AL,numeric,significand,median,0.3387,0.8267,0.9051,1.0,0.8267
1096,AL_326,AL,numeric,sig4figs,mean,0.3387,0.8267,0.9051,1.0,0.8267
1097,AL_326,AL,numeric,sig4figs,median,0.3387,0.8267,0.9051,1.0,0.8267
1098,AL_328,AL,numeric,raw,mean,0.3387,0.8267,0.9051,1.0,0.8267
1099,AL_328,AL,numeric,raw,median,0.3387,0.8267,0.9051,1.0,0.8267
1100,AL_328,AL,numeric,significand,mean,0.3387,0.8267,0.9051,1.0,0.8267
1101,AL_328,AL,numeric,significand,median,0.3387,0.8267,0.9051,1.0,0.8267
1102,AL_328,AL,numeric,sig4figs,mean,0.3387,0.8267,0.9051,1.0,0.8267
1103,AL_328,AL,numeric,sig4figs,median,0.3387,0.8267,0.9051,1.0,0.8267
1104,AL_330,AL,numeric,raw,mean,0.3387,0.8267,0.9051,1.0,0.8267
1105,AL_330,AL,numeric,sig4figs,mean,0.3387,0.8267,0.9051,1.0,0.8267
1106,AL_332,AL,numeric,raw,mean,0.3387,0.8267,0.9051,1.0,0.8267
1107,AL_332,AL,numeric,raw,median,0.3387,0.8267,0.9051,1.0,0.8267
1108,AL_332,AL,numeric,significand,mean,0.3387,0.8267,0.9051,1.0,0.8267
1109,AL_332,AL,numeric,significand,median,0.3387,0.8267,0.9051,1.0,0.8267
1110,AL_332,AL,numeric,sig4figs,mean,0.3387,0.8267,0.9051,1.0,0.8267
1111,AL_332,AL,numeric,sig4figs,median,0.3387,0.8267,0.9051,1.0,0.8267
1112,AA_1,AA,categorical,categorical,none,0.0242,0.8267,0.9051,1.0,0.8267
1113,AA_2,AA,categorical,categorical,none,0.0242,0.8267,0.9051,1.0,0.8267
1114,AL_10,AL,numeric,significand,mean,0.4086,0.8267,0.9037,0.9839,0.8356
1115,AL_10,AL,numeric,significand,median,0.4086,0.8267,0.9037,0.9839,0.8356
1116,AL_17,AL,numeric,raw,mean,0.672,0.8267,0.9037,0.9839,0.8356
1117,AL_17,AL,numeric,raw,median,0.672,0.8267,0.9037,0.9839,0.8356
1118,AL_17,AL,numeric,sig4figs,mean,0.672,0.8267,0.9037,0.9839,0.8356
1119,AL_17,AL,numeric,sig4figs,median,0.672,0.8267,0.9037,0.9839,0.8356
1120,AL_24,AL,numeric,significand,median,0.672,0.8267,0.9037,0.9839,0.8356
1121,CAT_1,CAT,categorical,categorical,none,0.3629,0.8267,0.9037,0.9839,0.8356
1122,AL_40,AL,numeric,significand,mean,0.5806,0.8267,0.9037,0.9839,0.8356
1123,AL_40,AL,numeric,significand,median,0.5806,0.8267,0.9037,0.9839,0.8356
1124,AL_43,AL,numeric,raw,mean,0.5806,0.8267,0.9037,0.9839,0.8356
1125,AL_43,AL,numeric,raw,median,0.5806,0.8267,0.9037,0.9839,0.8356
1126,AL_43,AL,numeric,sig4figs,mean,0.5806,0.8267,0.9037,0.9839,0.8356
1127,AL_43,AL,numeric,sig4figs,median,0.5806,0.8267,0.9037,0.9839,0.8356
1128,AL_52,AL,numeric,raw,median,0.5806,0.8267,0.9037,0.9839,0.8356
1129,AL_52,AL,numeric,sig4figs,median,0.5806,0.8267,0.9037,0.9839,0.8356
1130,AL_55,AL,numeric,significand,mean,0.5806,0.8267,0.9037,0.9839,0.8356
1131,AL_55,AL,numeric,significand,median,0.5806,0.8267,0.9037,0.9839,0.8356
1132,AL_103,AL,numeric,significand,mean,0.457,0.8267,0.9037,0.9839,0.8356
1133,AL_103,AL,numeric,significand,median,0.457,0.8267,0.9037,0.9839,0.8356
1134,AL_105,AL,numeric,significand,median,0.457,0.8267,0.9037,0.9839,0.8356
1135,AL_153,AL,numeric,significand,mean,0.457,0.8267,0.9037,0.9839,0.8356
1136,AL_153,AL,numeric,significand,median,0.457,0.8267,0.9037,0.9839,0.8356
1137,AL_156,AL,numeric,significand,mean,0.457,0.8267,0.9037,0.9839,0.8356
1138,AL_156,AL,numeric,significand,median,0.457,0.8267,0.9037,0.9839,0.8356
1139,AL_172,AL,numeric,raw,mean,0.457,0.8267,0.9037,0.9839,0.8356
1140,AL_172,AL,numeric,sig4figs,mean,0.457,0.8267,0.9037,0.9839,0.8356
1141,AL_190,AL,numeric,significand,mean,0.6505,0.8267,0.9037,0.9839,0.8356
1142,AL_190,AL,numeric,significand,median,0.6505,0.8267,0.9037,0.9839,0.8356
1143,AL_194,AL,numeric,raw,median,0.6505,0.8267,0.9037,0.9839,0.8356
1144,AL_194,AL,numeric,significand,mean,0.6505,0.8267,0.9037,0.9839,0.8356
1145,AL_194,AL,numeric,significand,median,0.6505,0.8267,0.9037,0.9839,0.8356
1146,AL_194,AL,numeric,sig4figs,median,0.6505,0.8267,0.9037,0.9839,0.8356
1147,AL_202,AL,numeric,significand,mean,0.6505,0.8267,0.9037,0.9839,0.8356
1148,AL_202,AL,numeric,significand,median,0.6505,0.8267,0.9037,0.9839,0.8356
1149,AL_243,AL,numeric,significand,mean,0.6505,0.8267,0.9037,0.9839,0.8356
1150,AL_243,AL,numeric,significand,median,0.6505,0.8267,0.9037,0.9839,0.8356
1151,AL_271,AL,numeric,significand,mean,0.6505,0.8267,0.9037,0.9839,0.8356
1152,AL_271,AL,numeric,significand,median,0.6505,0.8267,0.9037,0.9839,0.8356
1153,AL_274,AL,numeric,raw,median,0.6505,0.8267,0.9037,0.9839,0.8356
1154,AL_274,AL,numeric,significand,mean,0.6505,0.8267,0.9037,0.9839,0.8356
1155,AL_274,AL,numeric,significand,median,0.6505,0.8267,0.9037,0.9839,0.8356
1156,AL_274,AL,numeric,sig4figs,median,0.6505,0.8267,0.9037,0.9839,0.8356
1157,AL_277,AL,numeric,significand,mean,0.6505,0.8267,0.9037,0.9839,0.8356
1158,AL_277,AL,numeric,significand,median,0.6505,0.8267,0.9037,0.9839,0.8356
1159,AL_278,AL,numeric,significand,mean,0.6505,0.8267,0.9037,0.9839,0.8356
1160,AL_289,AL,numeric,raw,median,0.672,0.8267,0.9037,0.9839,0.8356
1161,AL_289,AL,numeric,significand,mean,0.672,0.8267,0.9037,0.9839,0.8356
1162,EK_9,EK,numeric,sig4figs,mean,0.0296,0.8267,0.9037,0.9839,0.8356
1163,EK_9,EK,numeric,sig4figs,median,0.0296,0.8267,0.9037,0.9839,0.8356
1164,AL_103,AL,numeric,sig4figs,mean,0.457,0.8267,0.9023,0.9677,0.8451
1165,AL_103,AL,numeric,sig4figs,median,0.457,0.8267,0.9023,0.9677,0.8451
1166,AL_106,AL,numeric,raw,median,0.457,0.8267,0.9023,0.9677,0.8451
1167,AL_106,AL,numeric,sig4figs,median,0.457,0.8267,0.9023,0.9677,0.8451
1168,AL_130,AL,numeric,significand,mean,0.457,0.8267,0.9023,0.9677,0.8451
1169,AL_142,AL,numeric,significand,mean,0.457,0.8267,0.9023,0.9677,0.8451
1170,AL_166,AL,numeric,raw,mean,0.457,0.8267,0.9023,0.9677,0.8451
1171,AL_166,AL,numeric,significand,mean,0.457,0.8267,0.9023,0.9677,0.8451
1172,AL_178,AL,numeric,raw,median,0.457,0.8267,0.9023,0.9677,0.8451
1173,AL_178,AL,numeric,sig4figs,median,0.457,0.8267,0.9023,0.9677,0.8451
1174,AL_211,AL,numeric,raw,mean,0.6505,0.8267,0.9023,0.9677,0.8451
1175,AL_211,AL,numeric,raw,median,0.6505,0.8267,0.9023,0.9677,0.8451
1176,AL_300,AL,numeric,raw,mean,0.3387,0.8267,0.9023,0.9677,0.8451
1177,AL_300,AL,numeric,sig4figs,median,0.3387,0.8267,0.9023,0.9677,0.8451
1178,AL_327,AL,numeric,sig4figs,median,0.3387,0.8267,0.9023,0.9677,0.8451
1179,AL_118,AL,numeric,raw,median,0.457,0.8267,0.9008,0.9516,0.8551
1180,AL_118,AL,numeric,sig4figs,median,0.457,0.8267,0.9008,0.9516,0.8551
1181,AL_327,AL,numeric,sig4figs,mean,0.3387,0.8267,0.9008,0.9516,0.8551
1182,AL_147,AL,numeric,raw,mean,0.457,0.8267,0.8992,0.9355,0.8657
1183,AL_147,AL,numeric,sig4figs,median,0.457,0.8267,0.8992,0.9355,0.8657
1184,AL_16,AL,numeric,raw,median,0.672,0.8133,0.8971,0.9839,0.8243
1185,AL_16,AL,numeric,sig4figs,median,0.672,0.8133,0.8971,0.9839,0.8243
1186,AL_18,AL,numeric,raw,median,0.672,0.8133,0.8971,0.9839,0.8243
1187,AL_18,AL,numeric,sig4figs,median,0.672,0.8133,0.8971,0.9839,0.8243
1188,AL_20,AL,numeric,significand,mean,0.672,0.8133,0.8971,0.9839,0.8243
1189,AL_20,AL,numeric,significand,median,0.672,0.8133,0.8971,0.9839,0.8243
1190,AL_21,AL,numeric,significand,mean,0.672,0.8133,0.8971,0.9839,0.8243
1191,AL_21,AL,numeric,significand,median,0.672,0.8133,0.8971,0.9839,0.8243
1192,AL_24,AL,numeric,raw,mean,0.672,0.8133,0.8971,0.9839,0.8243
1193,AL_24,AL,numeric,raw,median,0.672,0.8133,0.8971,0.9839,0.8243
1194,AL_24,AL,numeric,significand,mean,0.672,0.8133,0.8971,0.9839,0.8243
1195,AL_24,AL,numeric,sig4figs,mean,0.672,0.8133,0.8971,0.9839,0.8243
1196,AL_24,AL,numeric,sig4figs,median,0.672,0.8133,0.8971,0.9839,0.8243
1197,AL_39,AL,numeric,raw,mean,0.5806,0.8133,0.8971,0.9839,0.8243
1198,AL_39,AL,numeric,raw,median,0.5806,0.8133,0.8971,0.9839,0.8243
1199,AL_39,AL,numeric,sig4figs,mean,0.5806,0.8133,0.8971,0.9839,0.8243
1200,AL_39,AL,numeric,sig4figs,median,0.5806,0.8133,0.8971,0.9839,0.8243
1201,AL_64,AL,numeric,significand,mean,0.5806,0.8133,0.8971,0.9839,0.8243
1202,AL_64,AL,numeric,significand,median,0.5806,0.8133,0.8971,0.9839,0.8243
1203,AL_69,AL,numeric,significand,mean,0.5806,0.8133,0.8971,0.9839,0.8243
1204,AL_69,AL,numeric,significand,median,0.5806,0.8133,0.8971,0.9839,0.8243
1205,AL_79,AL,numeric,raw,mean,0.6129,0.8133,0.8971,0.9839,0.8243
1206,AL_79,AL,numeric,raw,median,0.6129,0.8133,0.8971,0.9839,0.8243
1207,AL_79,AL,numeric,sig4figs,mean,0.6129,0.8133,0.8971,0.9839,0.8243
1208,AL_79,AL,numeric,sig4figs,median,0.6129,0.8133,0.8971,0.9839,0.8243
1209,AL_85,AL,numeric,significand,mean,0.6129,0.8133,0.8971,0.9839,0.8243
1210,AL_88,AL,numeric,raw,mean,0.6129,0.8133,0.8971,0.9839,0.8243
1211,AL_88,AL,numeric,raw,median,0.6129,0.8133,0.8971,0.9839,0.8243
1212,AL_88,AL,numeric,significand,mean,0.6129,0.8133,0.8971,0.9839,0.8243
1213,AL_88,AL,numeric,significand,median,0.6129,0.8133,0.8971,0.9839,0.8243
1214,AL_88,AL,numeric,sig4figs,mean,0.6129,0.8133,0.8971,0.9839,0.8243
1215,AL_88,AL,numeric,sig4figs,median,0.6129,0.8133,0.8971,0.9839,0.8243
1216,AL_91,AL,numeric,sig4figs,mean,0.6129,0.8133,0.8971,0.9839,0.8243
1217,AL_91,AL,numeric,sig4figs,median,0.6129,0.8133,0.8971,0.9839,0.8243
1218,AL_97,AL,numeric,significand,mean,0.6129,0.8133,0.8971,0.9839,0.8243
1219,AL_97,AL,numeric,significand,median,0.6129,0.8133,0.8971,0.9839,0.8243
1220,AL_108,AL,numeric,significand,mean,0.457,0.8133,0.8971,0.9839,0.8243
1221,AL_108,AL,numeric,significand,median,0.457,0.8133,0.8971,0.9839,0.8243
1222,AL_114,AL,numeric,raw,mean,0.457,0.8133,0.8971,0.9839,0.8243
1223,AL_114,AL,numeric,raw,median,0.457,0.8133,0.8971,0.9839,0.8243
1224,AL_114,AL,numeric,significand,median,0.457,0.8133,0.8971,0.9839,0.8243
1225,AL_114,AL,numeric,sig4figs,mean,0.457,0.8133,0.8971,0.9839,0.8243
1226,AL_114,AL,numeric,sig4figs,median,0.457,0.8133,0.8971,0.9839,0.8243
1227,AL_135,AL,numeric,raw,median,0.457,0.8133,0.8971,0.9839,0.8243
1228,AL_135,AL,numeric,significand,mean,0.457,0.8133,0.8971,0.9839,0.8243
1229,AL_135,AL,numeric,significand,median,0.457,0.8133,0.8971,0.9839,0.8243
1230,AL_135,AL,numeric,sig4figs,median,0.457,0.8133,0.8971,0.9839,0.8243
1231,AL_159,AL,numeric,raw,mean,0.457,0.8133,0.8971,0.9839,0.8243
1232,AL_159,AL,numeric,raw,median,0.457,0.8133,0.8971,0.9839,0.8243
1233,AL_159,AL,numeric,significand,mean,0.457,0.8133,0.8971,0.9839,0.8243
1234,AL_159,AL,numeric,significand,median,0.457,0.8133,0.8971,0.9839,0.8243
1235,AL_159,AL,numeric,sig4figs,mean,0.457,0.8133,0.8971,0.9839,0.8243
1236,AL_159,AL,numeric,sig4figs,median,0.457,0.8133,0.8971,0.9839,0.8243
1237,AL_177,AL,numeric,raw,mean,0.457,0.8133,0.8971,0.9839,0.8243
1238,AL_177,AL,numeric,raw,median,0.457,0.8133,0.8971,0.9839,0.8243
1239,AL_177,AL,numeric,sig4figs,mean,0.457,0.8133,0.8971,0.9839,0.8243
1240,AL_177,AL,numeric,sig4figs,median,0.457,0.8133,0.8971,0.9839,0.8243
1241,AL_184,AL,numeric,significand,mean,0.6801,0.8133,0.8971,0.9839,0.8243
1242,AL_187,AL,numeric,significand,mean,0.6505,0.8133,0.8971,0.9839,0.8243
1243,AL_187,AL,numeric,significand,median,0.6505,0.8133,0.8971,0.9839,0.8243
1244,AL_188,AL,numeric,sig4figs,mean,0.6505,0.8133,0.8971,0.9839,0.8243
1245,AL_188,AL,numeric,sig4figs,median,0.6505,0.8133,0.8971,0.9839,0.8243
1246,AL_206,AL,numeric,raw,median,0.6505,0.8133,0.8971,0.9839,0.8243
1247,AL_206,AL,numeric,significand,mean,0.6505,0.8133,0.8971,0.9839,0.8243
1248,AL_206,AL,numeric,significand,median,0.6505,0.8133,0.8971,0.9839,0.8243
1249,AL_206,AL,numeric,sig4figs,median,0.6505,0.8133,0.8971,0.9839,0.8243
1250,AL_218,AL,numeric,significand,mean,0.6505,0.8133,0.8971,0.9839,0.8243
1251,AL_218,AL,numeric,significand,median,0.6505,0.8133,0.8971,0.9839,0.8243
1252,AL_218,AL,numeric,sig4figs,mean,0.6505,0.8133,0.8971,0.9839,0.8243
1253,AL_218,AL,numeric,sig4figs,median,0.6505,0.8133,0.8971,0.9839,0.8243
1254,AL_250,AL,numeric,raw,mean,0.6694,0.8133,0.8971,0.9839,0.8243
1255,AL_250,AL,numeric,raw,median,0.6694,0.8133,0.8971,0.9839,0.8243
1256,AL_250,AL,numeric,sig4figs,mean,0.6694,0.8133,0.8971,0.9839,0.8243
1257,AL_250,AL,numeric,sig4figs,median,0.6694,0.8133,0.8971,0.9839,0.8243
1258,AL_253,AL,numeric,raw,mean,0.6694,0.8133,0.8971,0.9839,0.8243
1259,AL_253,AL,numeric,raw,median,0.6694,0.8133,0.8971,0.9839,0.8243
1260,AL_253,AL,numeric,sig4figs,mean,0.6694,0.8133,0.8971,0.9839,0.8243
1261,AL_253,AL,numeric,sig4figs,median,0.6694,0.8133,0.8971,0.9839,0.8243
1262,AL_254,AL,numeric,significand,median,0.6505,0.8133,0.8971,0.9839,0.8243
1263,AL_265,AL,numeric,raw,mean,0.6505,0.8133,0.8971,0.9839,0.8243
1264,AL_265,AL,numeric,raw,median,0.6505,0.8133,0.8971,0.9839,0.8243
1265,AL_265,AL,numeric,sig4figs,mean,0.6505,0.8133,0.8971,0.9839,0.8243
1266,AL_265,AL,numeric,sig4figs,median,0.6505,0.8133,0.8971,0.9839,0.8243
1267,AL_270,AL,numeric,raw,mean,0.6505,0.8133,0.8971,0.9839,0.8243
1268,AL_270,AL,numeric,raw,median,0.6505,0.8133,0.8971,0.9839,0.8243
1269,AL_270,AL,numeric,sig4figs,mean,0.6505,0.8133,0.8971,0.9839,0.8243
1270,AL_270,AL,numeric,sig4figs,median,0.6505,0.8133,0.8971,0.9839,0.8243
1271,AL_289,AL,numeric,raw,mean,0.672,0.8133,0.8971,0.9839,0.8243
1272,AL_291,AL,numeric,raw,mean,0.6505,0.8133,0.8971,0.9839,0.8243
1273,AL_291,AL,numeric,raw,median,0.6505,0.8133,0.8971,0.9839,0.8243
1274,AL_291,AL,numeric,sig4figs,mean,0.6505,0.8133,0.8971,0.9839,0.8243
1275,AL_291,AL,numeric,sig4figs,median,0.6505,0.8133,0.8971,0.9839,0.8243
1276,AL_21,AL,numeric,raw,mean,0.672,0.8133,0.8955,0.9677,0.8333
1277,AL_21,AL,numeric,raw,median,0.672,0.8133,0.8955,0.9677,0.8333
1278,AL_21,AL,numeric,sig4figs,mean,0.672,0.8133,0.8955,0.9677,0.8333
1279,AL_21,AL,numeric,sig4figs,median,0.672,0.8133,0.8955,0.9677,0.8333
1280,AL_22,AL,numeric,significand,mean,0.672,0.8133,0.8955,0.9677,0.8333
1281,AL_22,AL,numeric,significand,median,0.672,0.8133,0.8955,0.9677,0.8333
1282,AL_43,AL,numeric,significand,mean,0.5806,0.8133,0.8955,0.9677,0.8333
1283,AL_43,AL,numeric,significand,median,0.5806,0.8133,0.8955,0.9677,0.8333
1284,AL_46,AL,numeric,raw,mean,0.5806,0.8133,0.8955,0.9677,0.8333
1285,AL_46,AL,numeric,raw,median,0.5806,0.8133,0.8955,0.9677,0.8333
1286,AL_46,AL,numeric,sig4figs,mean,0.5806,0.8133,0.8955,0.9677,0.8333
1287,AL_46,AL,numeric,sig4figs,median,0.5806,0.8133,0.8955,0.9677,0.8333
1288,AL_60,AL,numeric,significand,mean,0.5806,0.8133,0.8955,0.9677,0.8333
1289,AL_60,AL,numeric,significand,median,0.5806,0.8133,0.8955,0.9677,0.8333
1290,AL_82,AL,numeric,raw,mean,0.6129,0.8133,0.8955,0.9677,0.8333
1291,AL_82,AL,numeric,raw,median,0.6129,0.8133,0.8955,0.9677,0.8333
1292,AL_82,AL,numeric,sig4figs,mean,0.6129,0.8133,0.8955,0.9677,0.8333
1293,AL_82,AL,numeric,sig4figs,median,0.6129,0.8133,0.8955,0.9677,0.8333
1294,AL_105,AL,numeric,significand,mean,0.457,0.8133,0.8955,0.9677,0.8333
1295,AL_112,AL,numeric,raw,mean,0.457,0.8133,0.8955,0.9677,0.8333
1296,AL_112,AL,numeric,sig4figs,mean,0.457,0.8133,0.8955,0.9677,0.8333
1297,AL_136,AL,numeric,significand,mean,0.457,0.8133,0.8955,0.9677,0.8333
1298,AL_136,AL,numeric,significand,median,0.457,0.8133,0.8955,0.9677,0.8333
1299,AL_139,AL,numeric,sig4figs,mean,0.457,0.8133,0.8955,0.9677,0.8333
1300,AL_141,AL,numeric,significand,mean,0.457,0.8133,0.8955,0.9677,0.8333
1301,AL_141,AL,numeric,significand,median,0.457,0.8133,0.8955,0.9677,0.8333
1302,AL_145,AL,numeric,significand,mean,0.457,0.8133,0.8955,0.9677,0.8333
1303,AL_145,AL,numeric,significand,median,0.457,0.8133,0.8955,0.9677,0.8333
1304,AL_153,AL,numeric,raw,mean,0.457,0.8133,0.8955,0.9677,0.8333
1305,AL_153,AL,numeric,raw,median,0.457,0.8133,0.8955,0.9677,0.8333
1306,AL_153,AL,numeric,sig4figs,mean,0.457,0.8133,0.8955,0.9677,0.8333
1307,AL_153,AL,numeric,sig4figs,median,0.457,0.8133,0.8955,0.9677,0.8333
1308,AL_162,AL,numeric,raw,mean,0.457,0.8133,0.8955,0.9677,0.8333
1309,AL_162,AL,numeric,sig4figs,mean,0.457,0.8133,0.8955,0.9677,0.8333
1310,AL_172,AL,numeric,raw,median,0.457,0.8133,0.8955,0.9677,0.8333
1311,AL_172,AL,numeric,sig4figs,median,0.457,0.8133,0.8955,0.9677,0.8333
1312,AL_184,AL,numeric,significand,median,0.6801,0.8133,0.8955,0.9677,0.8333
1313,AL_188,AL,numeric,raw,mean,0.6505,0.8133,0.8955,0.9677,0.8333
1314,AL_188,AL,numeric,raw,median,0.6505,0.8133,0.8955,0.9677,0.8333
1315,AL_188,AL,numeric,significand,mean,0.6505,0.8133,0.8955,0.9677,0.8333
1316,AL_188,AL,numeric,significand,median,0.6505,0.8133,0.8955,0.9677,0.8333
1317,AL_194,AL,numeric,raw,mean,0.6505,0.8133,0.8955,0.9677,0.8333
1318,AL_194,AL,numeric,sig4figs,mean,0.6505,0.8133,0.8955,0.9677,0.8333
1319,AL_199,AL,numeric,significand,mean,0.6505,0.8133,0.8955,0.9677,0.8333
1320,AL_199,AL,numeric,significand,median,0.6505,0.8133,0.8955,0.9677,0.8333
1321,AL_271,AL,numeric,raw,mean,0.6505,0.8133,0.8955,0.9677,0.8333
1322,AL_271,AL,numeric,raw,median,0.6505,0.8133,0.8955,0.9677,0.8333
1323,AL_271,AL,numeric,sig4figs,mean,0.6505,0.8133,0.8955,0.9677,0.8333
1324,AL_271,AL,numeric,sig4figs,median,0.6505,0.8133,0.8955,0.9677,0.8333
1325,AL_289,AL,numeric,significand,median,0.672,0.8133,0.8955,0.9677,0.8333
1326,AL_300,AL,numeric,significand,mean,0.3387,0.8133,0.8955,0.9677,0.8333
1327,AL_301,AL,numeric,sig4figs,mean,0.3387,0.8133,0.8955,0.9677,0.8333
1328,AL_301,AL,numeric,sig4figs,median,0.3387,0.8133,0.8955,0.9677,0.8333
1329,EK_6,EK,numeric,raw,mean,0.0296,0.8133,0.8955,0.9677,0.8333
1330,EK_6,EK,numeric,raw,median,0.0296,0.8133,0.8955,0.9677,0.8333
1331,EK_6,EK,numeric,significand,mean,0.0296,0.8133,0.8955,0.9677,0.8333
1332,EK_6,EK,numeric,significand,median,0.0296,0.8133,0.8955,0.9677,0.8333
1333,EK_6,EK,numeric,sig4figs,mean,0.0296,0.8133,0.8955,0.9677,0.8333
1334,EK_6,EK,numeric,sig4figs,median,0.0296,0.8133,0.8955,0.9677,0.8333
1335,AL_18,AL,numeric,significand,median,0.672,0.8133,0.8939,0.9516,0.8429
1336,AL_23,AL,numeric,significand,median,0.672,0.8133,0.8939,0.9516,0.8429
1337,AL_55,AL,numeric,raw,mean,0.5806,0.8133,0.8939,0.9516,0.8429
1338,AL_55,AL,numeric,raw,median,0.5806,0.8133,0.8939,0.9516,0.8429
1339,AL_55,AL,numeric,sig4figs,mean,0.5806,0.8133,0.8939,0.9516,0.8429
1340,AL_55,AL,numeric,sig4figs,median,0.5806,0.8133,0.8939,0.9516,0.8429
1341,AL_97,AL,numeric,raw,mean,0.6129,0.8133,0.8939,0.9516,0.8429
1342,AL_97,AL,numeric,raw,median,0.6129,0.8133,0.8939,0.9516,0.8429
1343,AL_97,AL,numeric,sig4figs,mean,0.6129,0.8133,0.8939,0.9516,0.8429
1344,AL_97,AL,numeric,sig4figs,median,0.6129,0.8133,0.8939,0.9516,0.8429
1345,AL_106,AL,numeric,raw,mean,0.457,0.8133,0.8939,0.9516,0.8429
1346,AL_106,AL,numeric,sig4figs,mean,0.457,0.8133,0.8939,0.9516,0.8429
1347,AL_118,AL,numeric,raw,mean,0.457,0.8133,0.8939,0.9516,0.8429
1348,AL_118,AL,numeric,sig4figs,mean,0.457,0.8133,0.8939,0.9516,0.8429
1349,AL_130,AL,numeric,significand,median,0.457,0.8133,0.8939,0.9516,0.8429
1350,AL_142,AL,numeric,significand,median,0.457,0.8133,0.8939,0.9516,0.8429
1351,AL_166,AL,numeric,raw,median,0.457,0.8133,0.8939,0.9516,0.8429
1352,AL_166,AL,numeric,significand,median,0.457,0.8133,0.8939,0.9516,0.8429
1353,AL_166,AL,numeric,sig4figs,mean,0.457,0.8133,0.8939,0.9516,0.8429
1354,AL_166,AL,numeric,sig4figs,median,0.457,0.8133,0.8939,0.9516,0.8429
1355,AL_168,AL,numeric,raw,median,0.457,0.8133,0.8939,0.9516,0.8429
1356,AL_168,AL,numeric,sig4figs,median,0.457,0.8133,0.8939,0.9516,0.8429
1357,AL_260,AL,numeric,raw,mean,0.6505,0.8133,0.8939,0.9516,0.8429
1358,AL_260,AL,numeric,raw,median,0.6505,0.8133,0.8939,0.9516,0.8429
1359,AL_130,AL,numeric,raw,mean,0.457,0.8133,0.8923,0.9355,0.8529
1360,AL_130,AL,numeric,raw,median,0.457,0.8133,0.8923,0.9355,0.8529
1361,AL_130,AL,numeric,sig4figs,mean,0.457,0.8133,0.8923,0.9355,0.8529
1362,AL_130,AL,numeric,sig4figs,median,0.457,0.8133,0.8923,0.9355,0.8529
1363,AL_315,AL,numeric,raw,median,0.3387,0.8133,0.8923,0.9355,0.8529
1364,AL_315,AL,numeric,sig4figs,median,0.3387,0.8133,0.8923,0.9355,0.8529
1365,AL_333,AL,numeric,significand,median,0.3387,0.8133,0.8923,0.9355,0.8529
1366,AL_147,AL,numeric,raw,median,0.457,0.8133,0.8906,0.9194,0.8636
1367,AL_13,AL,numeric,raw,mean,0.4086,0.8,0.8889,0.9677,0.8219
1368,AL_18,AL,numeric,raw,mean,0.672,0.8,0.8889,0.9677,0.8219
1369,AL_18,AL,numeric,sig4figs,mean,0.672,0.8,0.8889,0.9677,0.8219
1370,AL_45,AL,numeric,significand,mean,0.5806,0.8,0.8889,0.9677,0.8219
1371,AL_45,AL,numeric,significand,median,0.5806,0.8,0.8889,0.9677,0.8219
1372,AL_66,AL,numeric,significand,mean,0.5806,0.8,0.8889,0.9677,0.8219
1373,AL_66,AL,numeric,significand,median,0.5806,0.8,0.8889,0.9677,0.8219
1374,AL_67,AL,numeric,raw,mean,0.5806,0.8,0.8889,0.9677,0.8219
1375,AL_67,AL,numeric,raw,median,0.5806,0.8,0.8889,0.9677,0.8219
1376,AL_67,AL,numeric,sig4figs,mean,0.5806,0.8,0.8889,0.9677,0.8219
1377,AL_67,AL,numeric,sig4figs,median,0.5806,0.8,0.8889,0.9677,0.8219
1378,AL_70,AL,numeric,raw,mean,0.5806,0.8,0.8889,0.9677,0.8219
1379,AL_70,AL,numeric,raw,median,0.5806,0.8,0.8889,0.9677,0.8219
1380,AL_70,AL,numeric,sig4figs,mean,0.5806,0.8,0.8889,0.9677,0.8219
1381,AL_70,AL,numeric,sig4figs,median,0.5806,0.8,0.8889,0.9677,0.8219
1382,AL_73,AL,numeric,significand,median,0.5806,0.8,0.8889,0.9677,0.8219
1383,AL_76,AL,numeric,sig4figs,mean,0.6129,0.8,0.8889,0.9677,0.8219
1384,AL_79,AL,numeric,significand,mean,0.6129,0.8,0.8889,0.9677,0.8219
1385,AL_79,AL,numeric,significand,median,0.6129,0.8,0.8889,0.9677,0.8219
1386,AL_84,AL,numeric,raw,mean,0.6129,0.8,0.8889,0.9677,0.8219
1387,AL_84,AL,numeric,raw,median,0.6129,0.8,0.8889,0.9677,0.8219
1388,AL_84,AL,numeric,sig4figs,mean,0.6129,0.8,0.8889,0.9677,0.8219
1389,AL_84,AL,numeric,sig4figs,median,0.6129,0.8,0.8889,0.9677,0.8219
1390,AL_85,AL,numeric,raw,mean,0.6129,0.8,0.8889,0.9677,0.8219
1391,AL_85,AL,numeric,raw,median,0.6129,0.8,0.8889,0.9677,0.8219
1392,AL_85,AL,numeric,sig4figs,mean,0.6129,0.8,0.8889,0.9677,0.8219
1393,AL_85,AL,numeric,sig4figs,median,0.6129,0.8,0.8889,0.9677,0.8219
1394,AL_91,AL,numeric,raw,mean,0.6129,0.8,0.8889,0.9677,0.8219
1395,AL_91,AL,numeric,raw,median,0.6129,0.8,0.8889,0.9677,0.8219
1396,AL_96,AL,numeric,raw,mean,0.6129,0.8,0.8889,0.9677,0.8219
1397,AL_96,AL,numeric,raw,median,0.6129,0.8,0.8889,0.9677,0.8219
1398,AL_96,AL,numeric,sig4figs,mean,0.6129,0.8,0.8889,0.9677,0.8219
1399,AL_96,AL,numeric,sig4figs,median,0.6129,0.8,0.8889,0.9677,0.8219
1400,EK_3,EK,numeric,raw,mean,0.4785,0.8,0.8889,0.9677,0.8219
1401,AL_141,AL,numeric,raw,mean,0.457,0.8,0.8889,0.9677,0.8219
1402,AL_141,AL,numeric,sig4figs,mean,0.457,0.8,0.8889,0.9677,0.8219
1403,AL_151,AL,numeric,significand,mean,0.457,0.8,0.8889,0.9677,0.8219
1404,AL_151,AL,numeric,significand,median,0.457,0.8,0.8889,0.9677,0.8219
1405,AL_163,AL,numeric,raw,median,0.457,0.8,0.8889,0.9677,0.8219
1406,AL_163,AL,numeric,sig4figs,median,0.457,0.8,0.8889,0.9677,0.8219
1407,AL_174,AL,numeric,sig4figs,mean,0.457,0.8,0.8889,0.9677,0.8219
1408,AL_174,AL,numeric,sig4figs,median,0.457,0.8,0.8889,0.9677,0.8219
1409,AL_181,AL,numeric,raw,median,0.457,0.8,0.8889,0.9677,0.8219
1410,AL_181,AL,numeric,sig4figs,median,0.457,0.8,0.8889,0.9677,0.8219
1411,AL_199,AL,numeric,raw,mean,0.6505,0.8,0.8889,0.9677,0.8219
1412,AL_199,AL,numeric,raw,median,0.6505,0.8,0.8889,0.9677,0.8219
1413,AL_199,AL,numeric,sig4figs,mean,0.6505,0.8,0.8889,0.9677,0.8219
1414,AL_199,AL,numeric,sig4figs,median,0.6505,0.8,0.8889,0.9677,0.8219
1415,AL_206,AL,numeric,raw,mean,0.6505,0.8,0.8889,0.9677,0.8219
1416,AL_206,AL,numeric,sig4figs,mean,0.6505,0.8,0.8889,0.9677,0.8219
1417,AL_207,AL,numeric,significand,mean,0.6505,0.8,0.8889,0.9677,0.8219
1418,AL_207,AL,numeric,significand,median,0.6505,0.8,0.8889,0.9677,0.8219
1419,AL_211,AL,numeric,significand,mean,0.6505,0.8,0.8889,0.9677,0.8219
1420,AL_211,AL,numeric,significand,median,0.6505,0.8,0.8889,0.9677,0.8219
1421,AL_218,AL,numeric,raw,mean,0.6505,0.8,0.8889,0.9677,0.8219
1422,AL_218,AL,numeric,raw,median,0.6505,0.8,0.8889,0.9677,0.8219
1423,AL_219,AL,numeric,raw,mean,0.6505,0.8,0.8889,0.9677,0.8219
1424,AL_219,AL,numeric,raw,median,0.6505,0.8,0.8889,0.9677,0.8219
1425,AL_219,AL,numeric,sig4figs,mean,0.6505,0.8,0.8889,0.9677,0.8219
1426,AL_219,AL,numeric,sig4figs,median,0.6505,0.8,0.8889,0.9677,0.8219
1427,AL_226,AL,numeric,raw,median,0.6505,0.8,0.8889,0.9677,0.8219
1428,AL_226,AL,numeric,sig4figs,median,0.6505,0.8,0.8889,0.9677,0.8219
1429,AL_230,AL,numeric,raw,mean,0.6505,0.8,0.8889,0.9677,0.8219
1430,AL_230,AL,numeric,raw,median,0.6505,0.8,0.8889,0.9677,0.8219
1431,AL_230,AL,numeric,sig4figs,mean,0.6505,0.8,0.8889,0.9677,0.8219
1432,AL_230,AL,numeric,sig4figs,median,0.6505,0.8,0.8889,0.9677,0.8219
1433,AL_234,AL,numeric,raw,mean,0.6505,0.8,0.8889,0.9677,0.8219
1434,AL_234,AL,numeric,raw,median,0.6505,0.8,0.8889,0.9677,0.8219
1435,AL_234,AL,numeric,sig4figs,mean,0.6505,0.8,0.8889,0.9677,0.8219
1436,AL_234,AL,numeric,sig4figs,median,0.6505,0.8,0.8889,0.9677,0.8219
1437,AL_235,AL,numeric,significand,mean,0.6505,0.8,0.8889,0.9677,0.8219
1438,AL_235,AL,numeric,significand,median,0.6505,0.8,0.8889,0.9677,0.8219
1439,AL_239,AL,numeric,raw,mean,0.6505,0.8,0.8889,0.9677,0.8219
1440,AL_239,AL,numeric,raw,median,0.6505,0.8,0.8889,0.9677,0.8219
1441,AL_239,AL,numeric,sig4figs,mean,0.6505,0.8,0.8889,0.9677,0.8219
1442,AL_239,AL,numeric,sig4figs,median,0.6505,0.8,0.8889,0.9677,0.8219
1443,AL_242,AL,numeric,sig4figs,mean,0.6505,0.8,0.8889,0.9677,0.8219
1444,AL_242,AL,numeric,sig4figs,median,0.6505,0.8,0.8889,0.9677,0.8219
1445,AL_251,AL,numeric,raw,mean,0.6694,0.8,0.8889,0.9677,0.8219
1446,AL_251,AL,numeric,raw,median,0.6694,0.8,0.8889,0.9677,0.8219
1447,AL_251,AL,numeric,sig4figs,mean,0.6694,0.8,0.8889,0.9677,0.8219
1448,AL_251,AL,numeric,sig4figs,median,0.6694,0.8,0.8889,0.9677,0.8219
1449,AL_254,AL,numeric,raw,mean,0.6505,0.8,0.8889,0.9677,0.8219
1450,AL_254,AL,numeric,raw,median,0.6505,0.8,0.8889,0.9677,0.8219
1451,AL_254,AL,numeric,sig4figs,mean,0.6505,0.8,0.8889,0.9677,0.8219
1452,AL_254,AL,numeric,sig4figs,median,0.6505,0.8,0.8889,0.9677,0.8219
1453,AL_255,AL,numeric,raw,mean,0.6505,0.8,0.8889,0.9677,0.8219
1454,AL_255,AL,numeric,raw,median,0.6505,0.8,0.8889,0.9677,0.8219
1455,AL_255,AL,numeric,sig4figs,mean,0.6505,0.8,0.8889,0.9677,0.8219
1456,AL_255,AL,numeric,sig4figs,median,0.6505,0.8,0.8889,0.9677,0.8219
1457,AL_258,AL,numeric,significand,mean,0.6505,0.8,0.8889,0.9677,0.8219
1458,AL_258,AL,numeric,significand,median,0.6505,0.8,0.8889,0.9677,0.8219
1459,AL_265,AL,numeric,significand,mean,0.6505,0.8,0.8889,0.9677,0.8219
1460,AL_265,AL,numeric,significand,median,0.6505,0.8,0.8889,0.9677,0.8219
1461,AL_279,AL,numeric,significand,mean,0.6505,0.8,0.8889,0.9677,0.8219
1462,AL_279,AL,numeric,significand,median,0.6505,0.8,0.8889,0.9677,0.8219
1463,AL_283,AL,numeric,raw,mean,0.6505,0.8,0.8889,0.9677,0.8219
1464,AL_283,AL,numeric,raw,median,0.6505,0.8,0.8889,0.9677,0.8219
1465,AL_283,AL,numeric,sig4figs,mean,0.6505,0.8,0.8889,0.9677,0.8219
1466,AL_283,AL,numeric,sig4figs,median,0.6505,0.8,0.8889,0.9677,0.8219
1467,AL_290,AL,numeric,raw,mean,0.6505,0.8,0.8889,0.9677,0.8219
1468,AL_290,AL,numeric,raw,median,0.6505,0.8,0.8889,0.9677,0.8219
1469,AL_290,AL,numeric,significand,mean,0.6505,0.8,0.8889,0.9677,0.8219
1470,AL_290,AL,numeric,significand,median,0.6505,0.8,0.8889,0.9677,0.8219
1471,AL_290,AL,numeric,sig4figs,mean,0.6505,0.8,0.8889,0.9677,0.8219
1472,AL_290,AL,numeric,sig4figs,median,0.6505,0.8,0.8889,0.9677,0.8219
1473,AL_296,AL,numeric,significand,mean,0.3387,0.8,0.8889,0.9677,0.8219
1474,AL_310,AL,numeric,significand,mean,0.3387,0.8,0.8889,0.9677,0.8219
1475,AL_310,AL,numeric,significand,median,0.3387,0.8,0.8889,0.9677,0.8219
1476,EK_5,EK,numeric,raw,mean,0.0296,0.8,0.8889,0.9677,0.8219
1477,AL_7,AL,numeric,sig4figs,mean,0.4086,0.8,0.8872,0.9516,0.831
1478,AL_18,AL,numeric,significand,mean,0.672,0.8,0.8872,0.9516,0.831
1479,AL_46,AL,numeric,significand,mean,0.5806,0.8,0.8872,0.9516,0.831
1480,AL_46,AL,numeric,significand,median,0.5806,0.8,0.8872,0.9516,0.831
1481,AL_52,AL,numeric,significand,mean,0.5806,0.8,0.8872,0.9516,0.831
1482,AL_52,AL,numeric,significand,median,0.5806,0.8,0.8872,0.9516,0.831
1483,AL_69,AL,numeric,raw,mean,0.5806,0.8,0.8872,0.9516,0.831
1484,AL_69,AL,numeric,raw,median,0.5806,0.8,0.8872,0.9516,0.831
1485,AL_69,AL,numeric,sig4figs,mean,0.5806,0.8,0.8872,0.9516,0.831
1486,AL_69,AL,numeric,sig4figs,median,0.5806,0.8,0.8872,0.9516,0.831
1487,EK_2,EK,numeric,raw,mean,0.0296,0.8,0.8872,0.9516,0.831
1488,AL_103,AL,numeric,raw,mean,0.457,0.8,0.8872,0.9516,0.831
1489,AL_106,AL,numeric,significand,mean,0.457,0.8,0.8872,0.9516,0.831
1490,AL_106,AL,numeric,significand,median,0.457,0.8,0.8872,0.9516,0.831
1491,AL_108,AL,numeric,raw,mean,0.457,0.8,0.8872,0.9516,0.831
1492,AL_108,AL,numeric,raw,median,0.457,0.8,0.8872,0.9516,0.831
1493,AL_108,AL,numeric,sig4figs,mean,0.457,0.8,0.8872,0.9516,0.831
1494,AL_108,AL,numeric,sig4figs,median,0.457,0.8,0.8872,0.9516,0.831
1495,AL_129,AL,numeric,raw,mean,0.457,0.8,0.8872,0.9516,0.831
1496,AL_129,AL,numeric,raw,median,0.457,0.8,0.8872,0.9516,0.831
1497,AL_129,AL,numeric,sig4figs,mean,0.457,0.8,0.8872,0.9516,0.831
1498,AL_129,AL,numeric,sig4figs,median,0.457,0.8,0.8872,0.9516,0.831
1499,AL_163,AL,numeric,raw,mean,0.457,0.8,0.8872,0.9516,0.831
1500,AL_163,AL,numeric,sig4figs,mean,0.457,0.8,0.8872,0.9516,0.831
1501,AL_168,AL,numeric,raw,mean,0.457,0.8,0.8872,0.9516,0.831
1502,AL_168,AL,numeric,sig4figs,mean,0.457,0.8,0.8872,0.9516,0.831
1503,AL_181,AL,numeric,raw,mean,0.457,0.8,0.8872,0.9516,0.831
1504,AL_181,AL,numeric,sig4figs,mean,0.457,0.8,0.8872,0.9516,0.831
1505,AL_203,AL,numeric,significand,mean,0.6505,0.8,0.8872,0.9516,0.831
1506,AL_203,AL,numeric,significand,median,0.6505,0.8,0.8872,0.9516,0.831
1507,AL_210,AL,numeric,raw,mean,0.6505,0.8,0.8872,0.9516,0.831
1508,AL_210,AL,numeric,raw,median,0.6505,0.8,0.8872,0.9516,0.831
1509,AL_210,AL,numeric,sig4figs,mean,0.6505,0.8,0.8872,0.9516,0.831
1510,AL_210,AL,numeric,sig4figs,median,0.6505,0.8,0.8872,0.9516,0.831
1511,AL_219,AL,numeric,significand,mean,0.6505,0.8,0.8872,0.9516,0.831
1512,AL_219,AL,numeric,significand,median,0.6505,0.8,0.8872,0.9516,0.831
1513,AL_253,AL,numeric,significand,mean,0.6694,0.8,0.8872,0.9516,0.831
1514,AL_253,AL,numeric,significand,median,0.6694,0.8,0.8872,0.9516,0.831
1515,AL_258,AL,numeric,raw,mean,0.6505,0.8,0.8872,0.9516,0.831
1516,AL_258,AL,numeric,raw,median,0.6505,0.8,0.8872,0.9516,0.831
1517,AL_258,AL,numeric,sig4figs,mean,0.6505,0.8,0.8872,0.9516,0.831
1518,AL_258,AL,numeric,sig4figs,median,0.6505,0.8,0.8872,0.9516,0.831
1519,AL_260,AL,numeric,significand,mean,0.6505,0.8,0.8872,0.9516,0.831
1520,AL_260,AL,numeric,significand,median,0.6505,0.8,0.8872,0.9516,0.831
1521,AL_289,AL,numeric,sig4figs,median,0.672,0.8,0.8872,0.9516,0.831
1522,AL_296,AL,numeric,significand,median,0.3387,0.8,0.8872,0.9516,0.831
1523,AL_301,AL,numeric,raw,mean,0.3387,0.8,0.8872,0.9516,0.831
1524,AL_301,AL,numeric,raw,median,0.3387,0.8,0.8872,0.9516,0.831
1525,AL_305,AL,numeric,significand,mean,0.3387,0.8,0.8872,0.9516,0.831
1526,AL_305,AL,numeric,significand,median,0.3387,0.8,0.8872,0.9516,0.831
1527,AL_329,AL,numeric,significand,median,0.3387,0.8,0.8872,0.9516,0.831
1528,EK_9,EK,numeric,significand,mean,0.0296,0.8,0.8872,0.9516,0.831
1529,EK_9,EK,numeric,significand,median,0.0296,0.8,0.8872,0.9516,0.831
1530,AL_11,AL,numeric,significand,mean,0.4086,0.8,0.8855,0.9355,0.8406
1531,AL_12,AL,numeric,raw,median,0.4086,0.8,0.8855,0.9355,0.8406
1532,AL_12,AL,numeric,sig4figs,median,0.4086,0.8,0.8855,0.9355,0.8406
1533,AL_23,AL,numeric,significand,mean,0.672,0.8,0.8855,0.9355,0.8406
1534,AL_57,AL,numeric,raw,mean,0.5806,0.8,0.8855,0.9355,0.8406
1535,AL_61,AL,numeric,significand,mean,0.5806,0.8,0.8855,0.9355,0.8406
1536,AL_61,AL,numeric,significand,median,0.5806,0.8,0.8855,0.9355,0.8406
1537,AL_115,AL,numeric,raw,mean,0.457,0.8,0.8855,0.9355,0.8406
1538,AL_115,AL,numeric,raw,median,0.457,0.8,0.8855,0.9355,0.8406
1539,AL_115,AL,numeric,sig4figs,mean,0.457,0.8,0.8855,0.9355,0.8406
1540,AL_115,AL,numeric,sig4figs,median,0.457,0.8,0.8855,0.9355,0.8406
1541,AL_123,AL,numeric,raw,mean,0.457,0.8,0.8855,0.9355,0.8406
1542,AL_123,AL,numeric,raw,median,0.457,0.8,0.8855,0.9355,0.8406
1543,AL_123,AL,numeric,sig4figs,mean,0.457,0.8,0.8855,0.9355,0.8406
1544,AL_123,AL,numeric,sig4figs,median,0.457,0.8,0.8855,0.9355,0.8406
1545,AL_139,AL,numeric,raw,median,0.457,0.8,0.8855,0.9355,0.8406
1546,AL_139,AL,numeric,sig4figs,median,0.457,0.8,0.8855,0.9355,0.8406
1547,AL_178,AL,numeric,raw,mean,0.457,0.8,0.8855,0.9355,0.8406
1548,AL_178,AL,numeric,sig4figs,mean,0.457,0.8,0.8855,0.9355,0.8406
1549,AL_262,AL,numeric,significand,mean,0.6505,0.8,0.8837,0.9194,0.8507
1550,AL_305,AL,numeric,raw,mean,0.3387,0.8,0.8837,0.9194,0.8507
1551,AL_305,AL,numeric,raw,median,0.3387,0.8,0.8837,0.9194,0.8507
1552,AL_315,AL,numeric,raw,mean,0.3387,0.8,0.8837,0.9194,0.8507
1553,AL_315,AL,numeric,sig4figs,mean,0.3387,0.8,0.8837,0.9194,0.8507
1554,AL_317,AL,numeric,raw,mean,0.3387,0.8,0.8837,0.9194,0.8507
1555,AL_317,AL,numeric,raw,median,0.3387,0.8,0.8837,0.9194,0.8507
1556,AL_317,AL,numeric,sig4figs,mean,0.3387,0.8,0.8837,0.9194,0.8507
1557,AL_317,AL,numeric,sig4figs,median,0.3387,0.8,0.8837,0.9194,0.8507
1558,EK_7,EK,numeric,significand,median,0.0296,0.8,0.8837,0.9194,0.8507
1559,AL_15,AL,numeric,significand,mean,0.4086,0.7867,0.8806,0.9516,0.8194
1560,AL_15,AL,numeric,significand,median,0.4086,0.7867,0.8806,0.9516,0.8194
1561,AL_17,AL,numeric,significand,median,0.672,0.7867,0.8806,0.9516,0.8194
1562,AL_23,AL,numeric,raw,mean,0.672,0.7867,0.8806,0.9516,0.8194
1563,AL_23,AL,numeric,raw,median,0.672,0.7867,0.8806,0.9516,0.8194
1564,AL_23,AL,numeric,sig4figs,mean,0.672,0.7867,0.8806,0.9516,0.8194
1565,AL_23,AL,numeric,sig4figs,median,0.672,0.7867,0.8806,0.9516,0.8194
1566,AL_58,AL,numeric,significand,mean,0.5806,0.7867,0.8806,0.9516,0.8194
1567,AL_58,AL,numeric,significand,median,0.5806,0.7867,0.8806,0.9516,0.8194
1568,AL_73,AL,numeric,raw,mean,0.5806,0.7867,0.8806,0.9516,0.8194
1569,AL_73,AL,numeric,raw,median,0.5806,0.7867,0.8806,0.9516,0.8194
1570,AL_73,AL,numeric,significand,mean,0.5806,0.7867,0.8806,0.9516,0.8194
1571,AL_73,AL,numeric,sig4figs,mean,0.5806,0.7867,0.8806,0.9516,0.8194
1572,AL_73,AL,numeric,sig4figs,median,0.5806,0.7867,0.8806,0.9516,0.8194
1573,AL_76,AL,numeric,raw,mean,0.6129,0.7867,0.8806,0.9516,0.8194
1574,AL_76,AL,numeric,raw,median,0.6129,0.7867,0.8806,0.9516,0.8194
1575,AL_76,AL,numeric,significand,mean,0.6129,0.7867,0.8806,0.9516,0.8194
1576,AL_76,AL,numeric,sig4figs,median,0.6129,0.7867,0.8806,0.9516,0.8194
1577,AL_82,AL,numeric,significand,mean,0.6129,0.7867,0.8806,0.9516,0.8194
1578,AL_82,AL,numeric,significand,median,0.6129,0.7867,0.8806,0.9516,0.8194
1579,AL_84,AL,numeric,significand,mean,0.6129,0.7867,0.8806,0.9516,0.8194
1580,AL_84,AL,numeric,significand,median,0.6129,0.7867,0.8806,0.9516,0.8194
1581,EK_1,EK,numeric,raw,mean,0.0296,0.7867,0.8806,0.9516,0.8194
1582,EK_1,EK,numeric,significand,mean,0.0296,0.7867,0.8806,0.9516,0.8194
1583,EK_3,EK,numeric,sig4figs,mean,0.4785,0.7867,0.8806,0.9516,0.8194
1584,AL_115,AL,numeric,significand,mean,0.457,0.7867,0.8806,0.9516,0.8194
1585,AL_126,AL,numeric,sig4figs,mean,0.457,0.7867,0.8806,0.9516,0.8194
1586,AL_126,AL,numeric,sig4figs,median,0.457,0.7867,0.8806,0.9516,0.8194
1587,AL_141,AL,numeric,raw,median,0.457,0.7867,0.8806,0.9516,0.8194
1588,AL_141,AL,numeric,sig4figs,median,0.457,0.7867,0.8806,0.9516,0.8194
1589,AL_142,AL,numeric,raw,mean,0.457,0.7867,0.8806,0.9516,0.8194
1590,AL_142,AL,numeric,raw,median,0.457,0.7867,0.8806,0.9516,0.8194
1591,AL_142,AL,numeric,sig4figs,mean,0.457,0.7867,0.8806,0.9516,0.8194
1592,AL_142,AL,numeric,sig4figs,median,0.457,0.7867,0.8806,0.9516,0.8194
1593,AL_150,AL,numeric,sig4figs,mean,0.457,0.7867,0.8806,0.9516,0.8194
1594,AL_150,AL,numeric,sig4figs,median,0.457,0.7867,0.8806,0.9516,0.8194
1595,AL_154,AL,numeric,significand,median,0.457,0.7867,0.8806,0.9516,0.8194
1596,AL_165,AL,numeric,significand,mean,0.457,0.7867,0.8806,0.9516,0.8194
1597,AL_165,AL,numeric,significand,median,0.457,0.7867,0.8806,0.9516,0.8194
1598,AL_169,AL,numeric,significand,mean,0.457,0.7867,0.8806,0.9516,0.8194
1599,AL_174,AL,numeric,raw,mean,0.457,0.7867,0.8806,0.9516,0.8194
1600,AL_186,AL,numeric,raw,median,0.2661,0.7867,0.8806,0.9516,0.8194
1601,AL_186,AL,numeric,sig4figs,median,0.2661,0.7867,0.8806,0.9516,0.8194
1602,AL_187,AL,numeric,raw,mean,0.6505,0.7867,0.8806,0.9516,0.8194
1603,AL_187,AL,numeric,raw,median,0.6505,0.7867,0.8806,0.9516,0.8194
1604,AL_187,AL,numeric,sig4figs,mean,0.6505,0.7867,0.8806,0.9516,0.8194
1605,AL_187,AL,numeric,sig4figs,median,0.6505,0.7867,0.8806,0.9516,0.8194
1606,AL_193,AL,numeric,significand,mean,0.6505,0.7867,0.8806,0.9516,0.8194
1607,AL_193,AL,numeric,significand,median,0.6505,0.7867,0.8806,0.9516,0.8194
1608,AL_198,AL,numeric,raw,mean,0.6505,0.7867,0.8806,0.9516,0.8194
1609,AL_198,AL,numeric,raw,median,0.6505,0.7867,0.8806,0.9516,0.8194
1610,AL_198,AL,numeric,significand,mean,0.6505,0.7867,0.8806,0.9516,0.8194
1611,AL_198,AL,numeric,significand,median,0.6505,0.7867,0.8806,0.9516,0.8194
1612,AL_198,AL,numeric,sig4figs,mean,0.6505,0.7867,0.8806,0.9516,0.8194
1613,AL_198,AL,numeric,sig4figs,median,0.6505,0.7867,0.8806,0.9516,0.8194
1614,AL_203,AL,numeric,sig4figs,mean,0.6505,0.7867,0.8806,0.9516,0.8194
1615,AL_203,AL,numeric,sig4figs,median,0.6505,0.7867,0.8806,0.9516,0.8194
1616,AL_207,AL,numeric,raw,mean,0.6505,0.7867,0.8806,0.9516,0.8194
1617,AL_207,AL,numeric,raw,median,0.6505,0.7867,0.8806,0.9516,0.8194
1618,AL_207,AL,numeric,sig4figs,mean,0.6505,0.7867,0.8806,0.9516,0.8194
1619,AL_207,AL,numeric,sig4figs,median,0.6505,0.7867,0.8806,0.9516,0.8194
1620,AL_215,AL,numeric,raw,mean,0.7715,0.7867,0.8806,0.9516,0.8194
1621,AL_215,AL,numeric,raw,median,0.7715,0.7867,0.8806,0.9516,0.8194
1622,AL_215,AL,numeric,significand,mean,0.7715,0.7867,0.8806,0.9516,0.8194
1623,AL_215,AL,numeric,sig4figs,mean,0.7715,0.7867,0.8806,0.9516,0.8194
1624,AL_215,AL,numeric,sig4figs,median,0.7715,0.7867,0.8806,0.9516,0.8194
1625,AL_226,AL,numeric,raw,mean,0.6505,0.7867,0.8806,0.9516,0.8194
1626,AL_226,AL,numeric,significand,mean,0.6505,0.7867,0.8806,0.9516,0.8194
1627,AL_226,AL,numeric,significand,median,0.6505,0.7867,0.8806,0.9516,0.8194
1628,AL_226,AL,numeric,sig4figs,mean,0.6505,0.7867,0.8806,0.9516,0.8194
1629,AL_230,AL,numeric,significand,mean,0.6505,0.7867,0.8806,0.9516,0.8194
1630,AL_230,AL,numeric,significand,median,0.6505,0.7867,0.8806,0.9516,0.8194
1631,AL_242,AL,numeric,significand,mean,0.6505,0.7867,0.8806,0.9516,0.8194
1632,AL_242,AL,numeric,significand,median,0.6505,0.7867,0.8806,0.9516,0.8194
1633,AL_247,AL,numeric,raw,mean,0.6505,0.7867,0.8806,0.9516,0.8194
1634,AL_247,AL,numeric,raw,median,0.6505,0.7867,0.8806,0.9516,0.8194
1635,AL_247,AL,numeric,sig4figs,mean,0.6505,0.7867,0.8806,0.9516,0.8194
1636,AL_247,AL,numeric,sig4figs,median,0.6505,0.7867,0.8806,0.9516,0.8194
1637,AL_251,AL,numeric,significand,mean,0.6694,0.7867,0.8806,0.9516,0.8194
1638,AL_251,AL,numeric,significand,median,0.6694,0.7867,0.8806,0.9516,0.8194
1639,AL_266,AL,numeric,raw,mean,0.6505,0.7867,0.8806,0.9516,0.8194
1640,AL_266,AL,numeric,raw,median,0.6505,0.7867,0.8806,0.9516,0.8194
1641,AL_266,AL,numeric,sig4figs,mean,0.6505,0.7867,0.8806,0.9516,0.8194
1642,AL_266,AL,numeric,sig4figs,median,0.6505,0.7867,0.8806,0.9516,0.8194
1643,AL_278,AL,numeric,sig4figs,mean,0.6505,0.7867,0.8806,0.9516,0.8194
1644,AL_278,AL,numeric,sig4figs,median,0.6505,0.7867,0.8806,0.9516,0.8194
1645,AL_289,AL,numeric,sig4figs,mean,0.672,0.7867,0.8806,0.9516,0.8194
1646,AL_294,AL,numeric,raw,mean,0.6505,0.7867,0.8806,0.9516,0.8194
1647,AL_294,AL,numeric,raw,median,0.6505,0.7867,0.8806,0.9516,0.8194
1648,AL_294,AL,numeric,sig4figs,mean,0.6505,0.7867,0.8806,0.9516,0.8194
1649,AL_294,AL,numeric,sig4figs,median,0.6505,0.7867,0.8806,0.9516,0.8194
1650,EK_5,EK,numeric,sig4figs,mean,0.0296,0.7867,0.8806,0.9516,0.8194
1651,AL_7,AL,numeric,raw,mean,0.4086,0.7867,0.8788,0.9355,0.8286
1652,AL_9,AL,numeric,raw,mean,0.4086,0.7867,0.8788,0.9355,0.8286
1653,AL_9,AL,numeric,raw,median,0.4086,0.7867,0.8788,0.9355,0.8286
1654,AL_9,AL,numeric,sig4figs,mean,0.4086,0.7867,0.8788,0.9355,0.8286
1655,AL_9,AL,numeric,sig4figs,median,0.4086,0.7867,0.8788,0.9355,0.8286
1656,AL_17,AL,numeric,significand,mean,0.672,0.7867,0.8788,0.9355,0.8286
1657,AL_22,AL,numeric,raw,mean,0.672,0.7867,0.8788,0.9355,0.8286
1658,AL_22,AL,numeric,raw,median,0.672,0.7867,0.8788,0.9355,0.8286
1659,AL_22,AL,numeric,sig4figs,mean,0.672,0.7867,0.8788,0.9355,0.8286
1660,AL_22,AL,numeric,sig4figs,median,0.672,0.7867,0.8788,0.9355,0.8286
1661,AL_57,AL,numeric,raw,median,0.5806,0.7867,0.8788,0.9355,0.8286
1662,AL_57,AL,numeric,sig4figs,mean,0.5806,0.7867,0.8788,0.9355,0.8286
1663,AL_57,AL,numeric,sig4figs,median,0.5806,0.7867,0.8788,0.9355,0.8286
1664,AL_76,AL,numeric,significand,median,0.6129,0.7867,0.8788,0.9355,0.8286
1665,AL_112,AL,numeric,raw,median,0.457,0.7867,0.8788,0.9355,0.8286
1666,AL_112,AL,numeric,significand,mean,0.457,0.7867,0.8788,0.9355,0.8286
1667,AL_112,AL,numeric,significand,median,0.457,0.7867,0.8788,0.9355,0.8286
1668,AL_112,AL,numeric,sig4figs,median,0.457,0.7867,0.8788,0.9355,0.8286
1669,AL_123,AL,numeric,significand,mean,0.457,0.7867,0.8788,0.9355,0.8286
1670,AL_123,AL,numeric,significand,median,0.457,0.7867,0.8788,0.9355,0.8286
1671,AL_175,AL,numeric,raw,mean,0.457,0.7867,0.8788,0.9355,0.8286
1672,AL_175,AL,numeric,raw,median,0.457,0.7867,0.8788,0.9355,0.8286
1673,AL_175,AL,numeric,sig4figs,mean,0.457,0.7867,0.8788,0.9355,0.8286
1674,AL_175,AL,numeric,sig4figs,median,0.457,0.7867,0.8788,0.9355,0.8286
1675,AL_210,AL,numeric,significand,mean,0.6505,0.7867,0.8788,0.9355,0.8286
1676,AL_210,AL,numeric,significand,median,0.6505,0.7867,0.8788,0.9355,0.8286
1677,AL_239,AL,numeric,significand,median,0.6505,0.7867,0.8788,0.9355,0.8286
1678,AL_275,AL,numeric,raw,mean,0.6505,0.7867,0.8788,0.9355,0.8286
1679,AL_275,AL,numeric,raw,median,0.6505,0.7867,0.8788,0.9355,0.8286
1680,AL_275,AL,numeric,sig4figs,mean,0.6505,0.7867,0.8788,0.9355,0.8286
1681,AL_275,AL,numeric,sig4figs,median,0.6505,0.7867,0.8788,0.9355,0.8286
1682,AL_302,AL,numeric,raw,mean,0.3387,0.7867,0.8788,0.9355,0.8286
1683,AL_302,AL,numeric,raw,median,0.3387,0.7867,0.8788,0.9355,0.8286
1684,AL_302,AL,numeric,sig4figs,mean,0.3387,0.7867,0.8788,0.9355,0.8286
1685,AL_302,AL,numeric,sig4figs,median,0.3387,0.7867,0.8788,0.9355,0.8286
1686,AL_327,AL,numeric,raw,mean,0.3387,0.7867,0.8788,0.9355,0.8286
1687,AL_329,AL,numeric,significand,mean,0.3387,0.7867,0.8788,0.9355,0.8286
1688,AL_330,AL,numeric,raw,median,0.3387,0.7867,0.8788,0.9355,0.8286
1689,AL_330,AL,numeric,sig4figs,median,0.3387,0.7867,0.8788,0.9355,0.8286
1690,EK_4,EK,numeric,raw,mean,0.0296,0.7867,0.8788,0.9355,0.8286
1691,EK_4,EK,numeric,raw,median,0.0296,0.7867,0.8788,0.9355,0.8286
1692,EK_4,EK,numeric,significand,mean,0.0296,0.7867,0.8788,0.9355,0.8286
1693,EK_4,EK,numeric,sig4figs,median,0.0296,0.7867,0.8788,0.9355,0.8286
1694,EK_9,EK,numeric,raw,median,0.0296,0.7867,0.8788,0.9355,0.8286
1695,AL_11,AL,numeric,significand,median,0.4086,0.7867,0.8769,0.9194,0.8382
1696,AL_25,AL,numeric,raw,mean,0.672,0.7867,0.8769,0.9194,0.8382
1697,AL_25,AL,numeric,raw,median,0.672,0.7867,0.8769,0.9194,0.8382
1698,AL_25,AL,numeric,sig4figs,mean,0.672,0.7867,0.8769,0.9194,0.8382
1699,AL_25,AL,numeric,sig4figs,median,0.672,0.7867,0.8769,0.9194,0.8382
1700,AL_103,AL,numeric,raw,median,0.457,0.7867,0.8769,0.9194,0.8382
1701,AL_126,AL,numeric,significand,median,0.457,0.7867,0.8769,0.9194,0.8382
1702,AL_133,AL,numeric,significand,mean,0.457,0.7867,0.8769,0.9194,0.8382
1703,AL_133,AL,numeric,significand,median,0.457,0.7867,0.8769,0.9194,0.8382
1704,AL_169,AL,numeric,raw,mean,0.457,0.7867,0.8769,0.9194,0.8382
1705,AL_169,AL,numeric,raw,median,0.457,0.7867,0.8769,0.9194,0.8382
1706,AL_169,AL,numeric,sig4figs,mean,0.457,0.7867,0.8769,0.9194,0.8382
1707,AL_169,AL,numeric,sig4figs,median,0.457,0.7867,0.8769,0.9194,0.8382
1708,AL_255,AL,numeric,significand,mean,0.6505,0.7867,0.8769,0.9194,0.8382
1709,AL_255,AL,numeric,significand,median,0.6505,0.7867,0.8769,0.9194,0.8382
1710,AL_305,AL,numeric,sig4figs,mean,0.3387,0.7867,0.8769,0.9194,0.8382
1711,AL_305,AL,numeric,sig4figs,median,0.3387,0.7867,0.8769,0.9194,0.8382
1712,AL_313,AL,numeric,significand,mean,0.3387,0.7867,0.8769,0.9194,0.8382
1713,AL_333,AL,numeric,significand,mean,0.3387,0.7867,0.8769,0.9194,0.8382
1714,AL_12,AL,numeric,significand,mean,0.4086,0.7867,0.875,0.9032,0.8485
1715,AL_12,AL,numeric,significand,median,0.4086,0.7867,0.875,0.9032,0.8485
1716,AL_262,AL,numeric,significand,median,0.6505,0.7867,0.875,0.9032,0.8485
1717,EK_7,EK,numeric,raw,mean,0.0296,0.7867,0.875,0.9032,0.8485
1718,EK_7,EK,numeric,raw,median,0.0296,0.7867,0.875,0.9032,0.8485
1719,EK_7,EK,numeric,sig4figs,mean,0.0296,0.7867,0.875,0.9032,0.8485
1720,EK_7,EK,numeric,sig4figs,median,0.0296,0.7867,0.875,0.9032,0.8485
1721,AL_13,AL,numeric,sig4figs,mean,0.4086,0.7733,0.8722,0.9355,0.8169
1722,AL_49,AL,numeric,significand,mean,0.5806,0.7733,0.8722,0.9355,0.8169
1723,AL_49,AL,numeric,significand,median,0.5806,0.7733,0.8722,0.9355,0.8169
1724,AL_58,AL,numeric,raw,mean,0.5806,0.7733,0.8722,0.9355,0.8169
1725,AL_58,AL,numeric,raw,median,0.5806,0.7733,0.8722,0.9355,0.8169
1726,AL_58,AL,numeric,sig4figs,mean,0.5806,0.7733,0.8722,0.9355,0.8169
1727,AL_58,AL,numeric,sig4figs,median,0.5806,0.7733,0.8722,0.9355,0.8169
1728,EK_2,EK,numeric,sig4figs,mean,0.0296,0.7733,0.8722,0.9355,0.8169
1729,AL_117,AL,numeric,significand,mean,0.457,0.7733,0.8722,0.9355,0.8169
1730,AL_117,AL,numeric,significand,median,0.457,0.7733,0.8722,0.9355,0.8169
1731,AL_124,AL,numeric,significand,mean,0.457,0.7733,0.8722,0.9355,0.8169
1732,AL_133,AL,numeric,raw,mean,0.457,0.7733,0.8722,0.9355,0.8169
1733,AL_133,AL,numeric,sig4figs,mean,0.457,0.7733,0.8722,0.9355,0.8169
1734,AL_150,AL,numeric,raw,mean,0.457,0.7733,0.8722,0.9355,0.8169
1735,AL_150,AL,numeric,raw,median,0.457,0.7733,0.8722,0.9355,0.8169
1736,AL_154,AL,numeric,significand,mean,0.457,0.7733,0.8722,0.9355,0.8169
1737,AL_160,AL,numeric,significand,mean,0.457,0.7733,0.8722,0.9355,0.8169
1738,AL_160,AL,numeric,significand,median,0.457,0.7733,0.8722,0.9355,0.8169
1739,AL_165,AL,numeric,raw,mean,0.457,0.7733,0.8722,0.9355,0.8169
1740,AL_165,AL,numeric,raw,median,0.457,0.7733,0.8722,0.9355,0.8169
1741,AL_165,AL,numeric,sig4figs,mean,0.457,0.7733,0.8722,0.9355,0.8169
1742,AL_165,AL,numeric,sig4figs,median,0.457,0.7733,0.8722,0.9355,0.8169
1743,AL_169,AL,numeric,significand,median,0.457,0.7733,0.8722,0.9355,0.8169
1744,AL_171,AL,numeric,raw,mean,0.457,0.7733,0.8722,0.9355,0.8169
1745,AL_171,AL,numeric,raw,median,0.457,0.7733,0.8722,0.9355,0.8169
1746,AL_171,AL,numeric,sig4figs,mean,0.457,0.7733,0.8722,0.9355,0.8169
1747,AL_171,AL,numeric,sig4figs,median,0.457,0.7733,0.8722,0.9355,0.8169
1748,AL_172,AL,numeric,significand,median,0.457,0.7733,0.8722,0.9355,0.8169
1749,AL_174,AL,numeric,raw,median,0.457,0.7733,0.8722,0.9355,0.8169
1750,AL_186,AL,numeric,raw,mean,0.2661,0.7733,0.8722,0.9355,0.8169
1751,AL_186,AL,numeric,sig4figs,mean,0.2661,0.7733,0.8722,0.9355,0.8169
1752,AL_203,AL,numeric,raw,mean,0.6505,0.7733,0.8722,0.9355,0.8169
1753,AL_203,AL,numeric,raw,median,0.6505,0.7733,0.8722,0.9355,0.8169
1754,AL_234,AL,numeric,significand,mean,0.6505,0.7733,0.8722,0.9355,0.8169
1755,AL_234,AL,numeric,significand,median,0.6505,0.7733,0.8722,0.9355,0.8169
1756,AL_241,AL,numeric,significand,mean,0.6505,0.7733,0.8722,0.9355,0.8169
1757,AL_241,AL,numeric,significand,median,0.6505,0.7733,0.8722,0.9355,0.8169
1758,AL_243,AL,numeric,raw,mean,0.6505,0.7733,0.8722,0.9355,0.8169
1759,AL_243,AL,numeric,raw,median,0.6505,0.7733,0.8722,0.9355,0.8169
1760,AL_243,AL,numeric,sig4figs,mean,0.6505,0.7733,0.8722,0.9355,0.8169
1761,AL_243,AL,numeric,sig4figs,median,0.6505,0.7733,0.8722,0.9355,0.8169
1762,AL_278,AL,numeric,raw,mean,0.6505,0.7733,0.8722,0.9355,0.8169
1763,AL_278,AL,numeric,raw,median,0.6505,0.7733,0.8722,0.9355,0.8169
1764,AL_283,AL,numeric,significand,mean,0.6505,0.7733,0.8722,0.9355,0.8169
1765,AL_283,AL,numeric,significand,median,0.6505,0.7733,0.8722,0.9355,0.8169
1766,AL_287,AL,numeric,significand,mean,0.672,0.7733,0.8722,0.9355,0.8169
1767,AL_287,AL,numeric,significand,median,0.672,0.7733,0.8722,0.9355,0.8169
1768,AL_291,AL,numeric,significand,mean,0.6505,0.7733,0.8722,0.9355,0.8169
1769,AL_291,AL,numeric,significand,median,0.6505,0.7733,0.8722,0.9355,0.8169
1770,AL_327,AL,numeric,significand,median,0.3387,0.7733,0.8722,0.9355,0.8169
1771,EK_4,EK,numeric,significand,median,0.0296,0.7733,0.8722,0.9355,0.8169
1772,EK_5,EK,numeric,raw,median,0.0296,0.7733,0.8722,0.9355,0.8169
1773,EK_5,EK,numeric,significand,mean,0.0296,0.7733,0.8722,0.9355,0.8169
1774,EK_5,EK,numeric,significand,median,0.0296,0.7733,0.8722,0.9355,0.8169
1775,EK_5,EK,numeric,sig4figs,median,0.0296,0.7733,0.8722,0.9355,0.8169
1776,EK_9,EK,numeric,raw,mean,0.0296,0.7733,0.8722,0.9355,0.8169
1777,AL_7,AL,numeric,significand,mean,0.4086,0.7733,0.8702,0.9194,0.8261
1778,AL_7,AL,numeric,significand,median,0.4086,0.7733,0.8702,0.9194,0.8261
1779,AL_7,AL,numeric,sig4figs,median,0.4086,0.7733,0.8702,0.9194,0.8261
1780,AL_121,AL,numeric,raw,mean,0.457,0.7733,0.8702,0.9194,0.8261
1781,AL_121,AL,numeric,raw,median,0.457,0.7733,0.8702,0.9194,0.8261
1782,AL_121,AL,numeric,sig4figs,mean,0.457,0.7733,0.8702,0.9194,0.8261
1783,AL_121,AL,numeric,sig4figs,median,0.457,0.7733,0.8702,0.9194,0.8261
1784,AL_127,AL,numeric,raw,mean,0.457,0.7733,0.8702,0.9194,0.8261
1785,AL_127,AL,numeric,raw,median,0.457,0.7733,0.8702,0.9194,0.8261
1786,AL_127,AL,numeric,sig4figs,mean,0.457,0.7733,0.8702,0.9194,0.8261
1787,AL_127,AL,numeric,sig4figs,median,0.457,0.7733,0.8702,0.9194,0.8261
1788,AL_139,AL,numeric,raw,mean,0.457,0.7733,0.8702,0.9194,0.8261
1789,AL_147,AL,numeric,significand,mean,0.457,0.7733,0.8702,0.9194,0.8261
1790,AL_147,AL,numeric,significand,median,0.457,0.7733,0.8702,0.9194,0.8261
1791,AL_162,AL,numeric,raw,median,0.457,0.7733,0.8702,0.9194,0.8261
1792,AL_162,AL,numeric,sig4figs,median,0.457,0.7733,0.8702,0.9194,0.8261
1793,AL_181,AL,numeric,significand,median,0.457,0.7733,0.8702,0.9194,0.8261
1794,AL_186,AL,numeric,significand,mean,0.2661,0.7733,0.8702,0.9194,0.8261
1795,AL_224,AL,numeric,raw,mean,0.6505,0.7733,0.8702,0.9194,0.8261
1796,AL_224,AL,numeric,raw,median,0.6505,0.7733,0.8702,0.9194,0.8261
1797,AL_224,AL,numeric,sig4figs,mean,0.6505,0.7733,0.8702,0.9194,0.8261
1798,AL_224,AL,numeric,sig4figs,median,0.6505,0.7733,0.8702,0.9194,0.8261
1799,AL_260,AL,numeric,sig4figs,mean,0.6505,0.7733,0.8702,0.9194,0.8261
1800,AL_260,AL,numeric,sig4figs,median,0.6505,0.7733,0.8702,0.9194,0.8261
1801,AL_277,AL,numeric,raw,mean,0.6505,0.7733,0.8702,0.9194,0.8261
1802,AL_277,AL,numeric,raw,median,0.6505,0.7733,0.8702,0.9194,0.8261
1803,AL_277,AL,numeric,sig4figs,mean,0.6505,0.7733,0.8702,0.9194,0.8261
1804,AL_277,AL,numeric,sig4figs,median,0.6505,0.7733,0.8702,0.9194,0.8261
1805,AL_279,AL,numeric,raw,mean,0.6505,0.7733,0.8702,0.9194,0.8261
1806,AL_279,AL,numeric,raw,median,0.6505,0.7733,0.8702,0.9194,0.8261
1807,AL_279,AL,numeric,sig4figs,mean,0.6505,0.7733,0.8702,0.9194,0.8261
1808,AL_279,AL,numeric,sig4figs,median,0.6505,0.7733,0.8702,0.9194,0.8261
1809,AL_300,AL,numeric,significand,median,0.3387,0.7733,0.8702,0.9194,0.8261
1810,AL_315,AL,numeric,significand,mean,0.3387,0.7733,0.8702,0.9194,0.8261
1811,AL_327,AL,numeric,significand,mean,0.3387,0.7733,0.8702,0.9194,0.8261
1812,AL_334,AL,numeric,significand,mean,0.3387,0.7733,0.8702,0.9194,0.8261
1813,AL_334,AL,numeric,significand,median,0.3387,0.7733,0.8702,0.9194,0.8261
1814,EK_8,EK,numeric,sig4figs,median,0.0296,0.7733,0.8702,0.9194,0.8261
1815,AL_8,AL,numeric,raw,median,0.4086,0.7733,0.8682,0.9032,0.8358
1816,AL_8,AL,numeric,significand,mean,0.4086,0.7733,0.8682,0.9032,0.8358
1817,AL_8,AL,numeric,significand,median,0.4086,0.7733,0.8682,0.9032,0.8358
1818,AL_8,AL,numeric,sig4figs,median,0.4086,0.7733,0.8682,0.9032,0.8358
1819,AL_14,AL,numeric,sig4figs,mean,0.4086,0.7733,0.8682,0.9032,0.8358
1820,AL_124,AL,numeric,raw,mean,0.457,0.7733,0.8682,0.9032,0.8358
1821,AL_124,AL,numeric,raw,median,0.457,0.7733,0.8682,0.9032,0.8358
1822,AL_124,AL,numeric,sig4figs,mean,0.457,0.7733,0.8682,0.9032,0.8358
1823,AL_124,AL,numeric,sig4figs,median,0.457,0.7733,0.8682,0.9032,0.8358
1824,AL_150,AL,numeric,significand,mean,0.457,0.7733,0.8682,0.9032,0.8358
1825,AL_150,AL,numeric,significand,median,0.457,0.7733,0.8682,0.9032,0.8358
1826,AL_162,AL,numeric,significand,mean,0.457,0.7733,0.8682,0.9032,0.8358
1827,AL_162,AL,numeric,significand,median,0.457,0.7733,0.8682,0.9032,0.8358
1828,AL_175,AL,numeric,significand,mean,0.457,0.7733,0.8682,0.9032,0.8358
1829,AL_175,AL,numeric,significand,median,0.457,0.7733,0.8682,0.9032,0.8358
1830,AL_262,AL,numeric,raw,mean,0.6505,0.7733,0.8682,0.9032,0.8358
1831,AL_262,AL,numeric,raw,median,0.6505,0.7733,0.8682,0.9032,0.8358
1832,AL_262,AL,numeric,sig4figs,mean,0.6505,0.7733,0.8682,0.9032,0.8358
1833,AL_262,AL,numeric,sig4figs,median,0.6505,0.7733,0.8682,0.9032,0.8358
1834,AL_306,AL,numeric,raw,mean,0.3387,0.7733,0.8682,0.9032,0.8358
1835,AL_306,AL,numeric,raw,median,0.3387,0.7733,0.8682,0.9032,0.8358
1836,AL_306,AL,numeric,sig4figs,mean,0.3387,0.7733,0.8682,0.9032,0.8358
1837,AL_306,AL,numeric,sig4figs,median,0.3387,0.7733,0.8682,0.9032,0.8358
1838,AL_313,AL,numeric,significand,median,0.3387,0.7733,0.8682,0.9032,0.8358
1839,AL_319,AL,numeric,raw,median,0.3387,0.7733,0.8682,0.9032,0.8358
1840,AL_319,AL,numeric,significand,mean,0.3387,0.7733,0.8682,0.9032,0.8358
1841,AL_319,AL,numeric,significand,median,0.3387,0.7733,0.8682,0.9032,0.8358
1842,AL_327,AL,numeric,raw,median,0.3387,0.7733,0.8682,0.9032,0.8358
1843,AL_334,AL,numeric,raw,mean,0.3387,0.7733,0.8682,0.9032,0.8358
1844,AL_334,AL,numeric,raw,median,0.3387,0.7733,0.8682,0.9032,0.8358
1845,AL_334,AL,numeric,sig4figs,mean,0.3387,0.7733,0.8682,0.9032,0.8358
1846,AL_334,AL,numeric,sig4figs,median,0.3387,0.7733,0.8682,0.9032,0.8358
1847,AL_306,AL,numeric,significand,median,0.3387,0.7733,0.8661,0.8871,0.8462
1848,AL_311,AL,numeric,significand,mean,0.3387,0.7733,0.8661,0.8871,0.8462
1849,AL_311,AL,numeric,significand,median,0.3387,0.7733,0.8661,0.8871,0.8462
1850,AL_319,AL,numeric,sig4figs,mean,0.3387,0.7733,0.8661,0.8871,0.8462
1851,AL_319,AL,numeric,sig4figs,median,0.3387,0.7733,0.8661,0.8871,0.8462
1852,AL_178,AL,numeric,significand,median,0.457,0.7733,0.864,0.871,0.8571
1853,AL_25,AL,numeric,significand,mean,0.672,0.76,0.8636,0.9194,0.8143
1854,AL_40,AL,numeric,raw,mean,0.5806,0.76,0.8636,0.9194,0.8143
1855,AL_40,AL,numeric,raw,median,0.5806,0.76,0.8636,0.9194,0.8143
1856,AL_40,AL,numeric,sig4figs,mean,0.5806,0.76,0.8636,0.9194,0.8143
1857,AL_40,AL,numeric,sig4figs,median,0.5806,0.76,0.8636,0.9194,0.8143
1858,EK_1,EK,numeric,raw,median,0.0296,0.76,0.8636,0.9194,0.8143
1859,EK_1,EK,numeric,significand,median,0.0296,0.76,0.8636,0.9194,0.8143
1860,EK_1,EK,numeric,sig4figs,mean,0.0296,0.76,0.8636,0.9194,0.8143
1861,EK_1,EK,numeric,sig4figs,median,0.0296,0.76,0.8636,0.9194,0.8143
1862,EK_2,EK,numeric,significand,mean,0.0296,0.76,0.8636,0.9194,0.8143
1863,EK_2,EK,numeric,sig4figs,median,0.0296,0.76,0.8636,0.9194,0.8143
1864,EK_3,EK,numeric,significand,mean,0.4785,0.76,0.8636,0.9194,0.8143
1865,AL_105,AL,numeric,sig4figs,mean,0.457,0.76,0.8636,0.9194,0.8143
1866,AL_105,AL,numeric,sig4figs,median,0.457,0.76,0.8636,0.9194,0.8143
1867,AL_115,AL,numeric,significand,median,0.457,0.76,0.8636,0.9194,0.8143
1868,AL_117,AL,numeric,raw,median,0.457,0.76,0.8636,0.9194,0.8143
1869,AL_124,AL,numeric,significand,median,0.457,0.76,0.8636,0.9194,0.8143
1870,AL_126,AL,numeric,raw,mean,0.457,0.76,0.8636,0.9194,0.8143
1871,AL_126,AL,numeric,raw,median,0.457,0.76,0.8636,0.9194,0.8143
1872,AL_163,AL,numeric,significand,median,0.457,0.76,0.8636,0.9194,0.8143
1873,AL_172,AL,numeric,significand,mean,0.457,0.76,0.8636,0.9194,0.8143
1874,AL_193,AL,numeric,raw,mean,0.6505,0.76,0.8636,0.9194,0.8143
1875,AL_193,AL,numeric,raw,median,0.6505,0.76,0.8636,0.9194,0.8143
1876,AL_193,AL,numeric,sig4figs,mean,0.6505,0.76,0.8636,0.9194,0.8143
1877,AL_193,AL,numeric,sig4figs,median,0.6505,0.76,0.8636,0.9194,0.8143
1878,AL_239,AL,numeric,significand,mean,0.6505,0.76,0.8636,0.9194,0.8143
1879,AL_241,AL,numeric,sig4figs,mean,0.6505,0.76,0.8636,0.9194,0.8143
1880,AL_241,AL,numeric,sig4figs,median,0.6505,0.76,0.8636,0.9194,0.8143
1881,AL_287,AL,numeric,raw,mean,0.672,0.76,0.8636,0.9194,0.8143
1882,AL_287,AL,numeric,raw,median,0.672,0.76,0.8636,0.9194,0.8143
1883,AL_287,AL,numeric,sig4figs,mean,0.672,0.76,0.8636,0.9194,0.8143
1884,AL_287,AL,numeric,sig4figs,median,0.672,0.76,0.8636,0.9194,0.8143
1885,AL_317,AL,numeric,significand,mean,0.3387,0.76,0.8636,0.9194,0.8143
1886,AL_317,AL,numeric,significand,median,0.3387,0.76,0.8636,0.9194,0.8143
1887,AL_7,AL,numeric,raw,median,0.4086,0.76,0.8615,0.9032,0.8235
1888,AL_9,AL,numeric,significand,median,0.4086,0.76,0.8615,0.9032,0.8235
1889,AL_13,AL,numeric,significand,median,0.4086,0.76,0.8615,0.9032,0.8235
1890,AL_26,AL,numeric,raw,mean,0.3629,0.76,0.8615,0.9032,0.8235
1891,AL_26,AL,numeric,raw,median,0.3629,0.76,0.8615,0.9032,0.8235
1892,AL_26,AL,numeric,sig4figs,mean,0.3629,0.76,0.8615,0.9032,0.8235
1893,AL_26,AL,numeric,sig4figs,median,0.3629,0.76,0.8615,0.9032,0.8235
1894,EK_2,EK,numeric,raw,median,0.0296,0.76,0.8615,0.9032,0.8235
1895,EK_2,EK,numeric,significand,median,0.0296,0.76,0.8615,0.9032,0.8235
1896,EK_3,EK,numeric,raw,median,0.4785,0.76,0.8615,0.9032,0.8235
1897,AL_109,AL,numeric,raw,mean,0.457,0.76,0.8615,0.9032,0.8235
1898,AL_109,AL,numeric,sig4figs,mean,0.457,0.76,0.8615,0.9032,0.8235
1899,AL_129,AL,numeric,significand,mean,0.457,0.76,0.8615,0.9032,0.8235
1900,AL_129,AL,numeric,significand,median,0.457,0.76,0.8615,0.9032,0.8235
1901,AL_139,AL,numeric,significand,mean,0.457,0.76,0.8615,0.9032,0.8235
1902,AL_139,AL,numeric,significand,median,0.457,0.76,0.8615,0.9032,0.8235
1903,AL_160,AL,numeric,sig4figs,mean,0.457,0.76,0.8615,0.9032,0.8235
1904,AL_160,AL,numeric,sig4figs,median,0.457,0.76,0.8615,0.9032,0.8235
1905,AL_168,AL,numeric,significand,mean,0.457,0.76,0.8615,0.9032,0.8235
1906,AL_168,AL,numeric,significand,median,0.457,0.76,0.8615,0.9032,0.8235
1907,AL_181,AL,numeric,significand,mean,0.457,0.76,0.8615,0.9032,0.8235
1908,AL_298,AL,numeric,raw,mean,0.3387,0.76,0.8615,0.9032,0.8235
1909,AL_298,AL,numeric,sig4figs,mean,0.3387,0.76,0.8615,0.9032,0.8235
1910,AL_301,AL,numeric,significand,mean,0.3387,0.76,0.8615,0.9032,0.8235
1911,AL_301,AL,numeric,significand,median,0.3387,0.76,0.8615,0.9032,0.8235
1912,AL_315,AL,numeric,significand,median,0.3387,0.76,0.8615,0.9032,0.8235
1913,AL_330,AL,numeric,significand,mean,0.3387,0.76,0.8615,0.9032,0.8235
1914,AL_330,AL,numeric,significand,median,0.3387,0.76,0.8615,0.9032,0.8235
1915,EK_4,EK,numeric,sig4figs,mean,0.0296,0.76,0.8615,0.9032,0.8235
1916,EK_8,EK,numeric,sig4figs,mean,0.0296,0.76,0.8615,0.9032,0.8235
1917,AL_8,AL,numeric,raw,mean,0.4086,0.76,0.8594,0.8871,0.8333
1918,AL_8,AL,numeric,sig4figs,mean,0.4086,0.76,0.8594,0.8871,0.8333
1919,AL_26,AL,numeric,significand,mean,0.3629,0.76,0.8594,0.8871,0.8333
1920,AL_26,AL,numeric,significand,median,0.3629,0.76,0.8594,0.8871,0.8333
1921,AL_126,AL,numeric,significand,mean,0.457,0.76,0.8594,0.8871,0.8333
1922,AL_178,AL,numeric,significand,mean,0.457,0.76,0.8594,0.8871,0.8333
1923,AL_306,AL,numeric,significand,mean,0.3387,0.76,0.8594,0.8871,0.8333
1924,AL_313,AL,numeric,raw,mean,0.3387,0.76,0.8594,0.8871,0.8333
1925,AL_313,AL,numeric,raw,median,0.3387,0.76,0.8594,0.8871,0.8333
1926,AL_331,AL,numeric,significand,mean,0.3387,0.76,0.8594,0.8871,0.8333
1927,AL_331,AL,numeric,significand,median,0.3387,0.76,0.8594,0.8871,0.8333
1928,EK_7,EK,numeric,significand,mean,0.0296,0.76,0.8594,0.8871,0.8333
1929,AL_323,AL,numeric,significand,mean,0.3387,0.76,0.8571,0.871,0.8438
1930,AL_333,AL,numeric,raw,median,0.3387,0.76,0.8571,0.871,0.8438
1931,AL_13,AL,numeric,raw,median,0.4086,0.7467,0.855,0.9032,0.8116
1932,AL_13,AL,numeric,sig4figs,median,0.4086,0.7467,0.855,0.9032,0.8116
1933,AL_14,AL,numeric,significand,mean,0.4086,0.7467,0.855,0.9032,0.8116
1934,AL_100,AL,numeric,significand,mean,0.457,0.7467,0.855,0.9032,0.8116
1935,AL_100,AL,numeric,significand,median,0.457,0.7467,0.855,0.9032,0.8116
1936,AL_105,AL,numeric,raw,mean,0.457,0.7467,0.855,0.9032,0.8116
1937,AL_105,AL,numeric,raw,median,0.457,0.7467,0.855,0.9032,0.8116
1938,AL_163,AL,numeric,significand,mean,0.457,0.7467,0.855,0.9032,0.8116
1939,AL_171,AL,numeric,significand,mean,0.457,0.7467,0.855,0.9032,0.8116
1940,AL_171,AL,numeric,significand,median,0.457,0.7467,0.855,0.9032,0.8116
1941,AL_242,AL,numeric,raw,mean,0.6505,0.7467,0.855,0.9032,0.8116
1942,AL_242,AL,numeric,raw,median,0.6505,0.7467,0.855,0.9032,0.8116
1943,AL_296,AL,numeric,raw,mean,0.3387,0.7467,0.855,0.9032,0.8116
1944,AL_296,AL,numeric,raw,median,0.3387,0.7467,0.855,0.9032,0.8116
1945,AL_333,AL,numeric,raw,mean,0.3387,0.76,0.8548,0.8548,0.8548
1946,AL_9,AL,numeric,significand,mean,0.4086,0.7467,0.8527,0.8871,0.8209
1947,AL_13,AL,numeric,significand,mean,0.4086,0.7467,0.8527,0.8871,0.8209
1948,AL_15,AL,numeric,raw,mean,0.4086,0.7467,0.8527,0.8871,0.8209
1949,AL_15,AL,numeric,sig4figs,mean,0.4086,0.7467,0.8527,0.8871,0.8209
1950,AL_15,AL,numeric,sig4figs,median,0.4086,0.7467,0.8527,0.8871,0.8209
1951,EK_3,EK,numeric,significand,median,0.4785,0.7467,0.8527,0.8871,0.8209
1952,EK_3,EK,numeric,sig4figs,median,0.4785,0.7467,0.8527,0.8871,0.8209
1953,AL_145,AL,numeric,raw,mean,0.457,0.7467,0.8527,0.8871,0.8209
1954,AL_145,AL,numeric,raw,median,0.457,0.7467,0.8527,0.8871,0.8209
1955,AL_145,AL,numeric,sig4figs,mean,0.457,0.7467,0.8527,0.8871,0.8209
1956,AL_145,AL,numeric,sig4figs,median,0.457,0.7467,0.8527,0.8871,0.8209
1957,AL_148,AL,numeric,significand,mean,0.457,0.7467,0.8527,0.8871,0.8209
1958,AL_148,AL,numeric,significand,median,0.457,0.7467,0.8527,0.8871,0.8209
1959,AL_154,AL,numeric,raw,median,0.457,0.7467,0.8527,0.8871,0.8209
1960,AL_154,AL,numeric,sig4figs,median,0.457,0.7467,0.8527,0.8871,0.8209
1961,AL_160,AL,numeric,raw,mean,0.457,0.7467,0.8527,0.8871,0.8209
1962,AL_160,AL,numeric,raw,median,0.457,0.7467,0.8527,0.8871,0.8209
1963,AL_186,AL,numeric,significand,median,0.2661,0.7467,0.8527,0.8871,0.8209
1964,AL_224,AL,numeric,significand,mean,0.6505,0.7467,0.8527,0.8871,0.8209
1965,AL_224,AL,numeric,significand,median,0.6505,0.7467,0.8527,0.8871,0.8209
1966,AL_298,AL,numeric,raw,median,0.3387,0.7467,0.8527,0.8871,0.8209
1967,AL_298,AL,numeric,sig4figs,median,0.3387,0.7467,0.8527,0.8871,0.8209
1968,EK_8,EK,numeric,raw,mean,0.0296,0.7467,0.8527,0.8871,0.8209
1969,EK_8,EK,numeric,significand,mean,0.0296,0.7467,0.8527,0.8871,0.8209
1970,AL_14,AL,numeric,raw,mean,0.4086,0.7467,0.8504,0.871,0.8308
1971,AL_313,AL,numeric,sig4figs,mean,0.3387,0.7467,0.8504,0.871,0.8308
1972,AL_313,AL,numeric,sig4figs,median,0.3387,0.7467,0.8504,0.871,0.8308
1973,AL_127,AL,numeric,significand,mean,0.457,0.7467,0.848,0.8548,0.8413
1974,AL_127,AL,numeric,significand,median,0.457,0.7467,0.848,0.8548,0.8413
1975,AL_302,AL,numeric,significand,mean,0.3387,0.7467,0.848,0.8548,0.8413
1976,AL_302,AL,numeric,significand,median,0.3387,0.7467,0.848,0.8548,0.8413
1977,AL_319,AL,numeric,raw,mean,0.3387,0.7467,0.848,0.8548,0.8413
1978,AL_333,AL,numeric,sig4figs,mean,0.3387,0.7467,0.848,0.8548,0.8413
1979,AL_333,AL,numeric,sig4figs,median,0.3387,0.7467,0.848,0.8548,0.8413
1980,AL_10,AL,numeric,raw,mean,0.4086,0.7333,0.8462,0.8871,0.8088
1981,AL_10,AL,numeric,raw,median,0.4086,0.7333,0.8462,0.8871,0.8088
1982,AL_10,AL,numeric,sig4figs,mean,0.4086,0.7333,0.8462,0.8871,0.8088
1983,AL_10,AL,numeric,sig4figs,median,0.4086,0.7333,0.8462,0.8871,0.8088
1984,AL_11,AL,numeric,raw,median,0.4086,0.7333,0.8462,0.8871,0.8088
1985,AL_11,AL,numeric,sig4figs,median,0.4086,0.7333,0.8462,0.8871,0.8088
1986,AL_14,AL,numeric,significand,median,0.4086,0.7333,0.8462,0.8871,0.8088
1987,AL_25,AL,numeric,significand,median,0.672,0.7333,0.8462,0.8871,0.8088
1988,AL_61,AL,numeric,raw,median,0.5806,0.7333,0.8462,0.8871,0.8088
1989,AL_61,AL,numeric,sig4figs,median,0.5806,0.7333,0.8462,0.8871,0.8088
1990,AL_100,AL,numeric,raw,mean,0.457,0.7333,0.8462,0.8871,0.8088
1991,AL_100,AL,numeric,sig4figs,mean,0.457,0.7333,0.8462,0.8871,0.8088
1992,AL_109,AL,numeric,significand,mean,0.457,0.7333,0.8462,0.8871,0.8088
1993,AL_109,AL,numeric,significand,median,0.457,0.7333,0.8462,0.8871,0.8088
1994,AL_121,AL,numeric,significand,mean,0.457,0.7333,0.8462,0.8871,0.8088
1995,AL_121,AL,numeric,significand,median,0.457,0.7333,0.8462,0.8871,0.8088
1996,AL_133,AL,numeric,raw,median,0.457,0.7333,0.8462,0.8871,0.8088
1997,AL_133,AL,numeric,sig4figs,median,0.457,0.7333,0.8462,0.8871,0.8088
1998,AL_235,AL,numeric,raw,mean,0.6505,0.7333,0.8462,0.8871,0.8088
1999,AL_235,AL,numeric,raw,median,0.6505,0.7333,0.8462,0.8871,0.8088
2000,AL_235,AL,numeric,sig4figs,mean,0.6505,0.7333,0.8462,0.8871,0.8088
2001,AL_235,AL,numeric,sig4figs,median,0.6505,0.7333,0.8462,0.8871,0.8088
2002,AL_241,AL,numeric,raw,mean,0.6505,0.7333,0.8462,0.8871,0.8088
2003,AL_241,AL,numeric,raw,median,0.6505,0.7333,0.8462,0.8871,0.8088
2004,AL_275,AL,numeric,significand,mean,0.6505,0.7333,0.8462,0.8871,0.8088
2005,AL_275,AL,numeric,significand,median,0.6505,0.7333,0.8462,0.8871,0.8088
2006,AL_318,AL,numeric,sig4figs,mean,0.3387,0.7333,0.8462,0.8871,0.8088
2007,AL_318,AL,numeric,sig4figs,median,0.3387,0.7333,0.8462,0.8871,0.8088
2008,AL_15,AL,numeric,raw,median,0.4086,0.7333,0.8438,0.871,0.8182
2009,AL_148,AL,numeric,raw,mean,0.457,0.7333,0.8438,0.871,0.8182
2010,AL_148,AL,numeric,raw,median,0.457,0.7333,0.8438,0.871,0.8182
2011,AL_148,AL,numeric,sig4figs,mean,0.457,0.7333,0.8438,0.871,0.8182
2012,AL_148,AL,numeric,sig4figs,median,0.457,0.7333,0.8438,0.871,0.8182
2013,AL_154,AL,numeric,raw,mean,0.457,0.7333,0.8438,0.871,0.8182
2014,AL_154,AL,numeric,sig4figs,mean,0.457,0.7333,0.8438,0.871,0.8182
2015,AL_157,AL,numeric,significand,mean,0.457,0.7333,0.8438,0.871,0.8182
2016,AL_157,AL,numeric,significand,median,0.457,0.7333,0.8438,0.871,0.8182
2017,AL_296,AL,numeric,sig4figs,mean,0.3387,0.7333,0.8438,0.871,0.8182
2018,AL_296,AL,numeric,sig4figs,median,0.3387,0.7333,0.8438,0.871,0.8182
2019,AL_318,AL,numeric,raw,mean,0.3387,0.7333,0.8438,0.871,0.8182
2020,AL_318,AL,numeric,raw,median,0.3387,0.7333,0.8438,0.871,0.8182
2021,AL_331,AL,numeric,sig4figs,median,0.3387,0.7333,0.8438,0.871,0.8182
2022,EK_8,EK,numeric,raw,median,0.0296,0.7333,0.8438,0.871,0.8182
2023,AL_14,AL,numeric,raw,median,0.4086,0.7333,0.8413,0.8548,0.8281
2024,AL_14,AL,numeric,sig4figs,median,0.4086,0.7333,0.8413,0.8548,0.8281
2025,AL_323,AL,numeric,significand,median,0.3387,0.7333,0.8413,0.8548,0.8281
2026,AL_61,AL,numeric,raw,mean,0.5806,0.72,0.8372,0.871,0.806
2027,AL_61,AL,numeric,sig4figs,mean,0.5806,0.72,0.8372,0.871,0.806
2028,AL_100,AL,numeric,raw,median,0.457,0.72,0.8372,0.871,0.806
2029,AL_100,AL,numeric,sig4figs,median,0.457,0.72,0.8372,0.871,0.806
2030,AL_117,AL,numeric,raw,mean,0.457,0.72,0.8372,0.871,0.806
2031,AL_117,AL,numeric,sig4figs,mean,0.457,0.72,0.8372,0.871,0.806
2032,AL_117,AL,numeric,sig4figs,median,0.457,0.72,0.8372,0.871,0.806
2033,AL_174,AL,numeric,significand,mean,0.457,0.72,0.8372,0.871,0.806
2034,AL_174,AL,numeric,significand,median,0.457,0.72,0.8372,0.871,0.806
2035,AL_247,AL,numeric,significand,mean,0.6505,0.72,0.8372,0.871,0.806
2036,AL_247,AL,numeric,significand,median,0.6505,0.72,0.8372,0.871,0.806
2037,AL_329,AL,numeric,raw,mean,0.3387,0.72,0.8372,0.871,0.806
2038,AL_329,AL,numeric,raw,median,0.3387,0.72,0.8372,0.871,0.806
2039,AL_329,AL,numeric,sig4figs,mean,0.3387,0.72,0.8372,0.871,0.806
2040,AL_329,AL,numeric,sig4figs,median,0.3387,0.72,0.8372,0.871,0.806
2041,AL_109,AL,numeric,raw,median,0.457,0.72,0.8346,0.8548,0.8154
2042,AL_109,AL,numeric,sig4figs,median,0.457,0.72,0.8346,0.8548,0.8154
2043,AL_298,AL,numeric,significand,mean,0.3387,0.72,0.8346,0.8548,0.8154
2044,AL_311,AL,numeric,raw,mean,0.3387,0.72,0.8346,0.8548,0.8154
2045,AL_311,AL,numeric,sig4figs,mean,0.3387,0.72,0.8346,0.8548,0.8154
2046,AL_331,AL,numeric,raw,mean,0.3387,0.72,0.8346,0.8548,0.8154
2047,AL_331,AL,numeric,raw,median,0.3387,0.72,0.8346,0.8548,0.8154
2048,AL_331,AL,numeric,sig4figs,mean,0.3387,0.72,0.8346,0.8548,0.8154
2049,EK_8,EK,numeric,significand,median,0.0296,0.72,0.8346,0.8548,0.8154
2050,AL_12,AL,numeric,raw,mean,0.4086,0.72,0.832,0.8387,0.8254
2051,AL_12,AL,numeric,sig4figs,mean,0.4086,0.72,0.832,0.8387,0.8254
2052,AL_311,AL,numeric,raw,median,0.3387,0.72,0.832,0.8387,0.8254
2053,AL_311,AL,numeric,sig4figs,median,0.3387,0.72,0.832,0.8387,0.8254
2054,AL_11,AL,numeric,raw,mean,0.4086,0.7067,0.8281,0.8548,0.803
2055,AL_11,AL,numeric,sig4figs,mean,0.4086,0.7067,0.8281,0.8548,0.803
2056,AL_318,AL,numeric,significand,mean,0.3387,0.7067,0.8197,0.8065,0.8333
2057,AL_323,AL,numeric,sig4figs,median,0.3387,0.6933,0.8189,0.8387,0.8
2058,AL_157,AL,numeric,raw,mean,0.457,0.6933,0.816,0.8226,0.8095
2059,AL_157,AL,numeric,sig4figs,mean,0.457,0.6933,0.816,0.8226,0.8095
2060,AL_298,AL,numeric,significand,median,0.3387,0.6933,0.816,0.8226,0.8095
2061,AL_323,AL,numeric,raw,median,0.3387,0.6933,0.816,0.8226,0.8095
2062,AL_323,AL,numeric,sig4figs,mean,0.3387,0.6933,0.816,0.8226,0.8095
2063,AL_157,AL,numeric,raw,median,0.457,0.6933,0.813,0.8065,0.8197
2064,AL_157,AL,numeric,sig4figs,median,0.457,0.6933,0.813,0.8065,0.8197
2065,AL_318,AL,numeric,significand,median,0.3387,0.6933,0.8099,0.7903,0.8305
2066,AL_323,AL,numeric,raw,mean,0.3387,0.6933,0.8099,0.7903,0.8305
