rank,feature,prefix,kind,transform,imputation,na_fraction,accuracy,f1,recall,precision
1,AL_22,AL,numeric,significand,mean,0.6856,0.8333,0.887,0.9444,0.8361
2,EK_2,EK,numeric,raw,median,0.0593,0.8333,0.8829,0.9074,0.8596
3,AL_22,AL,numeric,significand,median,0.6856,0.8205,0.8772,0.9259,0.8333
4,AL_209,AL,numeric,raw,median,0.6985,0.8077,0.876,0.9815,0.791
5,AL_209,AL,numeric,significand,median,0.6985,0.8077,0.876,0.9815,0.791
6,AL_209,AL,numeric,sig4figs,median,0.6985,0.8077,0.876,0.9815,0.791
7,AL_215,AL,numeric,raw,mean,0.7732,0.8077,0.876,0.9815,0.791
8,AL_215,AL,numeric,raw,median,0.7732,0.8077,0.876,0.9815,0.791
9,AL_215,AL,numeric,sig4figs,mean,0.7732,0.8077,0.876,0.9815,0.791
10,AL_215,AL,numeric,sig4figs,median,0.7732,0.8077,0.876,0.9815,0.791
11,EK_2,EK,numeric,raw,mean,0.0593,0.8205,0.8727,0.8889,0.8571
12,EK_2,EK,numeric,sig4figs,median,0.0593,0.8205,0.8727,0.8889,0.8571
13,AL_23,AL,numeric,raw,mean,0.6856,0.8077,0.8718,0.9444,0.8095
14,AL_23,AL,numeric,raw,median,0.6856,0.8077,0.8718,0.9444,0.8095
15,AL_23,AL,numeric,sig4figs,mean,0.6856,0.8077,0.8718,0.9444,0.8095
16,AL_23,AL,numeric,sig4figs,median,0.6856,0.8077,0.8718,0.9444,0.8095
17,EK_7,EK,numeric,raw,mean,0.0593,0.8205,0.8704,0.8704,0.8704
18,EK_7,EK,numeric,sig4figs,mean,0.0593,0.8205,0.8704,0.8704,0.8704
19,AL_21,AL,numeric,significand,mean,0.6856,0.8077,0.8696,0.9259,0.8197
20,AL_21,AL,numeric,significand,median,0.6856,0.8077,0.8696,0.9259,0.8197
21,AL_23,AL,numeric,significand,mean,0.6856,0.7949,0.8689,0.9815,0.7794
22,AL_23,AL,numeric,significand,median,0.6856,0.7949,0.8689,0.9815,0.7794
23,EK_9,EK,numeric,raw,mean,0.0619,0.8077,0.8673,0.9074,0.8305
24,EK_9,EK,numeric,sig4figs,mean,0.0619,0.8077,0.8673,0.9074,0.8305
25,AL_25,AL,numeric,significand,mean,0.6856,0.7949,0.8667,0.963,0.7879
26,AL_25,AL,numeric,significand,median,0.6856,0.7949,0.8667,0.963,0.7879
27,AL_260,AL,numeric,raw,mean,0.6985,0.7949,0.8667,0.963,0.7879
28,AL_260,AL,numeric,raw,median,0.6985,0.7949,0.8667,0.963,0.7879
29,AL_260,AL,numeric,sig4figs,mean,0.6985,0.7949,0.8667,0.963,0.7879
30,AL_260,AL,numeric,sig4figs,median,0.6985,0.7949,0.8667,0.963,0.7879
31,EK_7,EK,numeric,raw,median,0.0593,0.8077,0.8649,0.8889,0.8421
32,AL_18,AL,numeric,raw,median,0.6856,0.7949,0.8644,0.9444,0.7969
33,AL_18,AL,numeric,sig4figs,median,0.6856,0.7949,0.8644,0.9444,0.7969
34,AL_25,AL,numeric,raw,mean,0.6856,0.7949,0.8644,0.9444,0.7969
35,AL_25,AL,numeric,raw,median,0.6856,0.7949,0.8644,0.9444,0.7969
36,AL_25,AL,numeric,sig4figs,mean,0.6856,0.7949,0.8644,0.9444,0.7969
37,AL_25,AL,numeric,sig4figs,median,0.6856,0.7949,0.8644,0.9444,0.7969
38,AL_226,AL,numeric,raw,mean,0.6985,0.7949,0.8644,0.9444,0.7969
39,AL_226,AL,numeric,raw,median,0.6985,0.7949,0.8644,0.9444,0.7969
40,AL_226,AL,numeric,sig4figs,mean,0.6985,0.7949,0.8644,0.9444,0.7969
41,AL_226,AL,numeric,sig4figs,median,0.6985,0.7949,0.8644,0.9444,0.7969
42,AL_271,AL,numeric,raw,mean,0.6985,0.7949,0.8644,0.9444,0.7969
43,AL_271,AL,numeric,raw,median,0.6985,0.7949,0.8644,0.9444,0.7969
44,AL_271,AL,numeric,sig4figs,mean,0.6985,0.7949,0.8644,0.9444,0.7969
45,AL_271,AL,numeric,sig4figs,median,0.6985,0.7949,0.8644,0.9444,0.7969
46,AL_1,AL,numeric,raw,median,0.884,0.7821,0.864,1.0,0.7606
47,AL_1,AL,numeric,significand,median,0.884,0.7821,0.864,1.0,0.7606
48,AL_1,AL,numeric,sig4figs,median,0.884,0.7821,0.864,1.0,0.7606
49,AL_2,AL,numeric,raw,mean,0.884,0.7821,0.864,1.0,0.7606
50,AL_2,AL,numeric,raw,median,0.884,0.7821,0.864,1.0,0.7606
51,AL_2,AL,numeric,sig4figs,mean,0.884,0.7821,0.864,1.0,0.7606
52,AL_2,AL,numeric,sig4figs,median,0.884,0.7821,0.864,1.0,0.7606
53,AL_3,AL,numeric,raw,mean,0.884,0.7821,0.864,1.0,0.7606
54,AL_3,AL,numeric,raw,median,0.884,0.7821,0.864,1.0,0.7606
55,AL_3,AL,numeric,sig4figs,mean,0.884,0.7821,0.864,1.0,0.7606
56,AL_3,AL,numeric,sig4figs,median,0.884,0.7821,0.864,1.0,0.7606
57,AL_4,AL,numeric,raw,median,0.884,0.7821,0.864,1.0,0.7606
58,AL_4,AL,numeric,significand,mean,0.884,0.7821,0.864,1.0,0.7606
59,AL_4,AL,numeric,significand,median,0.884,0.7821,0.864,1.0,0.7606
60,AL_4,AL,numeric,sig4figs,median,0.884,0.7821,0.864,1.0,0.7606
61,AL_5,AL,numeric,significand,mean,0.884,0.7821,0.864,1.0,0.7606
62,AL_5,AL,numeric,significand,median,0.884,0.7821,0.864,1.0,0.7606
63,AL_5,AL,numeric,sig4figs,mean,0.884,0.7821,0.864,1.0,0.7606
64,AL_6,AL,numeric,raw,mean,0.884,0.7821,0.864,1.0,0.7606
65,AL_6,AL,numeric,raw,median,0.884,0.7821,0.864,1.0,0.7606
66,AL_6,AL,numeric,significand,mean,0.884,0.7821,0.864,1.0,0.7606
67,AL_6,AL,numeric,significand,median,0.884,0.7821,0.864,1.0,0.7606
68,AL_6,AL,numeric,sig4figs,mean,0.884,0.7821,0.864,1.0,0.7606
69,AL_6,AL,numeric,sig4figs,median,0.884,0.7821,0.864,1.0,0.7606
70,EK_2,EK,numeric,sig4figs,mean,0.0593,0.8077,0.8624,0.8704,0.8545
71,AL_19,AL,numeric,significand,median,0.6856,0.7949,0.8621,0.9259,0.8065
72,AL_24,AL,numeric,raw,mean,0.6856,0.7949,0.8621,0.9259,0.8065
73,AL_24,AL,numeric,raw,median,0.6856,0.7949,0.8621,0.9259,0.8065
74,AL_24,AL,numeric,sig4figs,mean,0.6856,0.7949,0.8621,0.9259,0.8065
75,AL_24,AL,numeric,sig4figs,median,0.6856,0.7949,0.8621,0.9259,0.8065
76,AL_268,AL,numeric,raw,median,0.6985,0.7821,0.8618,0.9815,0.7681
77,AL_268,AL,numeric,significand,median,0.6985,0.7821,0.8618,0.9815,0.7681
78,AL_268,AL,numeric,sig4figs,median,0.6985,0.7821,0.8618,0.9815,0.7681
79,EK_7,EK,numeric,sig4figs,median,0.0593,0.8077,0.8598,0.8519,0.8679
80,AL_20,AL,numeric,significand,mean,0.6856,0.7949,0.8596,0.9074,0.8167
81,AL_20,AL,numeric,significand,median,0.6856,0.7949,0.8596,0.9074,0.8167
82,AL_22,AL,numeric,raw,mean,0.6856,0.7949,0.8596,0.9074,0.8167
83,AL_22,AL,numeric,raw,median,0.6856,0.7949,0.8596,0.9074,0.8167
84,AL_22,AL,numeric,sig4figs,mean,0.6856,0.7949,0.8596,0.9074,0.8167
85,AL_22,AL,numeric,sig4figs,median,0.6856,0.7949,0.8596,0.9074,0.8167
86,AL_1,AL,numeric,raw,mean,0.884,0.7692,0.8571,1.0,0.75
87,AL_1,AL,numeric,sig4figs,mean,0.884,0.7692,0.8571,1.0,0.75
88,AL_2,AL,numeric,significand,mean,0.884,0.7692,0.8571,1.0,0.75
89,AL_2,AL,numeric,significand,median,0.884,0.7692,0.8571,1.0,0.75
90,AL_3,AL,numeric,significand,mean,0.884,0.7692,0.8571,1.0,0.75
91,AL_3,AL,numeric,significand,median,0.884,0.7692,0.8571,1.0,0.75
92,AL_5,AL,numeric,raw,mean,0.884,0.7692,0.8571,1.0,0.75
93,AL_27,AL,numeric,raw,mean,0.8995,0.7692,0.8571,1.0,0.75
94,AL_27,AL,numeric,significand,mean,0.8995,0.7692,0.8571,1.0,0.75
95,AL_27,AL,numeric,sig4figs,mean,0.8995,0.7692,0.8571,1.0,0.75
96,AL_28,AL,numeric,raw,mean,0.8995,0.7692,0.8571,1.0,0.75
97,AL_28,AL,numeric,raw,median,0.8995,0.7692,0.8571,1.0,0.75
98,AL_28,AL,numeric,significand,mean,0.8995,0.7692,0.8571,1.0,0.75
99,AL_28,AL,numeric,significand,median,0.8995,0.7692,0.8571,1.0,0.75
100,AL_28,AL,numeric,sig4figs,mean,0.8995,0.7692,0.8571,1.0,0.75
101,AL_28,AL,numeric,sig4figs,median,0.8995,0.7692,0.8571,1.0,0.75
102,AL_29,AL,numeric,significand,mean,0.8995,0.7692,0.8571,1.0,0.75
103,AL_30,AL,numeric,significand,median,0.8995,0.7692,0.8571,1.0,0.75
104,AL_31,AL,numeric,raw,mean,0.8995,0.7692,0.8571,1.0,0.75
105,AL_31,AL,numeric,sig4figs,mean,0.8995,0.7692,0.8571,1.0,0.75
106,AL_32,AL,numeric,raw,median,0.8995,0.7692,0.8571,1.0,0.75
107,AL_32,AL,numeric,significand,mean,0.8995,0.7692,0.8571,1.0,0.75
108,AL_32,AL,numeric,significand,median,0.8995,0.7692,0.8571,1.0,0.75
109,AL_32,AL,numeric,sig4figs,median,0.8995,0.7692,0.8571,1.0,0.75
110,AL_33,AL,numeric,raw,mean,0.8995,0.7692,0.8571,1.0,0.75
111,AL_33,AL,numeric,significand,mean,0.8995,0.7692,0.8571,1.0,0.75
112,AL_33,AL,numeric,sig4figs,mean,0.8995,0.7692,0.8571,1.0,0.75
113,AL_34,AL,numeric,raw,mean,0.8995,0.7692,0.8571,1.0,0.75
114,AL_34,AL,numeric,raw,median,0.8995,0.7692,0.8571,1.0,0.75
115,AL_34,AL,numeric,significand,mean,0.8995,0.7692,0.8571,1.0,0.75
116,AL_34,AL,numeric,significand,median,0.8995,0.7692,0.8571,1.0,0.75
117,AL_34,AL,numeric,sig4figs,mean,0.8995,0.7692,0.8571,1.0,0.75
118,AL_34,AL,numeric,sig4figs,median,0.8995,0.7692,0.8571,1.0,0.75
119,AL_35,AL,numeric,raw,mean,0.8995,0.7692,0.8571,1.0,0.75
120,AL_35,AL,numeric,significand,mean,0.8995,0.7692,0.8571,1.0,0.75
121,AL_35,AL,numeric,sig4figs,mean,0.8995,0.7692,0.8571,1.0,0.75
122,AL_36,AL,numeric,significand,mean,0.8995,0.7692,0.8571,1.0,0.75
123,AL_36,AL,numeric,significand,median,0.8995,0.7692,0.8571,1.0,0.75
124,AL_37,AL,numeric,raw,mean,0.8995,0.7692,0.8571,1.0,0.75
125,AL_37,AL,numeric,raw,median,0.8995,0.7692,0.8571,1.0,0.75
126,AL_37,AL,numeric,significand,mean,0.8995,0.7692,0.8571,1.0,0.75
127,AL_37,AL,numeric,sig4figs,mean,0.8995,0.7692,0.8571,1.0,0.75
128,AL_37,AL,numeric,sig4figs,median,0.8995,0.7692,0.8571,1.0,0.75
129,AL_38,AL,numeric,raw,mean,0.8995,0.7692,0.8571,1.0,0.75
130,AL_38,AL,numeric,significand,mean,0.8995,0.7692,0.8571,1.0,0.75
131,AL_38,AL,numeric,significand,median,0.8995,0.7692,0.8571,1.0,0.75
132,AL_38,AL,numeric,sig4figs,mean,0.8995,0.7692,0.8571,1.0,0.75
133,AL_24,AL,numeric,significand,mean,0.6856,0.7821,0.8571,0.9444,0.7846
134,AL_24,AL,numeric,significand,median,0.6856,0.7821,0.8571,0.9444,0.7846
135,AL_251,AL,numeric,raw,mean,0.7216,0.7821,0.8571,0.9444,0.7846
136,AL_251,AL,numeric,raw,median,0.7216,0.7821,0.8571,0.9444,0.7846
137,AL_251,AL,numeric,sig4figs,mean,0.7216,0.7821,0.8571,0.9444,0.7846
138,AL_251,AL,numeric,sig4figs,median,0.7216,0.7821,0.8571,0.9444,0.7846
139,AL_260,AL,numeric,significand,median,0.6985,0.7821,0.8571,0.9444,0.7846
140,AL_16,AL,numeric,raw,median,0.6856,0.7949,0.8571,0.8889,0.8276
141,AL_16,AL,numeric,sig4figs,median,0.6856,0.7949,0.8571,0.8889,0.8276
142,EK_4,EK,numeric,significand,mean,0.0593,0.7949,0.8571,0.8889,0.8276
143,EK_4,EK,numeric,significand,median,0.0593,0.7949,0.8571,0.8889,0.8276
144,EK_9,EK,numeric,raw,median,0.0619,0.7949,0.8571,0.8889,0.8276
145,EK_9,EK,numeric,sig4figs,median,0.0619,0.7949,0.8571,0.8889,0.8276
146,AL_18,AL,numeric,raw,mean,0.6856,0.7821,0.8547,0.9259,0.7937
147,AL_18,AL,numeric,sig4figs,mean,0.6856,0.7821,0.8547,0.9259,0.7937
148,AL_214,AL,numeric,raw,mean,0.7732,0.7821,0.8547,0.9259,0.7937
149,AL_214,AL,numeric,significand,mean,0.7732,0.7821,0.8547,0.9259,0.7937
150,AL_214,AL,numeric,sig4figs,mean,0.7732,0.7821,0.8547,0.9259,0.7937
151,AL_217,AL,numeric,raw,mean,0.7732,0.7821,0.8547,0.9259,0.7937
152,AL_217,AL,numeric,significand,mean,0.7732,0.7821,0.8547,0.9259,0.7937
153,AL_217,AL,numeric,sig4figs,mean,0.7732,0.7821,0.8547,0.9259,0.7937
154,AL_17,AL,numeric,raw,mean,0.6856,0.7821,0.8522,0.9074,0.8033
155,AL_17,AL,numeric,raw,median,0.6856,0.7821,0.8522,0.9074,0.8033
156,AL_17,AL,numeric,sig4figs,mean,0.6856,0.7821,0.8522,0.9074,0.8033
157,AL_17,AL,numeric,sig4figs,median,0.6856,0.7821,0.8522,0.9074,0.8033
158,AL_19,AL,numeric,raw,mean,0.6856,0.7821,0.8522,0.9074,0.8033
159,AL_19,AL,numeric,raw,median,0.6856,0.7821,0.8522,0.9074,0.8033
160,AL_19,AL,numeric,significand,mean,0.6856,0.7821,0.8522,0.9074,0.8033
161,AL_19,AL,numeric,sig4figs,mean,0.6856,0.7821,0.8522,0.9074,0.8033
162,AL_19,AL,numeric,sig4figs,median,0.6856,0.7821,0.8522,0.9074,0.8033
163,AL_239,AL,numeric,raw,mean,0.6985,0.7821,0.8522,0.9074,0.8033
164,AL_239,AL,numeric,raw,median,0.6985,0.7821,0.8522,0.9074,0.8033
165,AL_239,AL,numeric,sig4figs,mean,0.6985,0.7821,0.8522,0.9074,0.8033
166,AL_239,AL,numeric,sig4figs,median,0.6985,0.7821,0.8522,0.9074,0.8033
167,AL_1,AL,numeric,significand,mean,0.884,0.7564,0.8504,1.0,0.7397
168,AL_4,AL,numeric,raw,mean,0.884,0.7564,0.8504,1.0,0.7397
169,AL_4,AL,numeric,sig4figs,mean,0.884,0.7564,0.8504,1.0,0.7397
170,AL_5,AL,numeric,raw,median,0.884,0.7564,0.8504,1.0,0.7397
171,AL_5,AL,numeric,sig4figs,median,0.884,0.7564,0.8504,1.0,0.7397
172,AL_29,AL,numeric,raw,mean,0.8995,0.7564,0.8504,1.0,0.7397
173,AL_29,AL,numeric,sig4figs,mean,0.8995,0.7564,0.8504,1.0,0.7397
174,AL_30,AL,numeric,raw,mean,0.8995,0.7564,0.8504,1.0,0.7397
175,AL_30,AL,numeric,raw,median,0.8995,0.7564,0.8504,1.0,0.7397
176,AL_30,AL,numeric,significand,mean,0.8995,0.7564,0.8504,1.0,0.7397
177,AL_30,AL,numeric,sig4figs,mean,0.8995,0.7564,0.8504,1.0,0.7397
178,AL_30,AL,numeric,sig4figs,median,0.8995,0.7564,0.8504,1.0,0.7397
179,AL_31,AL,numeric,significand,mean,0.8995,0.7564,0.8504,1.0,0.7397
180,AL_32,AL,numeric,raw,mean,0.8995,0.7564,0.8504,1.0,0.7397
181,AL_32,AL,numeric,sig4figs,mean,0.8995,0.7564,0.8504,1.0,0.7397
182,AL_36,AL,numeric,raw,median,0.8995,0.7564,0.8504,1.0,0.7397
183,AL_36,AL,numeric,sig4figs,median,0.8995,0.7564,0.8504,1.0,0.7397
184,AL_242,AL,numeric,raw,median,0.6985,0.7692,0.85,0.9444,0.7727
185,AL_242,AL,numeric,significand,median,0.6985,0.7692,0.85,0.9444,0.7727
186,AL_242,AL,numeric,sig4figs,median,0.6985,0.7692,0.85,0.9444,0.7727
187,AL_260,AL,numeric,significand,mean,0.6985,0.7692,0.85,0.9444,0.7727
188,AL_16,AL,numeric,raw,mean,0.6856,0.7821,0.8496,0.8889,0.8136
189,AL_16,AL,numeric,sig4figs,mean,0.6856,0.7821,0.8496,0.8889,0.8136
190,EK_4,EK,numeric,raw,mean,0.0593,0.7821,0.8496,0.8889,0.8136
191,EK_4,EK,numeric,raw,median,0.0593,0.7821,0.8496,0.8889,0.8136
192,AL_21,AL,numeric,raw,mean,0.6856,0.7692,0.8475,0.9259,0.7812
193,AL_21,AL,numeric,raw,median,0.6856,0.7692,0.8475,0.9259,0.7812
194,AL_21,AL,numeric,sig4figs,mean,0.6856,0.7692,0.8475,0.9259,0.7812
195,AL_21,AL,numeric,sig4figs,median,0.6856,0.7692,0.8475,0.9259,0.7812
196,AL_243,AL,numeric,raw,mean,0.6985,0.7692,0.8475,0.9259,0.7812
197,AL_243,AL,numeric,raw,median,0.6985,0.7692,0.8475,0.9259,0.7812
198,AL_243,AL,numeric,sig4figs,mean,0.6985,0.7692,0.8475,0.9259,0.7812
199,AL_243,AL,numeric,sig4figs,median,0.6985,0.7692,0.8475,0.9259,0.7812
200,AL_262,AL,numeric,significand,mean,0.6985,0.7692,0.8475,0.9259,0.7812
201,AL_262,AL,numeric,significand,median,0.6985,0.7692,0.8475,0.9259,0.7812
202,AL_237,AL,numeric,significand,median,0.6985,0.7564,0.8455,0.963,0.7536
203,AL_281,AL,numeric,raw,median,0.6985,0.7564,0.8455,0.963,0.7536
204,AL_281,AL,numeric,significand,median,0.6985,0.7564,0.8455,0.963,0.7536
205,AL_281,AL,numeric,sig4figs,median,0.6985,0.7564,0.8455,0.963,0.7536
206,AL_29,AL,numeric,raw,median,0.8995,0.7436,0.8438,1.0,0.7297
207,AL_29,AL,numeric,sig4figs,median,0.8995,0.7436,0.8438,1.0,0.7297
208,AL_31,AL,numeric,raw,median,0.8995,0.7436,0.8438,1.0,0.7297
209,AL_31,AL,numeric,sig4figs,median,0.8995,0.7436,0.8438,1.0,0.7297
210,AL_37,AL,numeric,significand,median,0.8995,0.7436,0.8438,1.0,0.7297
211,AL_38,AL,numeric,raw,median,0.8995,0.7436,0.8438,1.0,0.7297
212,AL_38,AL,numeric,sig4figs,median,0.8995,0.7436,0.8438,1.0,0.7297
213,AL_262,AL,numeric,sig4figs,mean,0.6985,0.7564,0.843,0.9444,0.7612
214,AL_262,AL,numeric,sig4figs,median,0.6985,0.7564,0.843,0.9444,0.7612
215,AL_18,AL,numeric,significand,mean,0.6856,0.7564,0.8403,0.9259,0.7692
216,AL_18,AL,numeric,significand,median,0.6856,0.7564,0.8403,0.9259,0.7692
217,EK_3,EK,numeric,raw,mean,0.3325,0.7564,0.8403,0.9259,0.7692
218,AL_194,AL,numeric,raw,mean,0.6985,0.7564,0.8403,0.9259,0.7692
219,AL_194,AL,numeric,raw,median,0.6985,0.7564,0.8403,0.9259,0.7692
220,AL_194,AL,numeric,sig4figs,mean,0.6985,0.7564,0.8403,0.9259,0.7692
221,AL_194,AL,numeric,sig4figs,median,0.6985,0.7564,0.8403,0.9259,0.7692
222,AL_219,AL,numeric,raw,mean,0.6985,0.7564,0.8403,0.9259,0.7692
223,AL_219,AL,numeric,raw,median,0.6985,0.7564,0.8403,0.9259,0.7692
224,AL_219,AL,numeric,sig4figs,mean,0.6985,0.7564,0.8403,0.9259,0.7692
225,AL_219,AL,numeric,sig4figs,median,0.6985,0.7564,0.8403,0.9259,0.7692
226,AL_243,AL,numeric,significand,mean,0.6985,0.7564,0.8403,0.9259,0.7692
227,AL_243,AL,numeric,significand,median,0.6985,0.7564,0.8403,0.9259,0.7692
228,AL_290,AL,numeric,raw,median,0.6985,0.7564,0.8403,0.9259,0.7692
229,AL_290,AL,numeric,significand,median,0.6985,0.7564,0.8403,0.9259,0.7692
230,AL_290,AL,numeric,sig4figs,median,0.6985,0.7564,0.8403,0.9259,0.7692
231,AL_184,AL,numeric,raw,mean,0.732,0.7692,0.8393,0.8704,0.8103
232,AL_184,AL,numeric,sig4figs,mean,0.732,0.7692,0.8393,0.8704,0.8103
233,EK_4,EK,numeric,sig4figs,median,0.0593,0.7692,0.8393,0.8704,0.8103
234,AL_237,AL,numeric,raw,median,0.6985,0.7436,0.8387,0.963,0.7429
235,AL_237,AL,numeric,sig4figs,median,0.6985,0.7436,0.8387,0.963,0.7429
236,AL_250,AL,numeric,raw,median,0.7216,0.7436,0.8387,0.963,0.7429
237,AL_250,AL,numeric,significand,median,0.7216,0.7436,0.8387,0.963,0.7429
238,AL_250,AL,numeric,sig4figs,median,0.7216,0.7436,0.8387,0.963,0.7429
239,AL_254,AL,numeric,raw,median,0.6985,0.7436,0.8387,0.963,0.7429
240,AL_254,AL,numeric,significand,median,0.6985,0.7436,0.8387,0.963,0.7429
241,AL_254,AL,numeric,sig4figs,median,0.6985,0.7436,0.8387,0.963,0.7429
242,AL_203,AL,numeric,raw,mean,0.6985,0.7564,0.8376,0.9074,0.7778
243,AL_203,AL,numeric,raw,median,0.6985,0.7564,0.8376,0.9074,0.7778
244,AL_203,AL,numeric,sig4figs,mean,0.6985,0.7564,0.8376,0.9074,0.7778
245,AL_203,AL,numeric,sig4figs,median,0.6985,0.7564,0.8376,0.9074,0.7778
246,AL_224,AL,numeric,raw,mean,0.6985,0.7564,0.8376,0.9074,0.7778
247,AL_224,AL,numeric,raw,median,0.6985,0.7564,0.8376,0.9074,0.7778
248,AL_224,AL,numeric,sig4figs,mean,0.6985,0.7564,0.8376,0.9074,0.7778
249,AL_224,AL,numeric,sig4figs,median,0.6985,0.7564,0.8376,0.9074,0.7778
250,AL_230,AL,numeric,significand,mean,0.6985,0.7564,0.8376,0.9074,0.7778
251,AL_29,AL,numeric,significand,median,0.8995,0.7308,0.8372,1.0,0.72
252,AL_31,AL,numeric,significand,median,0.8995,0.7308,0.8372,1.0,0.72
253,AL_36,AL,numeric,raw,mean,0.8995,0.7308,0.8372,1.0,0.72
254,AL_36,AL,numeric,sig4figs,mean,0.8995,0.7308,0.8372,1.0,0.72
255,EK_2,EK,numeric,significand,mean,0.0593,0.7692,0.8364,0.8519,0.8214
256,AL_196,AL,numeric,significand,median,0.6985,0.7436,0.8361,0.9444,0.75
257,AL_217,AL,numeric,raw,median,0.7732,0.7436,0.8361,0.9444,0.75
258,AL_217,AL,numeric,significand,median,0.7732,0.7436,0.8361,0.9444,0.75
259,AL_217,AL,numeric,sig4figs,median,0.7732,0.7436,0.8361,0.9444,0.75
260,AL_262,AL,numeric,raw,mean,0.6985,0.7436,0.8361,0.9444,0.75
261,AL_262,AL,numeric,raw,median,0.6985,0.7436,0.8361,0.9444,0.75
262,AL_293,AL,numeric,significand,median,0.6985,0.7436,0.8361,0.9444,0.75
263,AL_230,AL,numeric,raw,median,0.6985,0.7564,0.8348,0.8889,0.7869
264,AL_230,AL,numeric,significand,median,0.6985,0.7564,0.8348,0.8889,0.7869
265,AL_230,AL,numeric,sig4figs,median,0.6985,0.7564,0.8348,0.8889,0.7869
266,AL_275,AL,numeric,raw,mean,0.6985,0.7564,0.8348,0.8889,0.7869
267,AL_275,AL,numeric,sig4figs,mean,0.6985,0.7564,0.8348,0.8889,0.7869
268,AL_214,AL,numeric,raw,median,0.7732,0.7308,0.8346,0.9815,0.726
269,AL_214,AL,numeric,significand,median,0.7732,0.7308,0.8346,0.9815,0.726
270,AL_214,AL,numeric,sig4figs,median,0.7732,0.7308,0.8346,0.9815,0.726
271,AL_20,AL,numeric,raw,mean,0.6856,0.7436,0.8333,0.9259,0.7576
272,AL_20,AL,numeric,sig4figs,mean,0.6856,0.7436,0.8333,0.9259,0.7576
273,AL_168,AL,numeric,raw,mean,0.5284,0.7436,0.8333,0.9259,0.7576
274,AL_168,AL,numeric,significand,mean,0.5284,0.7436,0.8333,0.9259,0.7576
275,AL_168,AL,numeric,sig4figs,mean,0.5284,0.7436,0.8333,0.9259,0.7576
276,AL_215,AL,numeric,significand,mean,0.7732,0.7436,0.8333,0.9259,0.7576
277,AL_215,AL,numeric,significand,median,0.7732,0.7436,0.8333,0.9259,0.7576
278,AL_228,AL,numeric,raw,median,0.6985,0.7436,0.8333,0.9259,0.7576
279,AL_228,AL,numeric,significand,median,0.6985,0.7436,0.8333,0.9259,0.7576
280,AL_228,AL,numeric,sig4figs,median,0.6985,0.7436,0.8333,0.9259,0.7576
281,AL_235,AL,numeric,raw,mean,0.6985,0.7436,0.8333,0.9259,0.7576
282,AL_235,AL,numeric,raw,median,0.6985,0.7436,0.8333,0.9259,0.7576
283,AL_235,AL,numeric,sig4figs,mean,0.6985,0.7436,0.8333,0.9259,0.7576
284,AL_235,AL,numeric,sig4figs,median,0.6985,0.7436,0.8333,0.9259,0.7576
285,AL_273,AL,numeric,significand,median,0.6985,0.7436,0.8333,0.9259,0.7576
286,AL_275,AL,numeric,significand,mean,0.6985,0.7436,0.8333,0.9259,0.7576
287,AL_275,AL,numeric,significand,median,0.6985,0.7436,0.8333,0.9259,0.7576
288,AL_283,AL,numeric,significand,median,0.6985,0.7436,0.8333,0.9259,0.7576
289,AL_287,AL,numeric,raw,mean,0.7165,0.7436,0.8333,0.9259,0.7576
290,AL_287,AL,numeric,sig4figs,mean,0.7165,0.7436,0.8333,0.9259,0.7576
291,AL_229,AL,numeric,raw,median,0.6985,0.7308,0.832,0.963,0.7324
292,AL_229,AL,numeric,significand,median,0.6985,0.7308,0.832,0.963,0.7324
293,AL_229,AL,numeric,sig4figs,median,0.6985,0.7308,0.832,0.963,0.7324
294,AL_184,AL,numeric,raw,median,0.732,0.7564,0.8319,0.8704,0.7966
295,AL_184,AL,numeric,sig4figs,median,0.732,0.7564,0.8319,0.8704,0.7966
296,EK_4,EK,numeric,sig4figs,mean,0.0593,0.7564,0.8319,0.8704,0.7966
297,AL_27,AL,numeric,raw,median,0.8995,0.7179,0.8308,1.0,0.7105
298,AL_27,AL,numeric,significand,median,0.8995,0.7179,0.8308,1.0,0.7105
299,AL_27,AL,numeric,sig4figs,median,0.8995,0.7179,0.8308,1.0,0.7105
300,AL_33,AL,numeric,raw,median,0.8995,0.7179,0.8308,1.0,0.7105
301,AL_33,AL,numeric,significand,median,0.8995,0.7179,0.8308,1.0,0.7105
302,AL_33,AL,numeric,sig4figs,median,0.8995,0.7179,0.8308,1.0,0.7105
303,AL_35,AL,numeric,raw,median,0.8995,0.7179,0.8308,1.0,0.7105
304,AL_35,AL,numeric,significand,median,0.8995,0.7179,0.8308,1.0,0.7105
305,AL_35,AL,numeric,sig4figs,median,0.8995,0.7179,0.8308,1.0,0.7105
306,AL_95,AL,numeric,raw,median,0.6418,0.7179,0.8308,1.0,0.7105
307,AL_95,AL,numeric,significand,median,0.6418,0.7179,0.8308,1.0,0.7105
308,AL_95,AL,numeric,sig4figs,median,0.6418,0.7179,0.8308,1.0,0.7105
309,AL_301,AL,numeric,significand,median,0.4897,0.7179,0.8308,1.0,0.7105
310,AL_16,AL,numeric,significand,mean,0.6856,0.7436,0.8305,0.9074,0.7656
311,AL_16,AL,numeric,significand,median,0.6856,0.7436,0.8305,0.9074,0.7656
312,AL_17,AL,numeric,significand,mean,0.6856,0.7436,0.8305,0.9074,0.7656
313,AL_17,AL,numeric,significand,median,0.6856,0.7436,0.8305,0.9074,0.7656
314,CAT_1,CAT,categorical,categorical,none,0.4278,0.7436,0.8305,0.9074,0.7656
315,EK_3,EK,numeric,raw,median,0.3325,0.7436,0.8305,0.9074,0.7656
316,EK_3,EK,numeric,sig4figs,median,0.3325,0.7436,0.8305,0.9074,0.7656
317,AL_203,AL,numeric,significand,mean,0.6985,0.7436,0.8305,0.9074,0.7656
318,AL_230,AL,numeric,raw,mean,0.6985,0.7436,0.8305,0.9074,0.7656
319,AL_230,AL,numeric,sig4figs,mean,0.6985,0.7436,0.8305,0.9074,0.7656
320,AL_251,AL,numeric,significand,median,0.7216,0.7436,0.8305,0.9074,0.7656
321,AL_218,AL,numeric,raw,median,0.6985,0.7308,0.8293,0.9444,0.7391
322,AL_218,AL,numeric,significand,median,0.6985,0.7308,0.8293,0.9444,0.7391
323,AL_218,AL,numeric,sig4figs,median,0.6985,0.7308,0.8293,0.9444,0.7391
324,AL_246,AL,numeric,raw,median,0.6985,0.7308,0.8293,0.9444,0.7391
325,AL_246,AL,numeric,significand,median,0.6985,0.7308,0.8293,0.9444,0.7391
326,AL_246,AL,numeric,sig4figs,median,0.6985,0.7308,0.8293,0.9444,0.7391
327,AL_183,AL,numeric,raw,mean,0.732,0.7564,0.8288,0.8519,0.807
328,AL_183,AL,numeric,significand,mean,0.732,0.7564,0.8288,0.8519,0.807
329,AL_183,AL,numeric,sig4figs,mean,0.732,0.7564,0.8288,0.8519,0.807
330,AL_201,AL,numeric,raw,mean,0.6985,0.7564,0.8288,0.8519,0.807
331,AL_201,AL,numeric,significand,mean,0.6985,0.7564,0.8288,0.8519,0.807
332,AL_201,AL,numeric,sig4figs,mean,0.6985,0.7564,0.8288,0.8519,0.807
333,AL_273,AL,numeric,raw,median,0.6985,0.7564,0.8288,0.8519,0.807
334,AL_273,AL,numeric,sig4figs,median,0.6985,0.7564,0.8288,0.8519,0.807
335,EK_3,EK,numeric,significand,mean,0.3325,0.7436,0.8276,0.8889,0.7742
336,EK_3,EK,numeric,significand,median,0.3325,0.7436,0.8276,0.8889,0.7742
337,AL_138,AL,numeric,raw,mean,0.5284,0.7436,0.8276,0.8889,0.7742
338,AL_138,AL,numeric,significand,mean,0.5284,0.7436,0.8276,0.8889,0.7742
339,AL_138,AL,numeric,sig4figs,mean,0.5284,0.7436,0.8276,0.8889,0.7742
340,AL_151,AL,numeric,raw,median,0.5284,0.7436,0.8276,0.8889,0.7742
341,AL_151,AL,numeric,sig4figs,median,0.5284,0.7436,0.8276,0.8889,0.7742
342,AL_190,AL,numeric,significand,mean,0.6985,0.7436,0.8276,0.8889,0.7742
343,AL_190,AL,numeric,significand,median,0.6985,0.7436,0.8276,0.8889,0.7742
344,AL_203,AL,numeric,significand,median,0.6985,0.7436,0.8276,0.8889,0.7742
345,AL_226,AL,numeric,significand,mean,0.6985,0.7436,0.8276,0.8889,0.7742
346,AL_226,AL,numeric,significand,median,0.6985,0.7436,0.8276,0.8889,0.7742
347,AL_283,AL,numeric,significand,mean,0.6985,0.7308,0.8264,0.9259,0.7463
348,AL_293,AL,numeric,raw,median,0.6985,0.7308,0.8264,0.9259,0.7463
349,AL_293,AL,numeric,sig4figs,median,0.6985,0.7308,0.8264,0.9259,0.7463
350,AL_188,AL,numeric,significand,mean,0.6985,0.7436,0.8246,0.8704,0.7833
351,AL_188,AL,numeric,significand,median,0.6985,0.7436,0.8246,0.8704,0.7833
352,AL_211,AL,numeric,raw,median,0.6985,0.7308,0.8235,0.9074,0.7538
353,AL_211,AL,numeric,sig4figs,median,0.6985,0.7308,0.8235,0.9074,0.7538
354,AL_219,AL,numeric,significand,median,0.6985,0.7308,0.8235,0.9074,0.7538
355,AL_247,AL,numeric,significand,median,0.6985,0.7308,0.8235,0.9074,0.7538
356,AL_251,AL,numeric,significand,mean,0.7216,0.7308,0.8235,0.9074,0.7538
357,AL_287,AL,numeric,raw,median,0.7165,0.7308,0.8235,0.9074,0.7538
358,AL_287,AL,numeric,sig4figs,median,0.7165,0.7308,0.8235,0.9074,0.7538
359,AL_196,AL,numeric,raw,median,0.6985,0.7179,0.8226,0.9444,0.7286
360,AL_196,AL,numeric,sig4figs,median,0.6985,0.7179,0.8226,0.9444,0.7286
361,AL_235,AL,numeric,significand,mean,0.6985,0.7179,0.8226,0.9444,0.7286
362,AL_68,AL,numeric,raw,mean,0.3763,0.7051,0.8217,0.9815,0.7067
363,AL_68,AL,numeric,raw,median,0.3763,0.7051,0.8217,0.9815,0.7067
364,AL_68,AL,numeric,significand,mean,0.3763,0.7051,0.8217,0.9815,0.7067
365,AL_68,AL,numeric,significand,median,0.3763,0.7051,0.8217,0.9815,0.7067
366,AL_68,AL,numeric,sig4figs,mean,0.3763,0.7051,0.8217,0.9815,0.7067
367,AL_68,AL,numeric,sig4figs,median,0.3763,0.7051,0.8217,0.9815,0.7067
368,AL_289,AL,numeric,raw,median,0.7165,0.7051,0.8217,0.9815,0.7067
369,AL_289,AL,numeric,significand,median,0.7165,0.7051,0.8217,0.9815,0.7067
370,AL_289,AL,numeric,sig4figs,median,0.7165,0.7051,0.8217,0.9815,0.7067
371,AL_304,AL,numeric,raw,mean,0.4897,0.7051,0.8217,0.9815,0.7067
372,AL_304,AL,numeric,raw,median,0.4897,0.7051,0.8217,0.9815,0.7067
373,AL_304,AL,numeric,sig4figs,mean,0.4897,0.7051,0.8217,0.9815,0.7067
374,AL_304,AL,numeric,sig4figs,median,0.4897,0.7051,0.8217,0.9815,0.7067
375,AL_163,AL,numeric,raw,mean,0.5284,0.7436,0.8214,0.8519,0.7931
376,AL_163,AL,numeric,raw,median,0.5284,0.7436,0.8214,0.8519,0.7931
377,AL_163,AL,numeric,sig4figs,mean,0.5284,0.7436,0.8214,0.8519,0.7931
378,AL_163,AL,numeric,sig4figs,median,0.5284,0.7436,0.8214,0.8519,0.7931
379,AL_250,AL,numeric,raw,mean,0.7216,0.7436,0.8214,0.8519,0.7931
380,AL_250,AL,numeric,significand,mean,0.7216,0.7436,0.8214,0.8519,0.7931
381,AL_250,AL,numeric,sig4figs,mean,0.7216,0.7436,0.8214,0.8519,0.7931
382,AL_253,AL,numeric,raw,mean,0.7216,0.7436,0.8214,0.8519,0.7931
383,AL_253,AL,numeric,significand,mean,0.7216,0.7436,0.8214,0.8519,0.7931
384,AL_253,AL,numeric,sig4figs,mean,0.7216,0.7436,0.8214,0.8519,0.7931
385,AL_82,AL,numeric,significand,median,0.6418,0.7308,0.8205,0.8889,0.7619
386,AL_94,AL,numeric,significand,median,0.6418,0.7308,0.8205,0.8889,0.7619
387,AL_163,AL,numeric,significand,median,0.5284,0.7308,0.8205,0.8889,0.7619
388,AL_187,AL,numeric,raw,median,0.6985,0.7308,0.8205,0.8889,0.7619
389,AL_187,AL,numeric,significand,median,0.6985,0.7308,0.8205,0.8889,0.7619
390,AL_187,AL,numeric,sig4figs,median,0.6985,0.7308,0.8205,0.8889,0.7619
391,AL_205,AL,numeric,raw,median,0.6985,0.7308,0.8205,0.8889,0.7619
392,AL_205,AL,numeric,significand,median,0.6985,0.7308,0.8205,0.8889,0.7619
393,AL_205,AL,numeric,sig4figs,median,0.6985,0.7308,0.8205,0.8889,0.7619
394,AL_211,AL,numeric,raw,mean,0.6985,0.7308,0.8205,0.8889,0.7619
395,AL_211,AL,numeric,significand,mean,0.6985,0.7308,0.8205,0.8889,0.7619
396,AL_211,AL,numeric,significand,median,0.6985,0.7308,0.8205,0.8889,0.7619
397,AL_211,AL,numeric,sig4figs,mean,0.6985,0.7308,0.8205,0.8889,0.7619
398,AL_224,AL,numeric,significand,mean,0.6985,0.7308,0.8205,0.8889,0.7619
399,AL_224,AL,numeric,significand,median,0.6985,0.7308,0.8205,0.8889,0.7619
400,AL_249,AL,numeric,raw,median,0.6985,0.7308,0.8205,0.8889,0.7619
401,AL_249,AL,numeric,significand,median,0.6985,0.7308,0.8205,0.8889,0.7619
402,AL_249,AL,numeric,sig4figs,median,0.6985,0.7308,0.8205,0.8889,0.7619
403,AL_275,AL,numeric,raw,median,0.6985,0.7308,0.8205,0.8889,0.7619
404,AL_275,AL,numeric,sig4figs,median,0.6985,0.7308,0.8205,0.8889,0.7619
405,AL_20,AL,numeric,raw,median,0.6856,0.7179,0.8197,0.9259,0.7353
406,AL_20,AL,numeric,sig4figs,median,0.6856,0.7179,0.8197,0.9259,0.7353
407,AL_235,AL,numeric,significand,median,0.6985,0.7179,0.8197,0.9259,0.7353
408,AL_247,AL,numeric,raw,mean,0.6985,0.7179,0.8197,0.9259,0.7353
409,AL_247,AL,numeric,raw,median,0.6985,0.7179,0.8197,0.9259,0.7353
410,AL_247,AL,numeric,sig4figs,mean,0.6985,0.7179,0.8197,0.9259,0.7353
411,AL_247,AL,numeric,sig4figs,median,0.6985,0.7179,0.8197,0.9259,0.7353
412,AL_253,AL,numeric,raw,median,0.7216,0.7179,0.8197,0.9259,0.7353
413,AL_253,AL,numeric,significand,median,0.7216,0.7179,0.8197,0.9259,0.7353
414,AL_253,AL,numeric,sig4figs,median,0.7216,0.7179,0.8197,0.9259,0.7353
415,AL_261,AL,numeric,raw,median,0.6985,0.7179,0.8197,0.9259,0.7353
416,AL_261,AL,numeric,significand,median,0.6985,0.7179,0.8197,0.9259,0.7353
417,AL_261,AL,numeric,sig4figs,median,0.6985,0.7179,0.8197,0.9259,0.7353
418,AA_2,AA,categorical,categorical,none,0.0567,0.7179,0.8197,0.9259,0.7353
419,AL_39,AL,numeric,raw,mean,0.3763,0.6923,0.8182,1.0,0.6923
420,AL_39,AL,numeric,raw,median,0.3763,0.6923,0.8182,1.0,0.6923
421,AL_39,AL,numeric,significand,mean,0.3763,0.6923,0.8182,1.0,0.6923
422,AL_39,AL,numeric,significand,median,0.3763,0.6923,0.8182,1.0,0.6923
423,AL_39,AL,numeric,sig4figs,mean,0.3763,0.6923,0.8182,1.0,0.6923
424,AL_39,AL,numeric,sig4figs,median,0.3763,0.6923,0.8182,1.0,0.6923
425,AL_41,AL,numeric,raw,mean,0.3763,0.6923,0.8182,1.0,0.6923
426,AL_41,AL,numeric,raw,median,0.3763,0.6923,0.8182,1.0,0.6923
427,AL_41,AL,numeric,significand,mean,0.3763,0.6923,0.8182,1.0,0.6923
428,AL_41,AL,numeric,significand,median,0.3763,0.6923,0.8182,1.0,0.6923
429,AL_41,AL,numeric,sig4figs,mean,0.3763,0.6923,0.8182,1.0,0.6923
430,AL_41,AL,numeric,sig4figs,median,0.3763,0.6923,0.8182,1.0,0.6923
431,AL_42,AL,numeric,raw,mean,0.3763,0.6923,0.8182,1.0,0.6923
432,AL_42,AL,numeric,raw,median,0.3763,0.6923,0.8182,1.0,0.6923
433,AL_42,AL,numeric,significand,mean,0.3763,0.6923,0.8182,1.0,0.6923
434,AL_42,AL,numeric,significand,median,0.3763,0.6923,0.8182,1.0,0.6923
435,AL_42,AL,numeric,sig4figs,mean,0.3763,0.6923,0.8182,1.0,0.6923
436,AL_42,AL,numeric,sig4figs,median,0.3763,0.6923,0.8182,1.0,0.6923
437,AL_44,AL,numeric,raw,mean,0.3763,0.6923,0.8182,1.0,0.6923
438,AL_44,AL,numeric,raw,median,0.3763,0.6923,0.8182,1.0,0.6923
439,AL_44,AL,numeric,significand,mean,0.3763,0.6923,0.8182,1.0,0.6923
440,AL_44,AL,numeric,significand,median,0.3763,0.6923,0.8182,1.0,0.6923
441,AL_44,AL,numeric,sig4figs,mean,0.3763,0.6923,0.8182,1.0,0.6923
442,AL_44,AL,numeric,sig4figs,median,0.3763,0.6923,0.8182,1.0,0.6923
443,AL_45,AL,numeric,raw,median,0.3763,0.6923,0.8182,1.0,0.6923
444,AL_45,AL,numeric,sig4figs,median,0.3763,0.6923,0.8182,1.0,0.6923
445,AL_47,AL,numeric,raw,mean,0.3763,0.6923,0.8182,1.0,0.6923
446,AL_47,AL,numeric,raw,median,0.3763,0.6923,0.8182,1.0,0.6923
447,AL_47,AL,numeric,significand,mean,0.3763,0.6923,0.8182,1.0,0.6923
448,AL_47,AL,numeric,significand,median,0.3763,0.6923,0.8182,1.0,0.6923
449,AL_47,AL,numeric,sig4figs,mean,0.3763,0.6923,0.8182,1.0,0.6923
450,AL_47,AL,numeric,sig4figs,median,0.3763,0.6923,0.8182,1.0,0.6923
451,AL_48,AL,numeric,raw,mean,0.3763,0.6923,0.8182,1.0,0.6923
452,AL_48,AL,numeric,raw,median,0.3763,0.6923,0.8182,1.0,0.6923
453,AL_48,AL,numeric,significand,mean,0.3763,0.6923,0.8182,1.0,0.6923
454,AL_48,AL,numeric,significand,median,0.3763,0.6923,0.8182,1.0,0.6923
455,AL_48,AL,numeric,sig4figs,mean,0.3763,0.6923,0.8182,1.0,0.6923
456,AL_48,AL,numeric,sig4figs,median,0.3763,0.6923,0.8182,1.0,0.6923
457,AL_51,AL,numeric,significand,mean,0.3763,0.6923,0.8182,1.0,0.6923
458,AL_51,AL,numeric,significand,median,0.3763,0.6923,0.8182,1.0,0.6923
459,AL_53,AL,numeric,raw,mean,0.3763,0.6923,0.8182,1.0,0.6923
460,AL_53,AL,numeric,raw,median,0.3763,0.6923,0.8182,1.0,0.6923
461,AL_53,AL,numeric,significand,mean,0.3763,0.6923,0.8182,1.0,0.6923
462,AL_53,AL,numeric,significand,median,0.3763,0.6923,0.8182,1.0,0.6923
463,AL_53,AL,numeric,sig4figs,mean,0.3763,0.6923,0.8182,1.0,0.6923
464,AL_53,AL,numeric,sig4figs,median,0.3763,0.6923,0.8182,1.0,0.6923
465,AL_54,AL,numeric,raw,mean,0.3763,0.6923,0.8182,1.0,0.6923
466,AL_54,AL,numeric,raw,median,0.3763,0.6923,0.8182,1.0,0.6923
467,AL_54,AL,numeric,significand,mean,0.3763,0.6923,0.8182,1.0,0.6923
468,AL_54,AL,numeric,significand,median,0.3763,0.6923,0.8182,1.0,0.6923
469,AL_54,AL,numeric,sig4figs,mean,0.3763,0.6923,0.8182,1.0,0.6923
470,AL_54,AL,numeric,sig4figs,median,0.3763,0.6923,0.8182,1.0,0.6923
471,AL_56,AL,numeric,raw,mean,0.3763,0.6923,0.8182,1.0,0.6923
472,AL_56,AL,numeric,raw,median,0.3763,0.6923,0.8182,1.0,0.6923
473,AL_56,AL,numeric,significand,mean,0.3763,0.6923,0.8182,1.0,0.6923
474,AL_56,AL,numeric,significand,median,0.3763,0.6923,0.8182,1.0,0.6923
475,AL_56,AL,numeric,sig4figs,mean,0.3763,0.6923,0.8182,1.0,0.6923
476,AL_56,AL,numeric,sig4figs,median,0.3763,0.6923,0.8182,1.0,0.6923
477,AL_57,AL,numeric,raw,mean,0.3763,0.6923,0.8182,1.0,0.6923
478,AL_57,AL,numeric,raw,median,0.3763,0.6923,0.8182,1.0,0.6923
479,AL_57,AL,numeric,significand,mean,0.3763,0.6923,0.8182,1.0,0.6923
480,AL_57,AL,numeric,significand,median,0.3763,0.6923,0.8182,1.0,0.6923
481,AL_57,AL,numeric,sig4figs,mean,0.3763,0.6923,0.8182,1.0,0.6923
482,AL_57,AL,numeric,sig4figs,median,0.3763,0.6923,0.8182,1.0,0.6923
483,AL_59,AL,numeric,raw,mean,0.3763,0.6923,0.8182,1.0,0.6923
484,AL_59,AL,numeric,raw,median,0.3763,0.6923,0.8182,1.0,0.6923
485,AL_59,AL,numeric,significand,mean,0.3763,0.6923,0.8182,1.0,0.6923
486,AL_59,AL,numeric,significand,median,0.3763,0.6923,0.8182,1.0,0.6923
487,AL_59,AL,numeric,sig4figs,mean,0.3763,0.6923,0.8182,1.0,0.6923
488,AL_59,AL,numeric,sig4figs,median,0.3763,0.6923,0.8182,1.0,0.6923
489,AL_60,AL,numeric,raw,mean,0.3763,0.6923,0.8182,1.0,0.6923
490,AL_60,AL,numeric,raw,median,0.3763,0.6923,0.8182,1.0,0.6923
491,AL_60,AL,numeric,significand,mean,0.3763,0.6923,0.8182,1.0,0.6923
492,AL_60,AL,numeric,significand,median,0.3763,0.6923,0.8182,1.0,0.6923
493,AL_60,AL,numeric,sig4figs,mean,0.3763,0.6923,0.8182,1.0,0.6923
494,AL_60,AL,numeric,sig4figs,median,0.3763,0.6923,0.8182,1.0,0.6923
495,AL_62,AL,numeric,raw,mean,0.3763,0.6923,0.8182,1.0,0.6923
496,AL_62,AL,numeric,raw,median,0.3763,0.6923,0.8182,1.0,0.6923
497,AL_62,AL,numeric,significand,mean,0.3763,0.6923,0.8182,1.0,0.6923
498,AL_62,AL,numeric,significand,median,0.3763,0.6923,0.8182,1.0,0.6923
499,AL_62,AL,numeric,sig4figs,mean,0.3763,0.6923,0.8182,1.0,0.6923
500,AL_62,AL,numeric,sig4figs,median,0.3763,0.6923,0.8182,1.0,0.6923
501,AL_63,AL,numeric,raw,mean,0.3763,0.6923,0.8182,1.0,0.6923
502,AL_63,AL,numeric,raw,median,0.3763,0.6923,0.8182,1.0,0.6923
503,AL_63,AL,numeric,significand,mean,0.3763,0.6923,0.8182,1.0,0.6923
504,AL_63,AL,numeric,significand,median,0.3763,0.6923,0.8182,1.0,0.6923
505,AL_63,AL,numeric,sig4figs,mean,0.3763,0.6923,0.8182,1.0,0.6923
506,AL_63,AL,numeric,sig4figs,median,0.3763,0.6923,0.8182,1.0,0.6923
507,AL_65,AL,numeric,raw,mean,0.3763,0.6923,0.8182,1.0,0.6923
508,AL_65,AL,numeric,raw,median,0.3763,0.6923,0.8182,1.0,0.6923
509,AL_65,AL,numeric,significand,mean,0.3763,0.6923,0.8182,1.0,0.6923
510,AL_65,AL,numeric,significand,median,0.3763,0.6923,0.8182,1.0,0.6923
511,AL_65,AL,numeric,sig4figs,mean,0.3763,0.6923,0.8182,1.0,0.6923
512,AL_65,AL,numeric,sig4figs,median,0.3763,0.6923,0.8182,1.0,0.6923
513,AL_66,AL,numeric,raw,mean,0.3763,0.6923,0.8182,1.0,0.6923
514,AL_66,AL,numeric,raw,median,0.3763,0.6923,0.8182,1.0,0.6923
515,AL_66,AL,numeric,significand,mean,0.3763,0.6923,0.8182,1.0,0.6923
516,AL_66,AL,numeric,significand,median,0.3763,0.6923,0.8182,1.0,0.6923
517,AL_66,AL,numeric,sig4figs,mean,0.3763,0.6923,0.8182,1.0,0.6923
518,AL_66,AL,numeric,sig4figs,median,0.3763,0.6923,0.8182,1.0,0.6923
519,AL_69,AL,numeric,raw,mean,0.3763,0.6923,0.8182,1.0,0.6923
520,AL_69,AL,numeric,raw,median,0.3763,0.6923,0.8182,1.0,0.6923
521,AL_69,AL,numeric,significand,mean,0.3763,0.6923,0.8182,1.0,0.6923
522,AL_69,AL,numeric,significand,median,0.3763,0.6923,0.8182,1.0,0.6923
523,AL_69,AL,numeric,sig4figs,mean,0.3763,0.6923,0.8182,1.0,0.6923
524,AL_69,AL,numeric,sig4figs,median,0.3763,0.6923,0.8182,1.0,0.6923
525,AL_72,AL,numeric,raw,mean,0.3763,0.6923,0.8182,1.0,0.6923
526,AL_72,AL,numeric,raw,median,0.3763,0.6923,0.8182,1.0,0.6923
527,AL_72,AL,numeric,significand,mean,0.3763,0.6923,0.8182,1.0,0.6923
528,AL_72,AL,numeric,significand,median,0.3763,0.6923,0.8182,1.0,0.6923
529,AL_72,AL,numeric,sig4figs,mean,0.3763,0.6923,0.8182,1.0,0.6923
530,AL_72,AL,numeric,sig4figs,median,0.3763,0.6923,0.8182,1.0,0.6923
531,AL_74,AL,numeric,raw,mean,0.3763,0.6923,0.8182,1.0,0.6923
532,AL_74,AL,numeric,raw,median,0.3763,0.6923,0.8182,1.0,0.6923
533,AL_74,AL,numeric,significand,mean,0.3763,0.6923,0.8182,1.0,0.6923
534,AL_74,AL,numeric,significand,median,0.3763,0.6923,0.8182,1.0,0.6923
535,AL_74,AL,numeric,sig4figs,mean,0.3763,0.6923,0.8182,1.0,0.6923
536,AL_74,AL,numeric,sig4figs,median,0.3763,0.6923,0.8182,1.0,0.6923
537,AL_77,AL,numeric,raw,median,0.6418,0.6923,0.8182,1.0,0.6923
538,AL_77,AL,numeric,significand,median,0.6418,0.6923,0.8182,1.0,0.6923
539,AL_77,AL,numeric,sig4figs,median,0.6418,0.6923,0.8182,1.0,0.6923
540,AL_80,AL,numeric,raw,mean,0.6418,0.6923,0.8182,1.0,0.6923
541,AL_80,AL,numeric,raw,median,0.6418,0.6923,0.8182,1.0,0.6923
542,AL_80,AL,numeric,significand,mean,0.6418,0.6923,0.8182,1.0,0.6923
543,AL_80,AL,numeric,significand,median,0.6418,0.6923,0.8182,1.0,0.6923
544,AL_80,AL,numeric,sig4figs,mean,0.6418,0.6923,0.8182,1.0,0.6923
545,AL_80,AL,numeric,sig4figs,median,0.6418,0.6923,0.8182,1.0,0.6923
546,AL_81,AL,numeric,raw,median,0.6418,0.6923,0.8182,1.0,0.6923
547,AL_81,AL,numeric,significand,median,0.6418,0.6923,0.8182,1.0,0.6923
548,AL_81,AL,numeric,sig4figs,median,0.6418,0.6923,0.8182,1.0,0.6923
549,AL_83,AL,numeric,raw,median,0.6418,0.6923,0.8182,1.0,0.6923
550,AL_83,AL,numeric,significand,median,0.6418,0.6923,0.8182,1.0,0.6923
551,AL_83,AL,numeric,sig4figs,median,0.6418,0.6923,0.8182,1.0,0.6923
552,AL_84,AL,numeric,raw,median,0.6418,0.6923,0.8182,1.0,0.6923
553,AL_84,AL,numeric,significand,median,0.6418,0.6923,0.8182,1.0,0.6923
554,AL_84,AL,numeric,sig4figs,median,0.6418,0.6923,0.8182,1.0,0.6923
555,AL_89,AL,numeric,raw,median,0.6418,0.6923,0.8182,1.0,0.6923
556,AL_89,AL,numeric,significand,median,0.6418,0.6923,0.8182,1.0,0.6923
557,AL_89,AL,numeric,sig4figs,median,0.6418,0.6923,0.8182,1.0,0.6923
558,AL_92,AL,numeric,raw,median,0.6418,0.6923,0.8182,1.0,0.6923
559,AL_92,AL,numeric,significand,median,0.6418,0.6923,0.8182,1.0,0.6923
560,AL_92,AL,numeric,sig4figs,median,0.6418,0.6923,0.8182,1.0,0.6923
561,AL_99,AL,numeric,raw,median,0.5284,0.6923,0.8182,1.0,0.6923
562,AL_99,AL,numeric,significand,median,0.5284,0.6923,0.8182,1.0,0.6923
563,AL_99,AL,numeric,sig4figs,median,0.5284,0.6923,0.8182,1.0,0.6923
564,AL_101,AL,numeric,raw,mean,0.5284,0.6923,0.8182,1.0,0.6923
565,AL_101,AL,numeric,raw,median,0.5284,0.6923,0.8182,1.0,0.6923
566,AL_101,AL,numeric,significand,mean,0.5284,0.6923,0.8182,1.0,0.6923
567,AL_101,AL,numeric,significand,median,0.5284,0.6923,0.8182,1.0,0.6923
568,AL_101,AL,numeric,sig4figs,mean,0.5284,0.6923,0.8182,1.0,0.6923
569,AL_101,AL,numeric,sig4figs,median,0.5284,0.6923,0.8182,1.0,0.6923
570,AL_102,AL,numeric,raw,median,0.5284,0.6923,0.8182,1.0,0.6923
571,AL_102,AL,numeric,significand,median,0.5284,0.6923,0.8182,1.0,0.6923
572,AL_102,AL,numeric,sig4figs,median,0.5284,0.6923,0.8182,1.0,0.6923
573,AL_104,AL,numeric,raw,mean,0.5284,0.6923,0.8182,1.0,0.6923
574,AL_104,AL,numeric,raw,median,0.5284,0.6923,0.8182,1.0,0.6923
575,AL_104,AL,numeric,significand,mean,0.5284,0.6923,0.8182,1.0,0.6923
576,AL_104,AL,numeric,significand,median,0.5284,0.6923,0.8182,1.0,0.6923
577,AL_104,AL,numeric,sig4figs,mean,0.5284,0.6923,0.8182,1.0,0.6923
578,AL_104,AL,numeric,sig4figs,median,0.5284,0.6923,0.8182,1.0,0.6923
579,AL_107,AL,numeric,raw,mean,0.5284,0.6923,0.8182,1.0,0.6923
580,AL_107,AL,numeric,raw,median,0.5284,0.6923,0.8182,1.0,0.6923
581,AL_107,AL,numeric,significand,mean,0.5284,0.6923,0.8182,1.0,0.6923
582,AL_107,AL,numeric,significand,median,0.5284,0.6923,0.8182,1.0,0.6923
583,AL_107,AL,numeric,sig4figs,mean,0.5284,0.6923,0.8182,1.0,0.6923
584,AL_107,AL,numeric,sig4figs,median,0.5284,0.6923,0.8182,1.0,0.6923
585,AL_108,AL,numeric,raw,median,0.5284,0.6923,0.8182,1.0,0.6923
586,AL_108,AL,numeric,significand,median,0.5284,0.6923,0.8182,1.0,0.6923
587,AL_108,AL,numeric,sig4figs,median,0.5284,0.6923,0.8182,1.0,0.6923
588,AL_110,AL,numeric,raw,mean,0.5284,0.6923,0.8182,1.0,0.6923
589,AL_110,AL,numeric,raw,median,0.5284,0.6923,0.8182,1.0,0.6923
590,AL_110,AL,numeric,significand,mean,0.5284,0.6923,0.8182,1.0,0.6923
591,AL_110,AL,numeric,significand,median,0.5284,0.6923,0.8182,1.0,0.6923
592,AL_110,AL,numeric,sig4figs,mean,0.5284,0.6923,0.8182,1.0,0.6923
593,AL_110,AL,numeric,sig4figs,median,0.5284,0.6923,0.8182,1.0,0.6923
594,AL_111,AL,numeric,raw,mean,0.5284,0.6923,0.8182,1.0,0.6923
595,AL_111,AL,numeric,raw,median,0.5284,0.6923,0.8182,1.0,0.6923
596,AL_111,AL,numeric,significand,mean,0.5284,0.6923,0.8182,1.0,0.6923
597,AL_111,AL,numeric,significand,median,0.5284,0.6923,0.8182,1.0,0.6923
598,AL_111,AL,numeric,sig4figs,mean,0.5284,0.6923,0.8182,1.0,0.6923
599,AL_111,AL,numeric,sig4figs,median,0.5284,0.6923,0.8182,1.0,0.6923
600,AL_113,AL,numeric,raw,mean,0.5284,0.6923,0.8182,1.0,0.6923
601,AL_113,AL,numeric,raw,median,0.5284,0.6923,0.8182,1.0,0.6923
602,AL_113,AL,numeric,significand,mean,0.5284,0.6923,0.8182,1.0,0.6923
603,AL_113,AL,numeric,significand,median,0.5284,0.6923,0.8182,1.0,0.6923
604,AL_113,AL,numeric,sig4figs,mean,0.5284,0.6923,0.8182,1.0,0.6923
605,AL_113,AL,numeric,sig4figs,median,0.5284,0.6923,0.8182,1.0,0.6923
606,AL_114,AL,numeric,raw,median,0.5284,0.6923,0.8182,1.0,0.6923
607,AL_114,AL,numeric,significand,median,0.5284,0.6923,0.8182,1.0,0.6923
608,AL_114,AL,numeric,sig4figs,median,0.5284,0.6923,0.8182,1.0,0.6923
609,AL_116,AL,numeric,raw,mean,0.5284,0.6923,0.8182,1.0,0.6923
610,AL_116,AL,numeric,raw,median,0.5284,0.6923,0.8182,1.0,0.6923
611,AL_116,AL,numeric,significand,mean,0.5284,0.6923,0.8182,1.0,0.6923
612,AL_116,AL,numeric,significand,median,0.5284,0.6923,0.8182,1.0,0.6923
613,AL_116,AL,numeric,sig4figs,mean,0.5284,0.6923,0.8182,1.0,0.6923
614,AL_116,AL,numeric,sig4figs,median,0.5284,0.6923,0.8182,1.0,0.6923
615,AL_117,AL,numeric,raw,median,0.5284,0.6923,0.8182,1.0,0.6923
616,AL_117,AL,numeric,significand,median,0.5284,0.6923,0.8182,1.0,0.6923
617,AL_117,AL,numeric,sig4figs,median,0.5284,0.6923,0.8182,1.0,0.6923
618,AL_119,AL,numeric,raw,mean,0.5284,0.6923,0.8182,1.0,0.6923
619,AL_119,AL,numeric,raw,median,0.5284,0.6923,0.8182,1.0,0.6923
620,AL_119,AL,numeric,significand,mean,0.5284,0.6923,0.8182,1.0,0.6923
621,AL_119,AL,numeric,significand,median,0.5284,0.6923,0.8182,1.0,0.6923
622,AL_119,AL,numeric,sig4figs,mean,0.5284,0.6923,0.8182,1.0,0.6923
623,AL_119,AL,numeric,sig4figs,median,0.5284,0.6923,0.8182,1.0,0.6923
624,AL_120,AL,numeric,raw,mean,0.5284,0.6923,0.8182,1.0,0.6923
625,AL_120,AL,numeric,raw,median,0.5284,0.6923,0.8182,1.0,0.6923
626,AL_120,AL,numeric,significand,mean,0.5284,0.6923,0.8182,1.0,0.6923
627,AL_120,AL,numeric,significand,median,0.5284,0.6923,0.8182,1.0,0.6923
628,AL_120,AL,numeric,sig4figs,mean,0.5284,0.6923,0.8182,1.0,0.6923
629,AL_120,AL,numeric,sig4figs,median,0.5284,0.6923,0.8182,1.0,0.6923
630,AL_122,AL,numeric,raw,mean,0.5284,0.6923,0.8182,1.0,0.6923
631,AL_122,AL,numeric,raw,median,0.5284,0.6923,0.8182,1.0,0.6923
632,AL_122,AL,numeric,significand,mean,0.5284,0.6923,0.8182,1.0,0.6923
633,AL_122,AL,numeric,significand,median,0.5284,0.6923,0.8182,1.0,0.6923
634,AL_122,AL,numeric,sig4figs,mean,0.5284,0.6923,0.8182,1.0,0.6923
635,AL_122,AL,numeric,sig4figs,median,0.5284,0.6923,0.8182,1.0,0.6923
636,AL_123,AL,numeric,raw,median,0.5284,0.6923,0.8182,1.0,0.6923
637,AL_123,AL,numeric,significand,median,0.5284,0.6923,0.8182,1.0,0.6923
638,AL_123,AL,numeric,sig4figs,median,0.5284,0.6923,0.8182,1.0,0.6923
639,AL_125,AL,numeric,raw,mean,0.5284,0.6923,0.8182,1.0,0.6923
640,AL_125,AL,numeric,raw,median,0.5284,0.6923,0.8182,1.0,0.6923
641,AL_125,AL,numeric,significand,mean,0.5284,0.6923,0.8182,1.0,0.6923
642,AL_125,AL,numeric,significand,median,0.5284,0.6923,0.8182,1.0,0.6923
643,AL_125,AL,numeric,sig4figs,mean,0.5284,0.6923,0.8182,1.0,0.6923
644,AL_125,AL,numeric,sig4figs,median,0.5284,0.6923,0.8182,1.0,0.6923
645,AL_126,AL,numeric,raw,mean,0.5284,0.6923,0.8182,1.0,0.6923
646,AL_126,AL,numeric,raw,median,0.5284,0.6923,0.8182,1.0,0.6923
647,AL_126,AL,numeric,significand,mean,0.5284,0.6923,0.8182,1.0,0.6923
648,AL_126,AL,numeric,significand,median,0.5284,0.6923,0.8182,1.0,0.6923
649,AL_126,AL,numeric,sig4figs,mean,0.5284,0.6923,0.8182,1.0,0.6923
650,AL_126,AL,numeric,sig4figs,median,0.5284,0.6923,0.8182,1.0,0.6923
651,AL_128,AL,numeric,raw,mean,0.5284,0.6923,0.8182,1.0,0.6923
652,AL_128,AL,numeric,raw,median,0.5284,0.6923,0.8182,1.0,0.6923
653,AL_128,AL,numeric,significand,mean,0.5284,0.6923,0.8182,1.0,0.6923
654,AL_128,AL,numeric,significand,median,0.5284,0.6923,0.8182,1.0,0.6923
655,AL_128,AL,numeric,sig4figs,mean,0.5284,0.6923,0.8182,1.0,0.6923
656,AL_128,AL,numeric,sig4figs,median,0.5284,0.6923,0.8182,1.0,0.6923
657,AL_131,AL,numeric,raw,mean,0.5284,0.6923,0.8182,1.0,0.6923
658,AL_131,AL,numeric,raw,median,0.5284,0.6923,0.8182,1.0,0.6923
659,AL_131,AL,numeric,significand,mean,0.5284,0.6923,0.8182,1.0,0.6923
660,AL_131,AL,numeric,significand,median,0.5284,0.6923,0.8182,1.0,0.6923
661,AL_131,AL,numeric,sig4figs,mean,0.5284,0.6923,0.8182,1.0,0.6923
662,AL_131,AL,numeric,sig4figs,median,0.5284,0.6923,0.8182,1.0,0.6923
663,AL_132,AL,numeric,raw,mean,0.5284,0.6923,0.8182,1.0,0.6923
664,AL_132,AL,numeric,raw,median,0.5284,0.6923,0.8182,1.0,0.6923
665,AL_132,AL,numeric,significand,mean,0.5284,0.6923,0.8182,1.0,0.6923
666,AL_132,AL,numeric,significand,median,0.5284,0.6923,0.8182,1.0,0.6923
667,AL_132,AL,numeric,sig4figs,mean,0.5284,0.6923,0.8182,1.0,0.6923
668,AL_132,AL,numeric,sig4figs,median,0.5284,0.6923,0.8182,1.0,0.6923
669,AL_134,AL,numeric,raw,mean,0.5284,0.6923,0.8182,1.0,0.6923
670,AL_134,AL,numeric,raw,median,0.5284,0.6923,0.8182,1.0,0.6923
671,AL_134,AL,numeric,significand,mean,0.5284,0.6923,0.8182,1.0,0.6923
672,AL_134,AL,numeric,significand,median,0.5284,0.6923,0.8182,1.0,0.6923
673,AL_134,AL,numeric,sig4figs,mean,0.5284,0.6923,0.8182,1.0,0.6923
674,AL_134,AL,numeric,sig4figs,median,0.5284,0.6923,0.8182,1.0,0.6923
675,AL_137,AL,numeric,raw,mean,0.5284,0.6923,0.8182,1.0,0.6923
676,AL_137,AL,numeric,raw,median,0.5284,0.6923,0.8182,1.0,0.6923
677,AL_137,AL,numeric,significand,mean,0.5284,0.6923,0.8182,1.0,0.6923
678,AL_137,AL,numeric,significand,median,0.5284,0.6923,0.8182,1.0,0.6923
679,AL_137,AL,numeric,sig4figs,mean,0.5284,0.6923,0.8182,1.0,0.6923
680,AL_137,AL,numeric,sig4figs,median,0.5284,0.6923,0.8182,1.0,0.6923
681,AL_138,AL,numeric,raw,median,0.5284,0.6923,0.8182,1.0,0.6923
682,AL_138,AL,numeric,significand,median,0.5284,0.6923,0.8182,1.0,0.6923
683,AL_138,AL,numeric,sig4figs,median,0.5284,0.6923,0.8182,1.0,0.6923
684,AL_140,AL,numeric,raw,mean,0.5284,0.6923,0.8182,1.0,0.6923
685,AL_140,AL,numeric,raw,median,0.5284,0.6923,0.8182,1.0,0.6923
686,AL_140,AL,numeric,significand,mean,0.5284,0.6923,0.8182,1.0,0.6923
687,AL_140,AL,numeric,significand,median,0.5284,0.6923,0.8182,1.0,0.6923
688,AL_140,AL,numeric,sig4figs,mean,0.5284,0.6923,0.8182,1.0,0.6923
689,AL_140,AL,numeric,sig4figs,median,0.5284,0.6923,0.8182,1.0,0.6923
690,AL_143,AL,numeric,raw,mean,0.5284,0.6923,0.8182,1.0,0.6923
691,AL_143,AL,numeric,raw,median,0.5284,0.6923,0.8182,1.0,0.6923
692,AL_143,AL,numeric,significand,mean,0.5284,0.6923,0.8182,1.0,0.6923
693,AL_143,AL,numeric,significand,median,0.5284,0.6923,0.8182,1.0,0.6923
694,AL_143,AL,numeric,sig4figs,mean,0.5284,0.6923,0.8182,1.0,0.6923
695,AL_143,AL,numeric,sig4figs,median,0.5284,0.6923,0.8182,1.0,0.6923
696,AL_144,AL,numeric,raw,mean,0.5284,0.6923,0.8182,1.0,0.6923
697,AL_144,AL,numeric,raw,median,0.5284,0.6923,0.8182,1.0,0.6923
698,AL_144,AL,numeric,significand,mean,0.5284,0.6923,0.8182,1.0,0.6923
699,AL_144,AL,numeric,significand,median,0.5284,0.6923,0.8182,1.0,0.6923
700,AL_144,AL,numeric,sig4figs,mean,0.5284,0.6923,0.8182,1.0,0.6923
701,AL_144,AL,numeric,sig4figs,median,0.5284,0.6923,0.8182,1.0,0.6923
702,AL_146,AL,numeric,raw,mean,0.5284,0.6923,0.8182,1.0,0.6923
703,AL_146,AL,numeric,raw,median,0.5284,0.6923,0.8182,1.0,0.6923
704,AL_146,AL,numeric,significand,mean,0.5284,0.6923,0.8182,1.0,0.6923
705,AL_146,AL,numeric,significand,median,0.5284,0.6923,0.8182,1.0,0.6923
706,AL_146,AL,numeric,sig4figs,mean,0.5284,0.6923,0.8182,1.0,0.6923
707,AL_146,AL,numeric,sig4figs,median,0.5284,0.6923,0.8182,1.0,0.6923
708,AL_147,AL,numeric,raw,median,0.5284,0.6923,0.8182,1.0,0.6923
709,AL_147,AL,numeric,significand,median,0.5284,0.6923,0.8182,1.0,0.6923
710,AL_147,AL,numeric,sig4figs,median,0.5284,0.6923,0.8182,1.0,0.6923
711,AL_149,AL,numeric,raw,mean,0.5284,0.6923,0.8182,1.0,0.6923
712,AL_149,AL,numeric,raw,median,0.5284,0.6923,0.8182,1.0,0.6923
713,AL_149,AL,numeric,significand,mean,0.5284,0.6923,0.8182,1.0,0.6923
714,AL_149,AL,numeric,significand,median,0.5284,0.6923,0.8182,1.0,0.6923
715,AL_149,AL,numeric,sig4figs,mean,0.5284,0.6923,0.8182,1.0,0.6923
716,AL_149,AL,numeric,sig4figs,median,0.5284,0.6923,0.8182,1.0,0.6923
717,AL_150,AL,numeric,raw,mean,0.5284,0.6923,0.8182,1.0,0.6923
718,AL_150,AL,numeric,raw,median,0.5284,0.6923,0.8182,1.0,0.6923
719,AL_150,AL,numeric,significand,mean,0.5284,0.6923,0.8182,1.0,0.6923
720,AL_150,AL,numeric,significand,median,0.5284,0.6923,0.8182,1.0,0.6923
721,AL_150,AL,numeric,sig4figs,mean,0.5284,0.6923,0.8182,1.0,0.6923
722,AL_150,AL,numeric,sig4figs,median,0.5284,0.6923,0.8182,1.0,0.6923
723,AL_152,AL,numeric,raw,mean,0.5284,0.6923,0.8182,1.0,0.6923
724,AL_152,AL,numeric,raw,median,0.5284,0.6923,0.8182,1.0,0.6923
725,AL_152,AL,numeric,significand,mean,0.5284,0.6923,0.8182,1.0,0.6923
726,AL_152,AL,numeric,significand,median,0.5284,0.6923,0.8182,1.0,0.6923
727,AL_152,AL,numeric,sig4figs,mean,0.5284,0.6923,0.8182,1.0,0.6923
728,AL_152,AL,numeric,sig4figs,median,0.5284,0.6923,0.8182,1.0,0.6923
729,AL_153,AL,numeric,raw,mean,0.5284,0.6923,0.8182,1.0,0.6923
730,AL_153,AL,numeric,raw,median,0.5284,0.6923,0.8182,1.0,0.6923
731,AL_153,AL,numeric,significand,mean,0.5284,0.6923,0.8182,1.0,0.6923
732,AL_153,AL,numeric,significand,median,0.5284,0.6923,0.8182,1.0,0.6923
733,AL_153,AL,numeric,sig4figs,mean,0.5284,0.6923,0.8182,1.0,0.6923
734,AL_153,AL,numeric,sig4figs,median,0.5284,0.6923,0.8182,1.0,0.6923
735,AL_155,AL,numeric,raw,mean,0.5284,0.6923,0.8182,1.0,0.6923
736,AL_155,AL,numeric,raw,median,0.5284,0.6923,0.8182,1.0,0.6923
737,AL_155,AL,numeric,significand,mean,0.5284,0.6923,0.8182,1.0,0.6923
738,AL_155,AL,numeric,significand,median,0.5284,0.6923,0.8182,1.0,0.6923
739,AL_155,AL,numeric,sig4figs,mean,0.5284,0.6923,0.8182,1.0,0.6923
740,AL_155,AL,numeric,sig4figs,median,0.5284,0.6923,0.8182,1.0,0.6923
741,AL_156,AL,numeric,raw,mean,0.5284,0.6923,0.8182,1.0,0.6923
742,AL_156,AL,numeric,raw,median,0.5284,0.6923,0.8182,1.0,0.6923
743,AL_156,AL,numeric,significand,mean,0.5284,0.6923,0.8182,1.0,0.6923
744,AL_156,AL,numeric,significand,median,0.5284,0.6923,0.8182,1.0,0.6923
745,AL_156,AL,numeric,sig4figs,mean,0.5284,0.6923,0.8182,1.0,0.6923
746,AL_156,AL,numeric,sig4figs,median,0.5284,0.6923,0.8182,1.0,0.6923
747,AL_158,AL,numeric,raw,mean,0.5284,0.6923,0.8182,1.0,0.6923
748,AL_158,AL,numeric,raw,median,0.5284,0.6923,0.8182,1.0,0.6923
749,AL_158,AL,numeric,significand,mean,0.5284,0.6923,0.8182,1.0,0.6923
750,AL_158,AL,numeric,significand,median,0.5284,0.6923,0.8182,1.0,0.6923
751,AL_158,AL,numeric,sig4figs,mean,0.5284,0.6923,0.8182,1.0,0.6923
752,AL_158,AL,numeric,sig4figs,median,0.5284,0.6923,0.8182,1.0,0.6923
753,AL_159,AL,numeric,raw,median,0.5284,0.6923,0.8182,1.0,0.6923
754,AL_159,AL,numeric,significand,median,0.5284,0.6923,0.8182,1.0,0.6923
755,AL_159,AL,numeric,sig4figs,median,0.5284,0.6923,0.8182,1.0,0.6923
756,AL_161,AL,numeric,raw,mean,0.5284,0.6923,0.8182,1.0,0.6923
757,AL_161,AL,numeric,raw,median,0.5284,0.6923,0.8182,1.0,0.6923
758,AL_161,AL,numeric,significand,mean,0.5284,0.6923,0.8182,1.0,0.6923
759,AL_161,AL,numeric,significand,median,0.5284,0.6923,0.8182,1.0,0.6923
760,AL_161,AL,numeric,sig4figs,mean,0.5284,0.6923,0.8182,1.0,0.6923
761,AL_161,AL,numeric,sig4figs,median,0.5284,0.6923,0.8182,1.0,0.6923
762,AL_162,AL,numeric,raw,median,0.5284,0.6923,0.8182,1.0,0.6923
763,AL_162,AL,numeric,significand,median,0.5284,0.6923,0.8182,1.0,0.6923
764,AL_162,AL,numeric,sig4figs,median,0.5284,0.6923,0.8182,1.0,0.6923
765,AL_164,AL,numeric,raw,mean,0.5284,0.6923,0.8182,1.0,0.6923
766,AL_164,AL,numeric,raw,median,0.5284,0.6923,0.8182,1.0,0.6923
767,AL_164,AL,numeric,significand,mean,0.5284,0.6923,0.8182,1.0,0.6923
768,AL_164,AL,numeric,significand,median,0.5284,0.6923,0.8182,1.0,0.6923
769,AL_164,AL,numeric,sig4figs,mean,0.5284,0.6923,0.8182,1.0,0.6923
770,AL_164,AL,numeric,sig4figs,median,0.5284,0.6923,0.8182,1.0,0.6923
771,AL_167,AL,numeric,raw,mean,0.5284,0.6923,0.8182,1.0,0.6923
772,AL_167,AL,numeric,raw,median,0.5284,0.6923,0.8182,1.0,0.6923
773,AL_167,AL,numeric,significand,mean,0.5284,0.6923,0.8182,1.0,0.6923
774,AL_167,AL,numeric,significand,median,0.5284,0.6923,0.8182,1.0,0.6923
775,AL_167,AL,numeric,sig4figs,mean,0.5284,0.6923,0.8182,1.0,0.6923
776,AL_167,AL,numeric,sig4figs,median,0.5284,0.6923,0.8182,1.0,0.6923
777,AL_168,AL,numeric,raw,median,0.5284,0.6923,0.8182,1.0,0.6923
778,AL_168,AL,numeric,significand,median,0.5284,0.6923,0.8182,1.0,0.6923
779,AL_168,AL,numeric,sig4figs,median,0.5284,0.6923,0.8182,1.0,0.6923
780,AL_170,AL,numeric,raw,mean,0.5284,0.6923,0.8182,1.0,0.6923
781,AL_170,AL,numeric,raw,median,0.5284,0.6923,0.8182,1.0,0.6923
782,AL_170,AL,numeric,significand,mean,0.5284,0.6923,0.8182,1.0,0.6923
783,AL_170,AL,numeric,significand,median,0.5284,0.6923,0.8182,1.0,0.6923
784,AL_170,AL,numeric,sig4figs,mean,0.5284,0.6923,0.8182,1.0,0.6923
785,AL_170,AL,numeric,sig4figs,median,0.5284,0.6923,0.8182,1.0,0.6923
786,AL_171,AL,numeric,raw,mean,0.5284,0.6923,0.8182,1.0,0.6923
787,AL_171,AL,numeric,raw,median,0.5284,0.6923,0.8182,1.0,0.6923
788,AL_171,AL,numeric,significand,mean,0.5284,0.6923,0.8182,1.0,0.6923
789,AL_171,AL,numeric,significand,median,0.5284,0.6923,0.8182,1.0,0.6923
790,AL_171,AL,numeric,sig4figs,mean,0.5284,0.6923,0.8182,1.0,0.6923
791,AL_171,AL,numeric,sig4figs,median,0.5284,0.6923,0.8182,1.0,0.6923
792,AL_173,AL,numeric,raw,mean,0.5284,0.6923,0.8182,1.0,0.6923
793,AL_173,AL,numeric,raw,median,0.5284,0.6923,0.8182,1.0,0.6923
794,AL_173,AL,numeric,significand,mean,0.5284,0.6923,0.8182,1.0,0.6923
795,AL_173,AL,numeric,significand,median,0.5284,0.6923,0.8182,1.0,0.6923
796,AL_173,AL,numeric,sig4figs,mean,0.5284,0.6923,0.8182,1.0,0.6923
797,AL_173,AL,numeric,sig4figs,median,0.5284,0.6923,0.8182,1.0,0.6923
798,AL_174,AL,numeric,raw,median,0.5284,0.6923,0.8182,1.0,0.6923
799,AL_174,AL,numeric,significand,median,0.5284,0.6923,0.8182,1.0,0.6923
800,AL_174,AL,numeric,sig4figs,median,0.5284,0.6923,0.8182,1.0,0.6923
801,AL_176,AL,numeric,raw,mean,0.5284,0.6923,0.8182,1.0,0.6923
802,AL_176,AL,numeric,raw,median,0.5284,0.6923,0.8182,1.0,0.6923
803,AL_176,AL,numeric,significand,mean,0.5284,0.6923,0.8182,1.0,0.6923
804,AL_176,AL,numeric,significand,median,0.5284,0.6923,0.8182,1.0,0.6923
805,AL_176,AL,numeric,sig4figs,mean,0.5284,0.6923,0.8182,1.0,0.6923
806,AL_176,AL,numeric,sig4figs,median,0.5284,0.6923,0.8182,1.0,0.6923
807,AL_177,AL,numeric,raw,mean,0.5284,0.6923,0.8182,1.0,0.6923
808,AL_177,AL,numeric,raw,median,0.5284,0.6923,0.8182,1.0,0.6923
809,AL_177,AL,numeric,significand,mean,0.5284,0.6923,0.8182,1.0,0.6923
810,AL_177,AL,numeric,significand,median,0.5284,0.6923,0.8182,1.0,0.6923
811,AL_177,AL,numeric,sig4figs,mean,0.5284,0.6923,0.8182,1.0,0.6923
812,AL_177,AL,numeric,sig4figs,median,0.5284,0.6923,0.8182,1.0,0.6923
813,AL_179,AL,numeric,raw,mean,0.5284,0.6923,0.8182,1.0,0.6923
814,AL_179,AL,numeric,raw,median,0.5284,0.6923,0.8182,1.0,0.6923
815,AL_179,AL,numeric,significand,mean,0.5284,0.6923,0.8182,1.0,0.6923
816,AL_179,AL,numeric,significand,median,0.5284,0.6923,0.8182,1.0,0.6923
817,AL_179,AL,numeric,sig4figs,mean,0.5284,0.6923,0.8182,1.0,0.6923
818,AL_179,AL,numeric,sig4figs,median,0.5284,0.6923,0.8182,1.0,0.6923
819,AL_180,AL,numeric,raw,median,0.5284,0.6923,0.8182,1.0,0.6923
820,AL_180,AL,numeric,significand,median,0.5284,0.6923,0.8182,1.0,0.6923
821,AL_180,AL,numeric,sig4figs,median,0.5284,0.6923,0.8182,1.0,0.6923
822,AL_182,AL,numeric,raw,mean,0.5284,0.6923,0.8182,1.0,0.6923
823,AL_182,AL,numeric,raw,median,0.5284,0.6923,0.8182,1.0,0.6923
824,AL_182,AL,numeric,significand,mean,0.5284,0.6923,0.8182,1.0,0.6923
825,AL_182,AL,numeric,significand,median,0.5284,0.6923,0.8182,1.0,0.6923
826,AL_182,AL,numeric,sig4figs,mean,0.5284,0.6923,0.8182,1.0,0.6923
827,AL_182,AL,numeric,sig4figs,median,0.5284,0.6923,0.8182,1.0,0.6923
828,AL_185,AL,numeric,raw,mean,0.732,0.6923,0.8182,1.0,0.6923
829,AL_185,AL,numeric,raw,median,0.732,0.6923,0.8182,1.0,0.6923
830,AL_185,AL,numeric,significand,mean,0.732,0.6923,0.8182,1.0,0.6923
831,AL_185,AL,numeric,significand,median,0.732,0.6923,0.8182,1.0,0.6923
832,AL_185,AL,numeric,sig4figs,mean,0.732,0.6923,0.8182,1.0,0.6923
833,AL_185,AL,numeric,sig4figs,median,0.732,0.6923,0.8182,1.0,0.6923
834,AL_191,AL,numeric,raw,mean,0.6985,0.6923,0.8182,1.0,0.6923
835,AL_191,AL,numeric,raw,median,0.6985,0.6923,0.8182,1.0,0.6923
836,AL_191,AL,numeric,significand,mean,0.6985,0.6923,0.8182,1.0,0.6923
837,AL_191,AL,numeric,significand,median,0.6985,0.6923,0.8182,1.0,0.6923
838,AL_191,AL,numeric,sig4figs,mean,0.6985,0.6923,0.8182,1.0,0.6923
839,AL_191,AL,numeric,sig4figs,median,0.6985,0.6923,0.8182,1.0,0.6923
840,AL_195,AL,numeric,raw,mean,0.6985,0.6923,0.8182,1.0,0.6923
841,AL_195,AL,numeric,raw,median,0.6985,0.6923,0.8182,1.0,0.6923
842,AL_195,AL,numeric,significand,mean,0.6985,0.6923,0.8182,1.0,0.6923
843,AL_195,AL,numeric,significand,median,0.6985,0.6923,0.8182,1.0,0.6923
844,AL_195,AL,numeric,sig4figs,mean,0.6985,0.6923,0.8182,1.0,0.6923
845,AL_195,AL,numeric,sig4figs,median,0.6985,0.6923,0.8182,1.0,0.6923
846,AL_197,AL,numeric,raw,mean,0.6985,0.6923,0.8182,1.0,0.6923
847,AL_197,AL,numeric,raw,median,0.6985,0.6923,0.8182,1.0,0.6923
848,AL_197,AL,numeric,significand,mean,0.6985,0.6923,0.8182,1.0,0.6923
849,AL_197,AL,numeric,significand,median,0.6985,0.6923,0.8182,1.0,0.6923
850,AL_197,AL,numeric,sig4figs,mean,0.6985,0.6923,0.8182,1.0,0.6923
851,AL_197,AL,numeric,sig4figs,median,0.6985,0.6923,0.8182,1.0,0.6923
852,AL_200,AL,numeric,raw,mean,0.6985,0.6923,0.8182,1.0,0.6923
853,AL_200,AL,numeric,raw,median,0.6985,0.6923,0.8182,1.0,0.6923
854,AL_200,AL,numeric,significand,mean,0.6985,0.6923,0.8182,1.0,0.6923
855,AL_200,AL,numeric,significand,median,0.6985,0.6923,0.8182,1.0,0.6923
856,AL_200,AL,numeric,sig4figs,mean,0.6985,0.6923,0.8182,1.0,0.6923
857,AL_200,AL,numeric,sig4figs,median,0.6985,0.6923,0.8182,1.0,0.6923
858,AL_204,AL,numeric,raw,mean,0.6985,0.6923,0.8182,1.0,0.6923
859,AL_204,AL,numeric,raw,median,0.6985,0.6923,0.8182,1.0,0.6923
860,AL_204,AL,numeric,significand,mean,0.6985,0.6923,0.8182,1.0,0.6923
861,AL_204,AL,numeric,significand,median,0.6985,0.6923,0.8182,1.0,0.6923
862,AL_204,AL,numeric,sig4figs,mean,0.6985,0.6923,0.8182,1.0,0.6923
863,AL_204,AL,numeric,sig4figs,median,0.6985,0.6923,0.8182,1.0,0.6923
864,AL_208,AL,numeric,raw,mean,0.6985,0.6923,0.8182,1.0,0.6923
865,AL_208,AL,numeric,raw,median,0.6985,0.6923,0.8182,1.0,0.6923
866,AL_208,AL,numeric,significand,mean,0.6985,0.6923,0.8182,1.0,0.6923
867,AL_208,AL,numeric,significand,median,0.6985,0.6923,0.8182,1.0,0.6923
868,AL_208,AL,numeric,sig4figs,mean,0.6985,0.6923,0.8182,1.0,0.6923
869,AL_208,AL,numeric,sig4figs,median,0.6985,0.6923,0.8182,1.0,0.6923
870,AL_212,AL,numeric,raw,mean,0.6985,0.6923,0.8182,1.0,0.6923
871,AL_212,AL,numeric,raw,median,0.6985,0.6923,0.8182,1.0,0.6923
872,AL_212,AL,numeric,significand,mean,0.6985,0.6923,0.8182,1.0,0.6923
873,AL_212,AL,numeric,significand,median,0.6985,0.6923,0.8182,1.0,0.6923
874,AL_212,AL,numeric,sig4figs,mean,0.6985,0.6923,0.8182,1.0,0.6923
875,AL_212,AL,numeric,sig4figs,median,0.6985,0.6923,0.8182,1.0,0.6923
876,AL_216,AL,numeric,raw,mean,0.7732,0.6923,0.8182,1.0,0.6923
877,AL_216,AL,numeric,raw,median,0.7732,0.6923,0.8182,1.0,0.6923
878,AL_216,AL,numeric,significand,mean,0.7732,0.6923,0.8182,1.0,0.6923
879,AL_216,AL,numeric,significand,median,0.7732,0.6923,0.8182,1.0,0.6923
880,AL_216,AL,numeric,sig4figs,mean,0.7732,0.6923,0.8182,1.0,0.6923
881,AL_216,AL,numeric,sig4figs,median,0.7732,0.6923,0.8182,1.0,0.6923
882,AL_220,AL,numeric,raw,mean,0.6985,0.6923,0.8182,1.0,0.6923
883,AL_220,AL,numeric,raw,median,0.6985,0.6923,0.8182,1.0,0.6923
884,AL_220,AL,numeric,significand,mean,0.6985,0.6923,0.8182,1.0,0.6923
885,AL_220,AL,numeric,significand,median,0.6985,0.6923,0.8182,1.0,0.6923
886,AL_220,AL,numeric,sig4figs,mean,0.6985,0.6923,0.8182,1.0,0.6923
887,AL_220,AL,numeric,sig4figs,median,0.6985,0.6923,0.8182,1.0,0.6923
888,CAT_6,CAT,categorical,categorical,none,0.9897,0.6923,0.8182,1.0,0.6923
889,AL_227,AL,numeric,raw,mean,0.6985,0.6923,0.8182,1.0,0.6923
890,AL_227,AL,numeric,raw,median,0.6985,0.6923,0.8182,1.0,0.6923
891,AL_227,AL,numeric,significand,mean,0.6985,0.6923,0.8182,1.0,0.6923
892,AL_227,AL,numeric,significand,median,0.6985,0.6923,0.8182,1.0,0.6923
893,AL_227,AL,numeric,sig4figs,mean,0.6985,0.6923,0.8182,1.0,0.6923
894,AL_227,AL,numeric,sig4figs,median,0.6985,0.6923,0.8182,1.0,0.6923
895,AL_231,AL,numeric,raw,mean,0.6985,0.6923,0.8182,1.0,0.6923
896,AL_231,AL,numeric,raw,median,0.6985,0.6923,0.8182,1.0,0.6923
897,AL_231,AL,numeric,significand,mean,0.6985,0.6923,0.8182,1.0,0.6923
898,AL_231,AL,numeric,significand,median,0.6985,0.6923,0.8182,1.0,0.6923
899,AL_231,AL,numeric,sig4figs,mean,0.6985,0.6923,0.8182,1.0,0.6923
900,AL_231,AL,numeric,sig4figs,median,0.6985,0.6923,0.8182,1.0,0.6923
901,AL_233,AL,numeric,raw,mean,0.6985,0.6923,0.8182,1.0,0.6923
902,AL_233,AL,numeric,raw,median,0.6985,0.6923,0.8182,1.0,0.6923
903,AL_233,AL,numeric,significand,mean,0.6985,0.6923,0.8182,1.0,0.6923
904,AL_233,AL,numeric,significand,median,0.6985,0.6923,0.8182,1.0,0.6923
905,AL_233,AL,numeric,sig4figs,mean,0.6985,0.6923,0.8182,1.0,0.6923
906,AL_233,AL,numeric,sig4figs,median,0.6985,0.6923,0.8182,1.0,0.6923
907,AL_236,AL,numeric,raw,mean,0.6985,0.6923,0.8182,1.0,0.6923
908,AL_236,AL,numeric,raw,median,0.6985,0.6923,0.8182,1.0,0.6923
909,AL_236,AL,numeric,significand,mean,0.6985,0.6923,0.8182,1.0,0.6923
910,AL_236,AL,numeric,significand,median,0.6985,0.6923,0.8182,1.0,0.6923
911,AL_236,AL,numeric,sig4figs,mean,0.6985,0.6923,0.8182,1.0,0.6923
912,AL_236,AL,numeric,sig4figs,median,0.6985,0.6923,0.8182,1.0,0.6923
913,AL_240,AL,numeric,raw,mean,0.6985,0.6923,0.8182,1.0,0.6923
914,AL_240,AL,numeric,raw,median,0.6985,0.6923,0.8182,1.0,0.6923
915,AL_240,AL,numeric,significand,mean,0.6985,0.6923,0.8182,1.0,0.6923
916,AL_240,AL,numeric,significand,median,0.6985,0.6923,0.8182,1.0,0.6923
917,AL_240,AL,numeric,sig4figs,mean,0.6985,0.6923,0.8182,1.0,0.6923
918,AL_240,AL,numeric,sig4figs,median,0.6985,0.6923,0.8182,1.0,0.6923
919,AL_244,AL,numeric,raw,mean,0.6985,0.6923,0.8182,1.0,0.6923
920,AL_244,AL,numeric,raw,median,0.6985,0.6923,0.8182,1.0,0.6923
921,AL_244,AL,numeric,significand,mean,0.6985,0.6923,0.8182,1.0,0.6923
922,AL_244,AL,numeric,significand,median,0.6985,0.6923,0.8182,1.0,0.6923
923,AL_244,AL,numeric,sig4figs,mean,0.6985,0.6923,0.8182,1.0,0.6923
924,AL_244,AL,numeric,sig4figs,median,0.6985,0.6923,0.8182,1.0,0.6923
925,AL_248,AL,numeric,raw,mean,0.6985,0.6923,0.8182,1.0,0.6923
926,AL_248,AL,numeric,raw,median,0.6985,0.6923,0.8182,1.0,0.6923
927,AL_248,AL,numeric,significand,mean,0.6985,0.6923,0.8182,1.0,0.6923
928,AL_248,AL,numeric,significand,median,0.6985,0.6923,0.8182,1.0,0.6923
929,AL_248,AL,numeric,sig4figs,mean,0.6985,0.6923,0.8182,1.0,0.6923
930,AL_248,AL,numeric,sig4figs,median,0.6985,0.6923,0.8182,1.0,0.6923
931,AL_252,AL,numeric,raw,mean,0.7216,0.6923,0.8182,1.0,0.6923
932,AL_252,AL,numeric,raw,median,0.7216,0.6923,0.8182,1.0,0.6923
933,AL_252,AL,numeric,significand,mean,0.7216,0.6923,0.8182,1.0,0.6923
934,AL_252,AL,numeric,significand,median,0.7216,0.6923,0.8182,1.0,0.6923
935,AL_252,AL,numeric,sig4figs,mean,0.7216,0.6923,0.8182,1.0,0.6923
936,AL_252,AL,numeric,sig4figs,median,0.7216,0.6923,0.8182,1.0,0.6923
937,AL_256,AL,numeric,raw,mean,0.6985,0.6923,0.8182,1.0,0.6923
938,AL_256,AL,numeric,raw,median,0.6985,0.6923,0.8182,1.0,0.6923
939,AL_256,AL,numeric,significand,mean,0.6985,0.6923,0.8182,1.0,0.6923
940,AL_256,AL,numeric,significand,median,0.6985,0.6923,0.8182,1.0,0.6923
941,AL_256,AL,numeric,sig4figs,mean,0.6985,0.6923,0.8182,1.0,0.6923
942,AL_256,AL,numeric,sig4figs,median,0.6985,0.6923,0.8182,1.0,0.6923
943,AL_263,AL,numeric,raw,mean,0.6985,0.6923,0.8182,1.0,0.6923
944,AL_263,AL,numeric,raw,median,0.6985,0.6923,0.8182,1.0,0.6923
945,AL_263,AL,numeric,significand,mean,0.6985,0.6923,0.8182,1.0,0.6923
946,AL_263,AL,numeric,significand,median,0.6985,0.6923,0.8182,1.0,0.6923
947,AL_263,AL,numeric,sig4figs,mean,0.6985,0.6923,0.8182,1.0,0.6923
948,AL_263,AL,numeric,sig4figs,median,0.6985,0.6923,0.8182,1.0,0.6923
949,AL_267,AL,numeric,raw,mean,0.6985,0.6923,0.8182,1.0,0.6923
950,AL_267,AL,numeric,raw,median,0.6985,0.6923,0.8182,1.0,0.6923
951,AL_267,AL,numeric,significand,mean,0.6985,0.6923,0.8182,1.0,0.6923
952,AL_267,AL,numeric,significand,median,0.6985,0.6923,0.8182,1.0,0.6923
953,AL_267,AL,numeric,sig4figs,mean,0.6985,0.6923,0.8182,1.0,0.6923
954,AL_267,AL,numeric,sig4figs,median,0.6985,0.6923,0.8182,1.0,0.6923
955,AL_269,AL,numeric,raw,mean,0.6985,0.6923,0.8182,1.0,0.6923
956,AL_269,AL,numeric,raw,median,0.6985,0.6923,0.8182,1.0,0.6923
957,AL_269,AL,numeric,significand,mean,0.6985,0.6923,0.8182,1.0,0.6923
958,AL_269,AL,numeric,significand,median,0.6985,0.6923,0.8182,1.0,0.6923
959,AL_269,AL,numeric,sig4figs,mean,0.6985,0.6923,0.8182,1.0,0.6923
960,AL_269,AL,numeric,sig4figs,median,0.6985,0.6923,0.8182,1.0,0.6923
961,AL_272,AL,numeric,raw,mean,0.6985,0.6923,0.8182,1.0,0.6923
962,AL_272,AL,numeric,raw,median,0.6985,0.6923,0.8182,1.0,0.6923
963,AL_272,AL,numeric,significand,mean,0.6985,0.6923,0.8182,1.0,0.6923
964,AL_272,AL,numeric,significand,median,0.6985,0.6923,0.8182,1.0,0.6923
965,AL_272,AL,numeric,sig4figs,mean,0.6985,0.6923,0.8182,1.0,0.6923
966,AL_272,AL,numeric,sig4figs,median,0.6985,0.6923,0.8182,1.0,0.6923
967,AL_276,AL,numeric,raw,mean,0.6985,0.6923,0.8182,1.0,0.6923
968,AL_276,AL,numeric,raw,median,0.6985,0.6923,0.8182,1.0,0.6923
969,AL_276,AL,numeric,significand,mean,0.6985,0.6923,0.8182,1.0,0.6923
970,AL_276,AL,numeric,significand,median,0.6985,0.6923,0.8182,1.0,0.6923
971,AL_276,AL,numeric,sig4figs,mean,0.6985,0.6923,0.8182,1.0,0.6923
972,AL_276,AL,numeric,sig4figs,median,0.6985,0.6923,0.8182,1.0,0.6923
973,AL_280,AL,numeric,raw,mean,0.6985,0.6923,0.8182,1.0,0.6923
974,AL_280,AL,numeric,raw,median,0.6985,0.6923,0.8182,1.0,0.6923
975,AL_280,AL,numeric,significand,mean,0.6985,0.6923,0.8182,1.0,0.6923
976,AL_280,AL,numeric,significand,median,0.6985,0.6923,0.8182,1.0,0.6923
977,AL_280,AL,numeric,sig4figs,mean,0.6985,0.6923,0.8182,1.0,0.6923
978,AL_280,AL,numeric,sig4figs,median,0.6985,0.6923,0.8182,1.0,0.6923
979,AL_284,AL,numeric,raw,mean,0.6985,0.6923,0.8182,1.0,0.6923
980,AL_284,AL,numeric,raw,median,0.6985,0.6923,0.8182,1.0,0.6923
981,AL_284,AL,numeric,significand,mean,0.6985,0.6923,0.8182,1.0,0.6923
982,AL_284,AL,numeric,significand,median,0.6985,0.6923,0.8182,1.0,0.6923
983,AL_284,AL,numeric,sig4figs,mean,0.6985,0.6923,0.8182,1.0,0.6923
984,AL_284,AL,numeric,sig4figs,median,0.6985,0.6923,0.8182,1.0,0.6923
985,AL_288,AL,numeric,raw,mean,0.7165,0.6923,0.8182,1.0,0.6923
986,AL_288,AL,numeric,raw,median,0.7165,0.6923,0.8182,1.0,0.6923
987,AL_288,AL,numeric,significand,mean,0.7165,0.6923,0.8182,1.0,0.6923
988,AL_288,AL,numeric,significand,median,0.7165,0.6923,0.8182,1.0,0.6923
989,AL_288,AL,numeric,sig4figs,mean,0.7165,0.6923,0.8182,1.0,0.6923
990,AL_288,AL,numeric,sig4figs,median,0.7165,0.6923,0.8182,1.0,0.6923
991,AL_292,AL,numeric,raw,mean,0.6985,0.6923,0.8182,1.0,0.6923
992,AL_292,AL,numeric,raw,median,0.6985,0.6923,0.8182,1.0,0.6923
993,AL_292,AL,numeric,significand,mean,0.6985,0.6923,0.8182,1.0,0.6923
994,AL_292,AL,numeric,significand,median,0.6985,0.6923,0.8182,1.0,0.6923
995,AL_292,AL,numeric,sig4figs,mean,0.6985,0.6923,0.8182,1.0,0.6923
996,AL_292,AL,numeric,sig4figs,median,0.6985,0.6923,0.8182,1.0,0.6923
997,AL_297,AL,numeric,raw,median,0.4897,0.6923,0.8182,1.0,0.6923
998,AL_297,AL,numeric,significand,median,0.4897,0.6923,0.8182,1.0,0.6923
999,AL_297,AL,numeric,sig4figs,median,0.4897,0.6923,0.8182,1.0,0.6923
1000,AL_299,AL,numeric,raw,mean,0.4897,0.6923,0.8182,1.0,0.6923
1001,AL_299,AL,numeric,raw,median,0.4897,0.6923,0.8182,1.0,0.6923
1002,AL_299,AL,numeric,significand,mean,0.4897,0.6923,0.8182,1.0,0.6923
1003,AL_299,AL,numeric,significand,median,0.4897,0.6923,0.8182,1.0,0.6923
1004,AL_299,AL,numeric,sig4figs,mean,0.4897,0.6923,0.8182,1.0,0.6923
1005,AL_299,AL,numeric,sig4figs,median,0.4897,0.6923,0.8182,1.0,0.6923
1006,AL_303,AL,numeric,raw,mean,0.4897,0.6923,0.8182,1.0,0.6923
1007,AL_303,AL,numeric,raw,median,0.4897,0.6923,0.8182,1.0,0.6923
1008,AL_303,AL,numeric,significand,mean,0.4897,0.6923,0.8182,1.0,0.6923
1009,AL_303,AL,numeric,significand,median,0.4897,0.6923,0.8182,1.0,0.6923
1010,AL_303,AL,numeric,sig4figs,mean,0.4897,0.6923,0.8182,1.0,0.6923
1011,AL_303,AL,numeric,sig4figs,median,0.4897,0.6923,0.8182,1.0,0.6923
1012,AL_305,AL,numeric,raw,median,0.4897,0.6923,0.8182,1.0,0.6923
1013,AL_305,AL,numeric,significand,median,0.4897,0.6923,0.8182,1.0,0.6923
1014,AL_305,AL,numeric,sig4figs,median,0.4897,0.6923,0.8182,1.0,0.6923
1015,AL_307,AL,numeric,raw,mean,0.4897,0.6923,0.8182,1.0,0.6923
1016,AL_307,AL,numeric,raw,median,0.4897,0.6923,0.8182,1.0,0.6923
1017,AL_307,AL,numeric,significand,mean,0.4897,0.6923,0.8182,1.0,0.6923
1018,AL_307,AL,numeric,significand,median,0.4897,0.6923,0.8182,1.0,0.6923
1019,AL_307,AL,numeric,sig4figs,mean,0.4897,0.6923,0.8182,1.0,0.6923
1020,AL_307,AL,numeric,sig4figs,median,0.4897,0.6923,0.8182,1.0,0.6923
1021,AL_309,AL,numeric,raw,mean,0.4897,0.6923,0.8182,1.0,0.6923
1022,AL_309,AL,numeric,raw,median,0.4897,0.6923,0.8182,1.0,0.6923
1023,AL_309,AL,numeric,significand,mean,0.4897,0.6923,0.8182,1.0,0.6923
1024,AL_309,AL,numeric,significand,median,0.4897,0.6923,0.8182,1.0,0.6923
1025,AL_309,AL,numeric,sig4figs,mean,0.4897,0.6923,0.8182,1.0,0.6923
1026,AL_309,AL,numeric,sig4figs,median,0.4897,0.6923,0.8182,1.0,0.6923
1027,AL_312,AL,numeric,raw,mean,0.4897,0.6923,0.8182,1.0,0.6923
1028,AL_312,AL,numeric,raw,median,0.4897,0.6923,0.8182,1.0,0.6923
1029,AL_312,AL,numeric,significand,mean,0.4897,0.6923,0.8182,1.0,0.6923
1030,AL_312,AL,numeric,significand,median,0.4897,0.6923,0.8182,1.0,0.6923
1031,AL_312,AL,numeric,sig4figs,mean,0.4897,0.6923,0.8182,1.0,0.6923
1032,AL_312,AL,numeric,sig4figs,median,0.4897,0.6923,0.8182,1.0,0.6923
1033,AL_313,AL,numeric,raw,median,0.4897,0.6923,0.8182,1.0,0.6923
1034,AL_313,AL,numeric,significand,median,0.4897,0.6923,0.8182,1.0,0.6923
1035,AL_313,AL,numeric,sig4figs,median,0.4897,0.6923,0.8182,1.0,0.6923
1036,AL_316,AL,numeric,raw,mean,0.4897,0.6923,0.8182,1.0,0.6923
1037,AL_316,AL,numeric,raw,median,0.4897,0.6923,0.8182,1.0,0.6923
1038,AL_316,AL,numeric,significand,mean,0.4897,0.6923,0.8182,1.0,0.6923
1039,AL_316,AL,numeric,significand,median,0.4897,0.6923,0.8182,1.0,0.6923
1040,AL_316,AL,numeric,sig4figs,mean,0.4897,0.6923,0.8182,1.0,0.6923
1041,AL_316,AL,numeric,sig4figs,median,0.4897,0.6923,0.8182,1.0,0.6923
1042,AL_317,AL,numeric,raw,median,0.4897,0.6923,0.8182,1.0,0.6923
1043,AL_317,AL,numeric,significand,median,0.4897,0.6923,0.8182,1.0,0.6923
1044,AL_317,AL,numeric,sig4figs,median,0.4897,0.6923,0.8182,1.0,0.6923
1045,AL_318,AL,numeric,raw,median,0.4897,0.6923,0.8182,1.0,0.6923
1046,AL_318,AL,numeric,significand,median,0.4897,0.6923,0.8182,1.0,0.6923
1047,AL_318,AL,numeric,sig4figs,median,0.4897,0.6923,0.8182,1.0,0.6923
1048,AL_320,AL,numeric,raw,mean,0.4897,0.6923,0.8182,1.0,0.6923
1049,AL_320,AL,numeric,raw,median,0.4897,0.6923,0.8182,1.0,0.6923
1050,AL_320,AL,numeric,significand,mean,0.4897,0.6923,0.8182,1.0,0.6923
1051,AL_320,AL,numeric,significand,median,0.4897,0.6923,0.8182,1.0,0.6923
1052,AL_320,AL,numeric,sig4figs,mean,0.4897,0.6923,0.8182,1.0,0.6923
1053,AL_320,AL,numeric,sig4figs,median,0.4897,0.6923,0.8182,1.0,0.6923
1054,AL_322,AL,numeric,raw,median,0.4897,0.6923,0.8182,1.0,0.6923
1055,AL_322,AL,numeric,significand,median,0.4897,0.6923,0.8182,1.0,0.6923
1056,AL_322,AL,numeric,sig4figs,median,0.4897,0.6923,0.8182,1.0,0.6923
1057,AL_324,AL,numeric,raw,mean,0.4897,0.6923,0.8182,1.0,0.6923
1058,AL_324,AL,numeric,raw,median,0.4897,0.6923,0.8182,1.0,0.6923
1059,AL_324,AL,numeric,significand,mean,0.4897,0.6923,0.8182,1.0,0.6923
1060,AL_324,AL,numeric,significand,median,0.4897,0.6923,0.8182,1.0,0.6923
1061,AL_324,AL,numeric,sig4figs,mean,0.4897,0.6923,0.8182,1.0,0.6923
1062,AL_324,AL,numeric,sig4figs,median,0.4897,0.6923,0.8182,1.0,0.6923
1063,AL_325,AL,numeric,raw,median,0.4897,0.6923,0.8182,1.0,0.6923
1064,AL_325,AL,numeric,significand,median,0.4897,0.6923,0.8182,1.0,0.6923
1065,AL_325,AL,numeric,sig4figs,median,0.4897,0.6923,0.8182,1.0,0.6923
1066,AL_329,AL,numeric,raw,median,0.4897,0.6923,0.8182,1.0,0.6923
1067,AL_329,AL,numeric,significand,median,0.4897,0.6923,0.8182,1.0,0.6923
1068,AL_329,AL,numeric,sig4figs,median,0.4897,0.6923,0.8182,1.0,0.6923
1069,AL_332,AL,numeric,raw,mean,0.4897,0.6923,0.8182,1.0,0.6923
1070,AL_332,AL,numeric,raw,median,0.4897,0.6923,0.8182,1.0,0.6923
1071,AL_332,AL,numeric,significand,mean,0.4897,0.6923,0.8182,1.0,0.6923
1072,AL_332,AL,numeric,significand,median,0.4897,0.6923,0.8182,1.0,0.6923
1073,AL_332,AL,numeric,sig4figs,mean,0.4897,0.6923,0.8182,1.0,0.6923
1074,AL_332,AL,numeric,sig4figs,median,0.4897,0.6923,0.8182,1.0,0.6923
1075,AL_334,AL,numeric,raw,median,0.4897,0.6923,0.8182,1.0,0.6923
1076,AL_334,AL,numeric,significand,median,0.4897,0.6923,0.8182,1.0,0.6923
1077,AL_334,AL,numeric,sig4figs,median,0.4897,0.6923,0.8182,1.0,0.6923
1078,AL_187,AL,numeric,raw,mean,0.6985,0.7436,0.8182,0.8333,0.8036
1079,AL_187,AL,numeric,significand,mean,0.6985,0.7436,0.8182,0.8333,0.8036
1080,AL_187,AL,numeric,sig4figs,mean,0.6985,0.7436,0.8182,0.8333,0.8036
1081,AL_189,AL,numeric,raw,mean,0.6985,0.7436,0.8182,0.8333,0.8036
1082,AL_189,AL,numeric,significand,mean,0.6985,0.7436,0.8182,0.8333,0.8036
1083,AL_189,AL,numeric,sig4figs,mean,0.6985,0.7436,0.8182,0.8333,0.8036
1084,AL_192,AL,numeric,raw,mean,0.6985,0.7436,0.8182,0.8333,0.8036
1085,AL_192,AL,numeric,significand,mean,0.6985,0.7436,0.8182,0.8333,0.8036
1086,AL_192,AL,numeric,sig4figs,mean,0.6985,0.7436,0.8182,0.8333,0.8036
1087,AL_193,AL,numeric,raw,mean,0.6985,0.7436,0.8182,0.8333,0.8036
1088,AL_193,AL,numeric,significand,mean,0.6985,0.7436,0.8182,0.8333,0.8036
1089,AL_193,AL,numeric,sig4figs,mean,0.6985,0.7436,0.8182,0.8333,0.8036
1090,AL_196,AL,numeric,significand,mean,0.6985,0.7436,0.8182,0.8333,0.8036
1091,AL_198,AL,numeric,raw,mean,0.6985,0.7436,0.8182,0.8333,0.8036
1092,AL_198,AL,numeric,significand,mean,0.6985,0.7436,0.8182,0.8333,0.8036
1093,AL_198,AL,numeric,sig4figs,mean,0.6985,0.7436,0.8182,0.8333,0.8036
1094,AL_202,AL,numeric,raw,mean,0.6985,0.7436,0.8182,0.8333,0.8036
1095,AL_202,AL,numeric,significand,mean,0.6985,0.7436,0.8182,0.8333,0.8036
1096,AL_202,AL,numeric,sig4figs,mean,0.6985,0.7436,0.8182,0.8333,0.8036
1097,AL_205,AL,numeric,raw,mean,0.6985,0.7436,0.8182,0.8333,0.8036
1098,AL_205,AL,numeric,significand,mean,0.6985,0.7436,0.8182,0.8333,0.8036
1099,AL_205,AL,numeric,sig4figs,mean,0.6985,0.7436,0.8182,0.8333,0.8036
1100,AL_206,AL,numeric,raw,mean,0.6985,0.7436,0.8182,0.8333,0.8036
1101,AL_206,AL,numeric,significand,mean,0.6985,0.7436,0.8182,0.8333,0.8036
1102,AL_206,AL,numeric,sig4figs,mean,0.6985,0.7436,0.8182,0.8333,0.8036
1103,AL_209,AL,numeric,raw,mean,0.6985,0.7436,0.8182,0.8333,0.8036
1104,AL_209,AL,numeric,significand,mean,0.6985,0.7436,0.8182,0.8333,0.8036
1105,AL_209,AL,numeric,sig4figs,mean,0.6985,0.7436,0.8182,0.8333,0.8036
1106,AL_210,AL,numeric,raw,mean,0.6985,0.7436,0.8182,0.8333,0.8036
1107,AL_210,AL,numeric,significand,mean,0.6985,0.7436,0.8182,0.8333,0.8036
1108,AL_210,AL,numeric,sig4figs,mean,0.6985,0.7436,0.8182,0.8333,0.8036
1109,AL_213,AL,numeric,raw,mean,0.6985,0.7436,0.8182,0.8333,0.8036
1110,AL_213,AL,numeric,significand,mean,0.6985,0.7436,0.8182,0.8333,0.8036
1111,AL_213,AL,numeric,sig4figs,mean,0.6985,0.7436,0.8182,0.8333,0.8036
1112,AL_218,AL,numeric,raw,mean,0.6985,0.7436,0.8182,0.8333,0.8036
1113,AL_218,AL,numeric,significand,mean,0.6985,0.7436,0.8182,0.8333,0.8036
1114,AL_218,AL,numeric,sig4figs,mean,0.6985,0.7436,0.8182,0.8333,0.8036
1115,AL_221,AL,numeric,raw,mean,0.6985,0.7436,0.8182,0.8333,0.8036
1116,AL_221,AL,numeric,significand,mean,0.6985,0.7436,0.8182,0.8333,0.8036
1117,AL_221,AL,numeric,sig4figs,mean,0.6985,0.7436,0.8182,0.8333,0.8036
1118,AL_222,AL,numeric,raw,mean,0.6985,0.7436,0.8182,0.8333,0.8036
1119,AL_222,AL,numeric,significand,mean,0.6985,0.7436,0.8182,0.8333,0.8036
1120,AL_222,AL,numeric,sig4figs,mean,0.6985,0.7436,0.8182,0.8333,0.8036
1121,AL_223,AL,numeric,raw,mean,0.6985,0.7436,0.8182,0.8333,0.8036
1122,AL_223,AL,numeric,significand,mean,0.6985,0.7436,0.8182,0.8333,0.8036
1123,AL_223,AL,numeric,sig4figs,mean,0.6985,0.7436,0.8182,0.8333,0.8036
1124,AL_225,AL,numeric,significand,mean,0.6985,0.7436,0.8182,0.8333,0.8036
1125,AL_228,AL,numeric,raw,mean,0.6985,0.7436,0.8182,0.8333,0.8036
1126,AL_228,AL,numeric,significand,mean,0.6985,0.7436,0.8182,0.8333,0.8036
1127,AL_228,AL,numeric,sig4figs,mean,0.6985,0.7436,0.8182,0.8333,0.8036
1128,AL_229,AL,numeric,raw,mean,0.6985,0.7436,0.8182,0.8333,0.8036
1129,AL_229,AL,numeric,significand,mean,0.6985,0.7436,0.8182,0.8333,0.8036
1130,AL_229,AL,numeric,sig4figs,mean,0.6985,0.7436,0.8182,0.8333,0.8036
1131,AL_232,AL,numeric,raw,mean,0.6985,0.7436,0.8182,0.8333,0.8036
1132,AL_232,AL,numeric,significand,mean,0.6985,0.7436,0.8182,0.8333,0.8036
1133,AL_232,AL,numeric,sig4figs,mean,0.6985,0.7436,0.8182,0.8333,0.8036
1134,AL_234,AL,numeric,raw,mean,0.6985,0.7436,0.8182,0.8333,0.8036
1135,AL_234,AL,numeric,significand,mean,0.6985,0.7436,0.8182,0.8333,0.8036
1136,AL_234,AL,numeric,sig4figs,mean,0.6985,0.7436,0.8182,0.8333,0.8036
1137,AL_237,AL,numeric,significand,mean,0.6985,0.7436,0.8182,0.8333,0.8036
1138,AL_238,AL,numeric,raw,mean,0.6985,0.7436,0.8182,0.8333,0.8036
1139,AL_238,AL,numeric,significand,mean,0.6985,0.7436,0.8182,0.8333,0.8036
1140,AL_238,AL,numeric,sig4figs,mean,0.6985,0.7436,0.8182,0.8333,0.8036
1141,AL_241,AL,numeric,raw,mean,0.6985,0.7436,0.8182,0.8333,0.8036
1142,AL_241,AL,numeric,significand,mean,0.6985,0.7436,0.8182,0.8333,0.8036
1143,AL_241,AL,numeric,sig4figs,mean,0.6985,0.7436,0.8182,0.8333,0.8036
1144,AL_242,AL,numeric,raw,mean,0.6985,0.7436,0.8182,0.8333,0.8036
1145,AL_242,AL,numeric,significand,mean,0.6985,0.7436,0.8182,0.8333,0.8036
1146,AL_242,AL,numeric,sig4figs,mean,0.6985,0.7436,0.8182,0.8333,0.8036
1147,AL_245,AL,numeric,raw,mean,0.6985,0.7436,0.8182,0.8333,0.8036
1148,AL_245,AL,numeric,raw,median,0.6985,0.7436,0.8182,0.8333,0.8036
1149,AL_245,AL,numeric,significand,mean,0.6985,0.7436,0.8182,0.8333,0.8036
1150,AL_245,AL,numeric,sig4figs,mean,0.6985,0.7436,0.8182,0.8333,0.8036
1151,AL_245,AL,numeric,sig4figs,median,0.6985,0.7436,0.8182,0.8333,0.8036
1152,AL_246,AL,numeric,raw,mean,0.6985,0.7436,0.8182,0.8333,0.8036
1153,AL_246,AL,numeric,significand,mean,0.6985,0.7436,0.8182,0.8333,0.8036
1154,AL_246,AL,numeric,sig4figs,mean,0.6985,0.7436,0.8182,0.8333,0.8036
1155,AL_249,AL,numeric,raw,mean,0.6985,0.7436,0.8182,0.8333,0.8036
1156,AL_249,AL,numeric,significand,mean,0.6985,0.7436,0.8182,0.8333,0.8036
1157,AL_249,AL,numeric,sig4figs,mean,0.6985,0.7436,0.8182,0.8333,0.8036
1158,AL_254,AL,numeric,raw,mean,0.6985,0.7436,0.8182,0.8333,0.8036
1159,AL_254,AL,numeric,significand,mean,0.6985,0.7436,0.8182,0.8333,0.8036
1160,AL_254,AL,numeric,sig4figs,mean,0.6985,0.7436,0.8182,0.8333,0.8036
1161,AL_257,AL,numeric,raw,mean,0.6985,0.7436,0.8182,0.8333,0.8036
1162,AL_257,AL,numeric,significand,mean,0.6985,0.7436,0.8182,0.8333,0.8036
1163,AL_257,AL,numeric,sig4figs,mean,0.6985,0.7436,0.8182,0.8333,0.8036
1164,AL_258,AL,numeric,raw,mean,0.6985,0.7436,0.8182,0.8333,0.8036
1165,AL_258,AL,numeric,significand,mean,0.6985,0.7436,0.8182,0.8333,0.8036
1166,AL_258,AL,numeric,sig4figs,mean,0.6985,0.7436,0.8182,0.8333,0.8036
1167,AL_259,AL,numeric,raw,mean,0.6985,0.7436,0.8182,0.8333,0.8036
1168,AL_259,AL,numeric,significand,mean,0.6985,0.7436,0.8182,0.8333,0.8036
1169,AL_259,AL,numeric,sig4figs,mean,0.6985,0.7436,0.8182,0.8333,0.8036
1170,AL_261,AL,numeric,raw,mean,0.6985,0.7436,0.8182,0.8333,0.8036
1171,AL_261,AL,numeric,significand,mean,0.6985,0.7436,0.8182,0.8333,0.8036
1172,AL_261,AL,numeric,sig4figs,mean,0.6985,0.7436,0.8182,0.8333,0.8036
1173,AL_264,AL,numeric,raw,mean,0.6985,0.7436,0.8182,0.8333,0.8036
1174,AL_264,AL,numeric,significand,mean,0.6985,0.7436,0.8182,0.8333,0.8036
1175,AL_264,AL,numeric,sig4figs,mean,0.6985,0.7436,0.8182,0.8333,0.8036
1176,AL_265,AL,numeric,raw,mean,0.6985,0.7436,0.8182,0.8333,0.8036
1177,AL_265,AL,numeric,significand,mean,0.6985,0.7436,0.8182,0.8333,0.8036
1178,AL_265,AL,numeric,sig4figs,mean,0.6985,0.7436,0.8182,0.8333,0.8036
1179,AL_268,AL,numeric,raw,mean,0.6985,0.7436,0.8182,0.8333,0.8036
1180,AL_268,AL,numeric,significand,mean,0.6985,0.7436,0.8182,0.8333,0.8036
1181,AL_268,AL,numeric,sig4figs,mean,0.6985,0.7436,0.8182,0.8333,0.8036
1182,AL_270,AL,numeric,raw,mean,0.6985,0.7436,0.8182,0.8333,0.8036
1183,AL_270,AL,numeric,significand,mean,0.6985,0.7436,0.8182,0.8333,0.8036
1184,AL_270,AL,numeric,sig4figs,mean,0.6985,0.7436,0.8182,0.8333,0.8036
1185,AL_273,AL,numeric,significand,mean,0.6985,0.7436,0.8182,0.8333,0.8036
1186,AL_274,AL,numeric,raw,mean,0.6985,0.7436,0.8182,0.8333,0.8036
1187,AL_274,AL,numeric,significand,mean,0.6985,0.7436,0.8182,0.8333,0.8036
1188,AL_274,AL,numeric,sig4figs,mean,0.6985,0.7436,0.8182,0.8333,0.8036
1189,AL_277,AL,numeric,raw,mean,0.6985,0.7436,0.8182,0.8333,0.8036
1190,AL_277,AL,numeric,significand,mean,0.6985,0.7436,0.8182,0.8333,0.8036
1191,AL_277,AL,numeric,sig4figs,mean,0.6985,0.7436,0.8182,0.8333,0.8036
1192,AL_278,AL,numeric,raw,mean,0.6985,0.7436,0.8182,0.8333,0.8036
1193,AL_278,AL,numeric,significand,mean,0.6985,0.7436,0.8182,0.8333,0.8036
1194,AL_278,AL,numeric,sig4figs,mean,0.6985,0.7436,0.8182,0.8333,0.8036
1195,AL_281,AL,numeric,raw,mean,0.6985,0.7436,0.8182,0.8333,0.8036
1196,AL_281,AL,numeric,significand,mean,0.6985,0.7436,0.8182,0.8333,0.8036
1197,AL_281,AL,numeric,sig4figs,mean,0.6985,0.7436,0.8182,0.8333,0.8036
1198,AL_282,AL,numeric,raw,mean,0.6985,0.7436,0.8182,0.8333,0.8036
1199,AL_282,AL,numeric,significand,mean,0.6985,0.7436,0.8182,0.8333,0.8036
1200,AL_282,AL,numeric,sig4figs,mean,0.6985,0.7436,0.8182,0.8333,0.8036
1201,AL_285,AL,numeric,raw,mean,0.6985,0.7436,0.8182,0.8333,0.8036
1202,AL_285,AL,numeric,significand,mean,0.6985,0.7436,0.8182,0.8333,0.8036
1203,AL_285,AL,numeric,sig4figs,mean,0.6985,0.7436,0.8182,0.8333,0.8036
1204,AL_290,AL,numeric,raw,mean,0.6985,0.7436,0.8182,0.8333,0.8036
1205,AL_290,AL,numeric,significand,mean,0.6985,0.7436,0.8182,0.8333,0.8036
1206,AL_290,AL,numeric,sig4figs,mean,0.6985,0.7436,0.8182,0.8333,0.8036
1207,AL_293,AL,numeric,raw,mean,0.6985,0.7436,0.8182,0.8333,0.8036
1208,AL_293,AL,numeric,significand,mean,0.6985,0.7436,0.8182,0.8333,0.8036
1209,AL_293,AL,numeric,sig4figs,mean,0.6985,0.7436,0.8182,0.8333,0.8036
1210,AL_294,AL,numeric,raw,mean,0.6985,0.7436,0.8182,0.8333,0.8036
1211,AL_294,AL,numeric,significand,mean,0.6985,0.7436,0.8182,0.8333,0.8036
1212,AL_294,AL,numeric,sig4figs,mean,0.6985,0.7436,0.8182,0.8333,0.8036
1213,EK_5,EK,numeric,raw,median,0.0593,0.7436,0.8182,0.8333,0.8036
1214,EK_5,EK,numeric,sig4figs,mean,0.0593,0.7436,0.8182,0.8333,0.8036
1215,EK_5,EK,numeric,sig4figs,median,0.0593,0.7436,0.8182,0.8333,0.8036
1216,AL_145,AL,numeric,raw,median,0.5284,0.7308,0.8174,0.8704,0.7705
1217,AL_145,AL,numeric,sig4figs,median,0.5284,0.7308,0.8174,0.8704,0.7705
1218,AL_151,AL,numeric,raw,mean,0.5284,0.7308,0.8174,0.8704,0.7705
1219,AL_151,AL,numeric,sig4figs,mean,0.5284,0.7308,0.8174,0.8704,0.7705
1220,EK_8,EK,numeric,sig4figs,mean,0.0593,0.7308,0.8174,0.8704,0.7705
1221,AL_202,AL,numeric,raw,median,0.6985,0.7179,0.8167,0.9074,0.7424
1222,AL_202,AL,numeric,significand,median,0.6985,0.7179,0.8167,0.9074,0.7424
1223,AL_202,AL,numeric,sig4figs,median,0.6985,0.7179,0.8167,0.9074,0.7424
1224,AL_207,AL,numeric,raw,mean,0.6985,0.7179,0.8167,0.9074,0.7424
1225,AL_207,AL,numeric,raw,median,0.6985,0.7179,0.8167,0.9074,0.7424
1226,AL_207,AL,numeric,sig4figs,mean,0.6985,0.7179,0.8167,0.9074,0.7424
1227,AL_207,AL,numeric,sig4figs,median,0.6985,0.7179,0.8167,0.9074,0.7424
1228,AL_247,AL,numeric,significand,mean,0.6985,0.7179,0.8167,0.9074,0.7424
1229,AL_255,AL,numeric,raw,mean,0.6985,0.7179,0.8167,0.9074,0.7424
1230,AL_255,AL,numeric,sig4figs,mean,0.6985,0.7179,0.8167,0.9074,0.7424
1231,AL_46,AL,numeric,sig4figs,mean,0.3763,0.7051,0.816,0.9444,0.7183
1232,AL_169,AL,numeric,raw,median,0.5284,0.7051,0.816,0.9444,0.7183
1233,AL_169,AL,numeric,sig4figs,median,0.5284,0.7051,0.816,0.9444,0.7183
1234,AL_241,AL,numeric,raw,median,0.6985,0.7051,0.816,0.9444,0.7183
1235,AL_241,AL,numeric,significand,median,0.6985,0.7051,0.816,0.9444,0.7183
1236,AL_241,AL,numeric,sig4figs,median,0.6985,0.7051,0.816,0.9444,0.7183
1237,AL_258,AL,numeric,raw,median,0.6985,0.7051,0.816,0.9444,0.7183
1238,AL_258,AL,numeric,significand,median,0.6985,0.7051,0.816,0.9444,0.7183
1239,AL_258,AL,numeric,sig4figs,median,0.6985,0.7051,0.816,0.9444,0.7183
1240,AL_328,AL,numeric,raw,mean,0.4897,0.6923,0.8154,0.9815,0.6974
1241,AL_328,AL,numeric,raw,median,0.4897,0.6923,0.8154,0.9815,0.6974
1242,AL_328,AL,numeric,significand,mean,0.4897,0.6923,0.8154,0.9815,0.6974
1243,AL_328,AL,numeric,significand,median,0.4897,0.6923,0.8154,0.9815,0.6974
1244,AL_328,AL,numeric,sig4figs,mean,0.4897,0.6923,0.8154,0.9815,0.6974
1245,AL_328,AL,numeric,sig4figs,median,0.4897,0.6923,0.8154,0.9815,0.6974
1246,AL_102,AL,numeric,raw,mean,0.5284,0.7308,0.8142,0.8519,0.7797
1247,AL_102,AL,numeric,significand,mean,0.5284,0.7308,0.8142,0.8519,0.7797
1248,AL_102,AL,numeric,sig4figs,mean,0.5284,0.7308,0.8142,0.8519,0.7797
1249,AL_103,AL,numeric,raw,median,0.5284,0.7308,0.8142,0.8519,0.7797
1250,AL_103,AL,numeric,sig4figs,mean,0.5284,0.7308,0.8142,0.8519,0.7797
1251,AL_306,AL,numeric,significand,mean,0.4897,0.7308,0.8142,0.8519,0.7797
1252,AL_306,AL,numeric,significand,median,0.4897,0.7308,0.8142,0.8519,0.7797
1253,AL_82,AL,numeric,raw,median,0.6418,0.7179,0.8136,0.8889,0.75
1254,AL_82,AL,numeric,significand,mean,0.6418,0.7179,0.8136,0.8889,0.75
1255,AL_82,AL,numeric,sig4figs,median,0.6418,0.7179,0.8136,0.8889,0.75
1256,AL_112,AL,numeric,significand,mean,0.5284,0.7179,0.8136,0.8889,0.75
1257,AL_112,AL,numeric,significand,median,0.5284,0.7179,0.8136,0.8889,0.75
1258,AL_118,AL,numeric,raw,mean,0.5284,0.7179,0.8136,0.8889,0.75
1259,AL_118,AL,numeric,sig4figs,mean,0.5284,0.7179,0.8136,0.8889,0.75
1260,AL_133,AL,numeric,significand,median,0.5284,0.7179,0.8136,0.8889,0.75
1261,AL_207,AL,numeric,significand,mean,0.6985,0.7179,0.8136,0.8889,0.75
1262,AL_207,AL,numeric,significand,median,0.6985,0.7179,0.8136,0.8889,0.75
1263,AL_222,AL,numeric,raw,median,0.6985,0.7179,0.8136,0.8889,0.75
1264,AL_222,AL,numeric,significand,median,0.6985,0.7179,0.8136,0.8889,0.75
1265,AL_222,AL,numeric,sig4figs,median,0.6985,0.7179,0.8136,0.8889,0.75
1266,AL_271,AL,numeric,significand,mean,0.6985,0.7179,0.8136,0.8889,0.75
1267,AL_223,AL,numeric,raw,median,0.6985,0.7051,0.813,0.9259,0.7246
1268,AL_223,AL,numeric,significand,median,0.6985,0.7051,0.813,0.9259,0.7246
1269,AL_223,AL,numeric,sig4figs,median,0.6985,0.7051,0.813,0.9259,0.7246
1270,AL_259,AL,numeric,raw,median,0.6985,0.7051,0.813,0.9259,0.7246
1271,AL_259,AL,numeric,significand,median,0.6985,0.7051,0.813,0.9259,0.7246
1272,AL_259,AL,numeric,sig4figs,median,0.6985,0.7051,0.813,0.9259,0.7246
1273,AL_286,AL,numeric,raw,median,0.7165,0.7051,0.813,0.9259,0.7246
1274,AL_286,AL,numeric,significand,median,0.7165,0.7051,0.813,0.9259,0.7246
1275,AL_286,AL,numeric,sig4figs,median,0.7165,0.7051,0.813,0.9259,0.7246
1276,AL_278,AL,numeric,raw,median,0.6985,0.6923,0.8125,0.963,0.7027
1277,AL_278,AL,numeric,significand,median,0.6985,0.6923,0.8125,0.963,0.7027
1278,AL_278,AL,numeric,sig4figs,median,0.6985,0.6923,0.8125,0.963,0.7027
1279,AL_304,AL,numeric,significand,mean,0.4897,0.6923,0.8125,0.963,0.7027
1280,AL_304,AL,numeric,significand,median,0.4897,0.6923,0.8125,0.963,0.7027
1281,AL_124,AL,numeric,raw,mean,0.5284,0.7308,0.8108,0.8333,0.7895
1282,AL_124,AL,numeric,sig4figs,mean,0.5284,0.7308,0.8108,0.8333,0.7895
1283,AL_225,AL,numeric,raw,mean,0.6985,0.7308,0.8108,0.8333,0.7895
1284,AL_225,AL,numeric,sig4figs,mean,0.6985,0.7308,0.8108,0.8333,0.7895
1285,AL_237,AL,numeric,raw,mean,0.6985,0.7308,0.8108,0.8333,0.7895
1286,AL_237,AL,numeric,sig4figs,mean,0.6985,0.7308,0.8108,0.8333,0.7895
1287,AL_273,AL,numeric,raw,mean,0.6985,0.7308,0.8108,0.8333,0.7895
1288,AL_273,AL,numeric,sig4figs,mean,0.6985,0.7308,0.8108,0.8333,0.7895
1289,AL_286,AL,numeric,raw,mean,0.7165,0.7308,0.8108,0.8333,0.7895
1290,AL_286,AL,numeric,significand,mean,0.7165,0.7308,0.8108,0.8333,0.7895
1291,AL_286,AL,numeric,sig4figs,mean,0.7165,0.7308,0.8108,0.8333,0.7895
1292,AL_289,AL,numeric,raw,mean,0.7165,0.7308,0.8108,0.8333,0.7895
1293,AL_289,AL,numeric,significand,mean,0.7165,0.7308,0.8108,0.8333,0.7895
1294,AL_289,AL,numeric,sig4figs,mean,0.7165,0.7308,0.8108,0.8333,0.7895
1295,EK_7,EK,numeric,significand,mean,0.0593,0.7308,0.8108,0.8333,0.7895
1296,AL_94,AL,numeric,significand,mean,0.6418,0.7179,0.8103,0.8704,0.7581
1297,EK_3,EK,numeric,sig4figs,mean,0.3325,0.7179,0.8103,0.8704,0.7581
1298,AL_130,AL,numeric,raw,median,0.5284,0.7179,0.8103,0.8704,0.7581
1299,AL_130,AL,numeric,sig4figs,median,0.5284,0.7179,0.8103,0.8704,0.7581
1300,AL_157,AL,numeric,significand,median,0.5284,0.7179,0.8103,0.8704,0.7581
1301,AL_163,AL,numeric,significand,mean,0.5284,0.7179,0.8103,0.8704,0.7581
1302,AL_239,AL,numeric,significand,mean,0.6985,0.7179,0.8103,0.8704,0.7581
1303,AL_239,AL,numeric,significand,median,0.6985,0.7179,0.8103,0.8704,0.7581
1304,AL_188,AL,numeric,raw,mean,0.6985,0.7051,0.8099,0.9074,0.7313
1305,AL_188,AL,numeric,raw,median,0.6985,0.7051,0.8099,0.9074,0.7313
1306,AL_188,AL,numeric,sig4figs,mean,0.6985,0.7051,0.8099,0.9074,0.7313
1307,AL_188,AL,numeric,sig4figs,median,0.6985,0.7051,0.8099,0.9074,0.7313
1308,AL_219,AL,numeric,significand,mean,0.6985,0.7051,0.8099,0.9074,0.7313
1309,AL_232,AL,numeric,raw,median,0.6985,0.7051,0.8099,0.9074,0.7313
1310,AL_232,AL,numeric,significand,median,0.6985,0.7051,0.8099,0.9074,0.7313
1311,AL_232,AL,numeric,sig4figs,median,0.6985,0.7051,0.8099,0.9074,0.7313
1312,AL_234,AL,numeric,raw,median,0.6985,0.7051,0.8099,0.9074,0.7313
1313,AL_234,AL,numeric,significand,median,0.6985,0.7051,0.8099,0.9074,0.7313
1314,AL_234,AL,numeric,sig4figs,median,0.6985,0.7051,0.8099,0.9074,0.7313
1315,AL_257,AL,numeric,raw,median,0.6985,0.7051,0.8099,0.9074,0.7313
1316,AL_257,AL,numeric,significand,median,0.6985,0.7051,0.8099,0.9074,0.7313
1317,AL_257,AL,numeric,sig4figs,median,0.6985,0.7051,0.8099,0.9074,0.7313
1318,AL_279,AL,numeric,raw,median,0.6985,0.7051,0.8099,0.9074,0.7313
1319,AL_279,AL,numeric,sig4figs,median,0.6985,0.7051,0.8099,0.9074,0.7313
1320,AA_1,AA,categorical,categorical,none,0.0567,0.7051,0.8099,0.9074,0.7313
1321,AL_45,AL,numeric,raw,mean,0.3763,0.6795,0.8092,0.9815,0.6883
1322,AL_45,AL,numeric,sig4figs,mean,0.3763,0.6795,0.8092,0.9815,0.6883
1323,AL_51,AL,numeric,raw,mean,0.3763,0.6795,0.8092,0.9815,0.6883
1324,AL_51,AL,numeric,raw,median,0.3763,0.6795,0.8092,0.9815,0.6883
1325,AL_51,AL,numeric,sig4figs,mean,0.3763,0.6795,0.8092,0.9815,0.6883
1326,AL_51,AL,numeric,sig4figs,median,0.3763,0.6795,0.8092,0.9815,0.6883
1327,EK_7,EK,numeric,significand,median,0.0593,0.7308,0.8073,0.8148,0.8
1328,AL_77,AL,numeric,raw,mean,0.6418,0.7179,0.807,0.8519,0.7667
1329,AL_77,AL,numeric,significand,mean,0.6418,0.7179,0.807,0.8519,0.7667
1330,AL_77,AL,numeric,sig4figs,mean,0.6418,0.7179,0.807,0.8519,0.7667
1331,AL_266,AL,numeric,raw,mean,0.6985,0.7179,0.807,0.8519,0.7667
1332,AL_266,AL,numeric,raw,median,0.6985,0.7179,0.807,0.8519,0.7667
1333,AL_266,AL,numeric,sig4figs,mean,0.6985,0.7179,0.807,0.8519,0.7667
1334,AL_266,AL,numeric,sig4figs,median,0.6985,0.7179,0.807,0.8519,0.7667
1335,AL_327,AL,numeric,sig4figs,mean,0.4897,0.7179,0.807,0.8519,0.7667
1336,AL_327,AL,numeric,sig4figs,median,0.4897,0.7179,0.807,0.8519,0.7667
1337,CAT_3,CAT,categorical,categorical,none,0.0593,0.7051,0.8067,0.8889,0.7385
1338,CAT_4,CAT,categorical,categorical,none,0.0593,0.7051,0.8067,0.8889,0.7385
1339,AL_133,AL,numeric,significand,mean,0.5284,0.7051,0.8067,0.8889,0.7385
1340,AL_172,AL,numeric,raw,mean,0.5284,0.7051,0.8067,0.8889,0.7385
1341,AL_172,AL,numeric,raw,median,0.5284,0.7051,0.8067,0.8889,0.7385
1342,AL_172,AL,numeric,significand,median,0.5284,0.7051,0.8067,0.8889,0.7385
1343,AL_172,AL,numeric,sig4figs,mean,0.5284,0.7051,0.8067,0.8889,0.7385
1344,AL_172,AL,numeric,sig4figs,median,0.5284,0.7051,0.8067,0.8889,0.7385
1345,CAT_5,CAT,categorical,categorical,none,0.0593,0.7051,0.8067,0.8889,0.7385
1346,AL_193,AL,numeric,raw,median,0.6985,0.7051,0.8067,0.8889,0.7385
1347,AL_193,AL,numeric,significand,median,0.6985,0.7051,0.8067,0.8889,0.7385
1348,AL_193,AL,numeric,sig4figs,median,0.6985,0.7051,0.8067,0.8889,0.7385
1349,AL_198,AL,numeric,raw,median,0.6985,0.7051,0.8067,0.8889,0.7385
1350,AL_198,AL,numeric,sig4figs,median,0.6985,0.7051,0.8067,0.8889,0.7385
1351,AL_238,AL,numeric,raw,median,0.6985,0.7051,0.8067,0.8889,0.7385
1352,AL_238,AL,numeric,significand,median,0.6985,0.7051,0.8067,0.8889,0.7385
1353,AL_238,AL,numeric,sig4figs,median,0.6985,0.7051,0.8067,0.8889,0.7385
1354,AL_265,AL,numeric,raw,median,0.6985,0.7051,0.8067,0.8889,0.7385
1355,AL_265,AL,numeric,significand,median,0.6985,0.7051,0.8067,0.8889,0.7385
1356,AL_265,AL,numeric,sig4figs,median,0.6985,0.7051,0.8067,0.8889,0.7385
1357,AL_271,AL,numeric,significand,median,0.6985,0.7051,0.8067,0.8889,0.7385
1358,AL_279,AL,numeric,raw,mean,0.6985,0.7051,0.8067,0.8889,0.7385
1359,AL_283,AL,numeric,raw,mean,0.6985,0.7051,0.8067,0.8889,0.7385
1360,AL_283,AL,numeric,sig4figs,mean,0.6985,0.7051,0.8067,0.8889,0.7385
1361,AL_50,AL,numeric,raw,mean,0.3763,0.6795,0.8062,0.963,0.6933
1362,AL_50,AL,numeric,raw,median,0.3763,0.6795,0.8062,0.963,0.6933
1363,AL_50,AL,numeric,significand,mean,0.3763,0.6795,0.8062,0.963,0.6933
1364,AL_50,AL,numeric,significand,median,0.3763,0.6795,0.8062,0.963,0.6933
1365,AL_50,AL,numeric,sig4figs,mean,0.3763,0.6795,0.8062,0.963,0.6933
1366,AL_50,AL,numeric,sig4figs,median,0.3763,0.6795,0.8062,0.963,0.6933
1367,EK_2,EK,numeric,significand,median,0.0593,0.7308,0.8037,0.7963,0.8113
1368,AL_103,AL,numeric,raw,mean,0.5284,0.7179,0.8036,0.8333,0.7759
1369,AL_141,AL,numeric,raw,mean,0.5284,0.7179,0.8036,0.8333,0.7759
1370,AL_141,AL,numeric,raw,median,0.5284,0.7179,0.8036,0.8333,0.7759
1371,AL_141,AL,numeric,significand,mean,0.5284,0.7179,0.8036,0.8333,0.7759
1372,AL_141,AL,numeric,significand,median,0.5284,0.7179,0.8036,0.8333,0.7759
1373,AL_141,AL,numeric,sig4figs,mean,0.5284,0.7179,0.8036,0.8333,0.7759
1374,AL_141,AL,numeric,sig4figs,median,0.5284,0.7179,0.8036,0.8333,0.7759
1375,AL_196,AL,numeric,raw,mean,0.6985,0.7179,0.8036,0.8333,0.7759
1376,AL_196,AL,numeric,sig4figs,mean,0.6985,0.7179,0.8036,0.8333,0.7759
1377,AL_82,AL,numeric,raw,mean,0.6418,0.7051,0.8034,0.8704,0.746
1378,AL_130,AL,numeric,raw,mean,0.5284,0.7051,0.8034,0.8704,0.746
1379,AL_130,AL,numeric,sig4figs,mean,0.5284,0.7051,0.8034,0.8704,0.746
1380,AL_198,AL,numeric,significand,median,0.6985,0.7051,0.8034,0.8704,0.746
1381,AL_199,AL,numeric,significand,mean,0.6985,0.7051,0.8034,0.8704,0.746
1382,AL_199,AL,numeric,significand,median,0.6985,0.7051,0.8034,0.8704,0.746
1383,AL_255,AL,numeric,significand,median,0.6985,0.7051,0.8034,0.8704,0.746
1384,AL_274,AL,numeric,raw,median,0.6985,0.7051,0.8034,0.8704,0.746
1385,AL_274,AL,numeric,significand,median,0.6985,0.7051,0.8034,0.8704,0.746
1386,AL_274,AL,numeric,sig4figs,median,0.6985,0.7051,0.8034,0.8704,0.746
1387,AL_291,AL,numeric,significand,mean,0.6985,0.7051,0.8034,0.8704,0.746
1388,AL_291,AL,numeric,significand,median,0.6985,0.7051,0.8034,0.8704,0.746
1389,AL_201,AL,numeric,raw,median,0.6985,0.6923,0.8033,0.9074,0.7206
1390,AL_201,AL,numeric,significand,median,0.6985,0.6923,0.8033,0.9074,0.7206
1391,AL_201,AL,numeric,sig4figs,median,0.6985,0.6923,0.8033,0.9074,0.7206
1392,AL_266,AL,numeric,significand,mean,0.6985,0.6923,0.8033,0.9074,0.7206
1393,AL_266,AL,numeric,significand,median,0.6985,0.6923,0.8033,0.9074,0.7206
1394,AL_285,AL,numeric,raw,median,0.6985,0.6923,0.8033,0.9074,0.7206
1395,AL_285,AL,numeric,significand,median,0.6985,0.6923,0.8033,0.9074,0.7206
1396,AL_285,AL,numeric,sig4figs,median,0.6985,0.6923,0.8033,0.9074,0.7206
1397,AL_294,AL,numeric,raw,median,0.6985,0.6923,0.8033,0.9074,0.7206
1398,AL_294,AL,numeric,significand,median,0.6985,0.6923,0.8033,0.9074,0.7206
1399,AL_294,AL,numeric,sig4figs,median,0.6985,0.6923,0.8033,0.9074,0.7206
1400,AL_270,AL,numeric,raw,median,0.6985,0.6795,0.8031,0.9444,0.6986
1401,AL_270,AL,numeric,significand,median,0.6985,0.6795,0.8031,0.9444,0.6986
1402,AL_270,AL,numeric,sig4figs,median,0.6985,0.6795,0.8031,0.9444,0.6986
1403,AL_45,AL,numeric,significand,mean,0.3763,0.6667,0.8,0.963,0.6842
1404,AL_45,AL,numeric,significand,median,0.3763,0.6667,0.8,0.963,0.6842
1405,AL_189,AL,numeric,raw,median,0.6985,0.6795,0.8,0.9259,0.7042
1406,AL_189,AL,numeric,significand,median,0.6985,0.6795,0.8,0.9259,0.7042
1407,AL_189,AL,numeric,sig4figs,median,0.6985,0.6795,0.8,0.9259,0.7042
1408,AL_43,AL,numeric,raw,median,0.3763,0.6923,0.8,0.8889,0.7273
1409,AL_43,AL,numeric,sig4figs,median,0.3763,0.6923,0.8,0.8889,0.7273
1410,AL_199,AL,numeric,raw,mean,0.6985,0.6923,0.8,0.8889,0.7273
1411,AL_199,AL,numeric,raw,median,0.6985,0.6923,0.8,0.8889,0.7273
1412,AL_199,AL,numeric,sig4figs,mean,0.6985,0.6923,0.8,0.8889,0.7273
1413,AL_199,AL,numeric,sig4figs,median,0.6985,0.6923,0.8,0.8889,0.7273
1414,AL_206,AL,numeric,raw,median,0.6985,0.6923,0.8,0.8889,0.7273
1415,AL_206,AL,numeric,significand,median,0.6985,0.6923,0.8,0.8889,0.7273
1416,AL_206,AL,numeric,sig4figs,median,0.6985,0.6923,0.8,0.8889,0.7273
1417,AL_255,AL,numeric,raw,median,0.6985,0.6923,0.8,0.8889,0.7273
1418,AL_255,AL,numeric,sig4figs,median,0.6985,0.6923,0.8,0.8889,0.7273
1419,AL_279,AL,numeric,sig4figs,mean,0.6985,0.6923,0.8,0.8889,0.7273
1420,AL_283,AL,numeric,raw,median,0.6985,0.6923,0.8,0.8889,0.7273
1421,AL_283,AL,numeric,sig4figs,median,0.6985,0.6923,0.8,0.8889,0.7273
1422,AL_287,AL,numeric,significand,mean,0.7165,0.6923,0.8,0.8889,0.7273
1423,AL_287,AL,numeric,significand,median,0.7165,0.6923,0.8,0.8889,0.7273
1424,AL_85,AL,numeric,significand,mean,0.6418,0.7051,0.8,0.8519,0.7541
1425,AL_88,AL,numeric,significand,mean,0.6418,0.7051,0.8,0.8519,0.7541
1426,AL_88,AL,numeric,significand,median,0.6418,0.7051,0.8,0.8519,0.7541
1427,AL_94,AL,numeric,raw,mean,0.6418,0.7051,0.8,0.8519,0.7541
1428,AL_94,AL,numeric,raw,median,0.6418,0.7051,0.8,0.8519,0.7541
1429,AL_94,AL,numeric,sig4figs,mean,0.6418,0.7051,0.8,0.8519,0.7541
1430,AL_94,AL,numeric,sig4figs,median,0.6418,0.7051,0.8,0.8519,0.7541
1431,AL_118,AL,numeric,raw,median,0.5284,0.7051,0.8,0.8519,0.7541
1432,AL_118,AL,numeric,sig4figs,median,0.5284,0.7051,0.8,0.8519,0.7541
1433,AL_130,AL,numeric,significand,mean,0.5284,0.7051,0.8,0.8519,0.7541
1434,AL_133,AL,numeric,raw,median,0.5284,0.7051,0.8,0.8519,0.7541
1435,AL_133,AL,numeric,sig4figs,median,0.5284,0.7051,0.8,0.8519,0.7541
1436,AL_165,AL,numeric,raw,mean,0.5284,0.7051,0.8,0.8519,0.7541
1437,AL_165,AL,numeric,raw,median,0.5284,0.7051,0.8,0.8519,0.7541
1438,AL_165,AL,numeric,significand,mean,0.5284,0.7051,0.8,0.8519,0.7541
1439,AL_165,AL,numeric,significand,median,0.5284,0.7051,0.8,0.8519,0.7541
1440,AL_165,AL,numeric,sig4figs,mean,0.5284,0.7051,0.8,0.8519,0.7541
1441,AL_165,AL,numeric,sig4figs,median,0.5284,0.7051,0.8,0.8519,0.7541
1442,AL_264,AL,numeric,raw,median,0.6985,0.7051,0.8,0.8519,0.7541
1443,AL_264,AL,numeric,significand,median,0.6985,0.7051,0.8,0.8519,0.7541
1444,AL_264,AL,numeric,sig4figs,median,0.6985,0.7051,0.8,0.8519,0.7541
1445,AL_291,AL,numeric,raw,mean,0.6985,0.7051,0.8,0.8519,0.7541
1446,AL_291,AL,numeric,raw,median,0.6985,0.7051,0.8,0.8519,0.7541
1447,AL_291,AL,numeric,sig4figs,mean,0.6985,0.7051,0.8,0.8519,0.7541
1448,AL_291,AL,numeric,sig4figs,median,0.6985,0.7051,0.8,0.8519,0.7541
1449,AL_327,AL,numeric,raw,mean,0.4897,0.7051,0.8,0.8519,0.7541
1450,AL_327,AL,numeric,raw,median,0.4897,0.7051,0.8,0.8519,0.7541
1451,EK_9,EK,numeric,significand,mean,0.0619,0.7051,0.8,0.8519,0.7541
1452,AL_106,AL,numeric,raw,mean,0.5284,0.7179,0.8,0.8148,0.7857
1453,AL_106,AL,numeric,sig4figs,mean,0.5284,0.7179,0.8,0.8148,0.7857
1454,AL_124,AL,numeric,raw,median,0.5284,0.7179,0.8,0.8148,0.7857
1455,AL_124,AL,numeric,sig4figs,median,0.5284,0.7179,0.8,0.8148,0.7857
1456,AL_154,AL,numeric,raw,mean,0.5284,0.7179,0.8,0.8148,0.7857
1457,AL_154,AL,numeric,raw,median,0.5284,0.7179,0.8,0.8148,0.7857
1458,AL_154,AL,numeric,sig4figs,mean,0.5284,0.7179,0.8,0.8148,0.7857
1459,AL_154,AL,numeric,sig4figs,median,0.5284,0.7179,0.8,0.8148,0.7857
1460,AL_99,AL,numeric,raw,mean,0.5284,0.7308,0.8,0.7778,0.8235
1461,AL_99,AL,numeric,significand,mean,0.5284,0.7308,0.8,0.7778,0.8235
1462,AL_99,AL,numeric,sig4figs,mean,0.5284,0.7308,0.8,0.7778,0.8235
1463,AL_46,AL,numeric,raw,mean,0.3763,0.6795,0.7967,0.9074,0.7101
1464,AL_46,AL,numeric,sig4figs,median,0.3763,0.6795,0.7967,0.9074,0.7101
1465,AL_184,AL,numeric,significand,mean,0.732,0.6795,0.7967,0.9074,0.7101
1466,AL_184,AL,numeric,significand,median,0.732,0.6795,0.7967,0.9074,0.7101
1467,AL_133,AL,numeric,sig4figs,mean,0.5284,0.6923,0.7966,0.8704,0.7344
1468,AL_169,AL,numeric,raw,mean,0.5284,0.6923,0.7966,0.8704,0.7344
1469,AL_169,AL,numeric,significand,mean,0.5284,0.6923,0.7966,0.8704,0.7344
1470,AL_169,AL,numeric,significand,median,0.5284,0.6923,0.7966,0.8704,0.7344
1471,AL_169,AL,numeric,sig4figs,mean,0.5284,0.6923,0.7966,0.8704,0.7344
1472,AL_172,AL,numeric,significand,mean,0.5284,0.6923,0.7966,0.8704,0.7344
1473,AL_190,AL,numeric,raw,mean,0.6985,0.6923,0.7966,0.8704,0.7344
1474,AL_190,AL,numeric,raw,median,0.6985,0.6923,0.7966,0.8704,0.7344
1475,AL_190,AL,numeric,sig4figs,mean,0.6985,0.6923,0.7966,0.8704,0.7344
1476,AL_190,AL,numeric,sig4figs,median,0.6985,0.6923,0.7966,0.8704,0.7344
1477,AL_213,AL,numeric,raw,median,0.6985,0.6923,0.7966,0.8704,0.7344
1478,AL_213,AL,numeric,significand,median,0.6985,0.6923,0.7966,0.8704,0.7344
1479,AL_213,AL,numeric,sig4figs,median,0.6985,0.6923,0.7966,0.8704,0.7344
1480,AL_127,AL,numeric,raw,mean,0.5284,0.7051,0.7965,0.8333,0.7627
1481,AL_127,AL,numeric,raw,median,0.5284,0.7051,0.7965,0.8333,0.7627
1482,AL_127,AL,numeric,sig4figs,mean,0.5284,0.7051,0.7965,0.8333,0.7627
1483,AL_127,AL,numeric,sig4figs,median,0.5284,0.7051,0.7965,0.8333,0.7627
1484,AL_145,AL,numeric,raw,mean,0.5284,0.7051,0.7965,0.8333,0.7627
1485,AL_145,AL,numeric,sig4figs,mean,0.5284,0.7051,0.7965,0.8333,0.7627
1486,AL_178,AL,numeric,raw,mean,0.5284,0.7051,0.7965,0.8333,0.7627
1487,AL_178,AL,numeric,sig4figs,mean,0.5284,0.7051,0.7965,0.8333,0.7627
1488,AL_297,AL,numeric,raw,mean,0.4897,0.7051,0.7965,0.8333,0.7627
1489,AL_297,AL,numeric,significand,mean,0.4897,0.7051,0.7965,0.8333,0.7627
1490,AL_297,AL,numeric,sig4figs,mean,0.4897,0.7051,0.7965,0.8333,0.7627
1491,EK_9,EK,numeric,significand,median,0.0619,0.7051,0.7965,0.8333,0.7627
1492,CAT_2,CAT,categorical,categorical,none,0.6418,0.7179,0.7963,0.7963,0.7963
1493,EK_5,EK,numeric,raw,mean,0.0593,0.7179,0.7963,0.7963,0.7963
1494,AL_221,AL,numeric,raw,median,0.6985,0.6667,0.7937,0.9259,0.6944
1495,AL_221,AL,numeric,significand,median,0.6985,0.6667,0.7937,0.9259,0.6944
1496,AL_221,AL,numeric,sig4figs,median,0.6985,0.6667,0.7937,0.9259,0.6944
1497,AL_43,AL,numeric,raw,mean,0.3763,0.6795,0.7934,0.8889,0.7164
1498,AL_43,AL,numeric,sig4figs,mean,0.3763,0.6795,0.7934,0.8889,0.7164
1499,AL_55,AL,numeric,significand,mean,0.3763,0.6795,0.7934,0.8889,0.7164
1500,AL_55,AL,numeric,significand,median,0.3763,0.6795,0.7934,0.8889,0.7164
1501,AL_79,AL,numeric,sig4figs,mean,0.6418,0.6923,0.7931,0.8519,0.7419
1502,AL_82,AL,numeric,sig4figs,mean,0.6418,0.6923,0.7931,0.8519,0.7419
1503,AL_109,AL,numeric,raw,mean,0.5284,0.6923,0.7931,0.8519,0.7419
1504,AL_109,AL,numeric,sig4figs,mean,0.5284,0.6923,0.7931,0.8519,0.7419
1505,AL_130,AL,numeric,significand,median,0.5284,0.6923,0.7931,0.8519,0.7419
1506,AL_133,AL,numeric,raw,mean,0.5284,0.6923,0.7931,0.8519,0.7419
1507,AL_142,AL,numeric,raw,mean,0.5284,0.7051,0.7928,0.8148,0.7719
1508,AL_142,AL,numeric,sig4figs,mean,0.5284,0.7051,0.7928,0.8148,0.7719
1509,AL_157,AL,numeric,significand,mean,0.5284,0.7051,0.7928,0.8148,0.7719
1510,AL_178,AL,numeric,raw,median,0.5284,0.7051,0.7928,0.8148,0.7719
1511,AL_178,AL,numeric,sig4figs,median,0.5284,0.7051,0.7928,0.8148,0.7719
1512,EK_5,EK,numeric,significand,mean,0.0593,0.7051,0.7928,0.8148,0.7719
1513,EK_8,EK,numeric,raw,median,0.0593,0.7051,0.7928,0.8148,0.7719
1514,AL_11,AL,numeric,significand,mean,0.4459,0.7179,0.7925,0.7778,0.8077
1515,AL_11,AL,numeric,significand,median,0.4459,0.7179,0.7925,0.7778,0.8077
1516,AL_71,AL,numeric,raw,mean,0.3763,0.6538,0.7907,0.9444,0.68
1517,AL_71,AL,numeric,raw,median,0.3763,0.6538,0.7907,0.9444,0.68
1518,AL_71,AL,numeric,significand,mean,0.3763,0.6538,0.7907,0.9444,0.68
1519,AL_71,AL,numeric,significand,median,0.3763,0.6538,0.7907,0.9444,0.68
1520,AL_71,AL,numeric,sig4figs,mean,0.3763,0.6538,0.7907,0.9444,0.68
1521,AL_71,AL,numeric,sig4figs,median,0.3763,0.6538,0.7907,0.9444,0.68
1522,AL_70,AL,numeric,raw,mean,0.3763,0.6795,0.7899,0.8704,0.7231
1523,AL_70,AL,numeric,sig4figs,mean,0.3763,0.6795,0.7899,0.8704,0.7231
1524,AL_175,AL,numeric,raw,mean,0.5284,0.6795,0.7899,0.8704,0.7231
1525,AL_175,AL,numeric,raw,median,0.5284,0.6795,0.7899,0.8704,0.7231
1526,AL_175,AL,numeric,sig4figs,mean,0.5284,0.6795,0.7899,0.8704,0.7231
1527,AL_175,AL,numeric,sig4figs,median,0.5284,0.6795,0.7899,0.8704,0.7231
1528,AL_245,AL,numeric,significand,median,0.6985,0.6795,0.7899,0.8704,0.7231
1529,AL_255,AL,numeric,significand,mean,0.6985,0.6795,0.7899,0.8704,0.7231
1530,AL_78,AL,numeric,raw,median,0.6418,0.6923,0.7895,0.8333,0.75
1531,AL_78,AL,numeric,significand,median,0.6418,0.6923,0.7895,0.8333,0.75
1532,AL_78,AL,numeric,sig4figs,median,0.6418,0.6923,0.7895,0.8333,0.75
1533,AL_91,AL,numeric,significand,mean,0.6418,0.6923,0.7895,0.8333,0.75
1534,AL_91,AL,numeric,significand,median,0.6418,0.6923,0.7895,0.8333,0.75
1535,AL_103,AL,numeric,sig4figs,median,0.5284,0.6923,0.7895,0.8333,0.75
1536,AL_145,AL,numeric,significand,median,0.5284,0.6923,0.7895,0.8333,0.75
1537,AL_160,AL,numeric,significand,median,0.5284,0.6923,0.7895,0.8333,0.75
1538,AL_194,AL,numeric,significand,mean,0.6985,0.6923,0.7895,0.8333,0.75
1539,AL_194,AL,numeric,significand,median,0.6985,0.6923,0.7895,0.8333,0.75
1540,AL_123,AL,numeric,raw,mean,0.5284,0.7051,0.789,0.7963,0.7818
1541,AL_123,AL,numeric,significand,mean,0.5284,0.7051,0.789,0.7963,0.7818
1542,AL_123,AL,numeric,sig4figs,mean,0.5284,0.7051,0.789,0.7963,0.7818
1543,EK_5,EK,numeric,significand,median,0.0593,0.7051,0.789,0.7963,0.7818
1544,EK_6,EK,numeric,raw,mean,0.0619,0.7051,0.789,0.7963,0.7818
1545,EK_6,EK,numeric,sig4figs,mean,0.0619,0.7051,0.789,0.7963,0.7818
1546,AL_46,AL,numeric,raw,median,0.3763,0.6667,0.7869,0.8889,0.7059
1547,AL_52,AL,numeric,raw,mean,0.3763,0.6667,0.7869,0.8889,0.7059
1548,AL_52,AL,numeric,raw,median,0.3763,0.6667,0.7869,0.8889,0.7059
1549,AL_52,AL,numeric,sig4figs,mean,0.3763,0.6667,0.7869,0.8889,0.7059
1550,AL_52,AL,numeric,sig4figs,median,0.3763,0.6667,0.7869,0.8889,0.7059
1551,AL_279,AL,numeric,significand,mean,0.6985,0.6667,0.7869,0.8889,0.7059
1552,AL_279,AL,numeric,significand,median,0.6985,0.6667,0.7869,0.8889,0.7059
1553,AL_142,AL,numeric,significand,median,0.5284,0.6795,0.7863,0.8519,0.7302
1554,AL_85,AL,numeric,raw,mean,0.6418,0.6923,0.7857,0.8148,0.7586
1555,AL_85,AL,numeric,sig4figs,mean,0.6418,0.6923,0.7857,0.8148,0.7586
1556,AL_91,AL,numeric,sig4figs,mean,0.6418,0.6923,0.7857,0.8148,0.7586
1557,AL_91,AL,numeric,sig4figs,median,0.6418,0.6923,0.7857,0.8148,0.7586
1558,AL_100,AL,numeric,significand,median,0.5284,0.6923,0.7857,0.8148,0.7586
1559,AL_106,AL,numeric,raw,median,0.5284,0.6923,0.7857,0.8148,0.7586
1560,AL_106,AL,numeric,sig4figs,median,0.5284,0.6923,0.7857,0.8148,0.7586
1561,EK_8,EK,numeric,significand,mean,0.0593,0.6923,0.7857,0.8148,0.7586
1562,AL_11,AL,numeric,raw,mean,0.4459,0.7051,0.785,0.7778,0.7925
1563,AL_11,AL,numeric,sig4figs,mean,0.4459,0.7051,0.785,0.7778,0.7925
1564,AL_52,AL,numeric,significand,mean,0.3763,0.6667,0.7833,0.8704,0.7121
1565,AL_93,AL,numeric,raw,median,0.6418,0.6667,0.7833,0.8704,0.7121
1566,AL_93,AL,numeric,significand,median,0.6418,0.6667,0.7833,0.8704,0.7121
1567,AL_93,AL,numeric,sig4figs,median,0.6418,0.6667,0.7833,0.8704,0.7121
1568,AL_192,AL,numeric,raw,median,0.6985,0.6667,0.7833,0.8704,0.7121
1569,AL_192,AL,numeric,significand,median,0.6985,0.6667,0.7833,0.8704,0.7121
1570,AL_192,AL,numeric,sig4figs,median,0.6985,0.6667,0.7833,0.8704,0.7121
1571,AL_277,AL,numeric,raw,median,0.6985,0.6667,0.7833,0.8704,0.7121
1572,AL_277,AL,numeric,significand,median,0.6985,0.6667,0.7833,0.8704,0.7121
1573,AL_277,AL,numeric,sig4figs,median,0.6985,0.6667,0.7833,0.8704,0.7121
1574,AL_282,AL,numeric,raw,median,0.6985,0.6667,0.7833,0.8704,0.7121
1575,AL_282,AL,numeric,significand,median,0.6985,0.6667,0.7833,0.8704,0.7121
1576,AL_282,AL,numeric,sig4figs,median,0.6985,0.6667,0.7833,0.8704,0.7121
1577,AL_79,AL,numeric,raw,mean,0.6418,0.6795,0.7826,0.8333,0.7377
1578,AL_81,AL,numeric,raw,mean,0.6418,0.6795,0.7826,0.8333,0.7377
1579,AL_81,AL,numeric,significand,mean,0.6418,0.6795,0.7826,0.8333,0.7377
1580,AL_81,AL,numeric,sig4figs,mean,0.6418,0.6795,0.7826,0.8333,0.7377
1581,AL_85,AL,numeric,significand,median,0.6418,0.6795,0.7826,0.8333,0.7377
1582,AL_142,AL,numeric,raw,median,0.5284,0.6795,0.7826,0.8333,0.7377
1583,AL_142,AL,numeric,sig4figs,median,0.5284,0.6795,0.7826,0.8333,0.7377
1584,AL_145,AL,numeric,significand,mean,0.5284,0.6795,0.7826,0.8333,0.7377
1585,AL_148,AL,numeric,raw,median,0.5284,0.6795,0.7826,0.8333,0.7377
1586,AL_148,AL,numeric,sig4figs,median,0.5284,0.6795,0.7826,0.8333,0.7377
1587,AL_160,AL,numeric,significand,mean,0.5284,0.6795,0.7826,0.8333,0.7377
1588,AL_178,AL,numeric,significand,mean,0.5284,0.6795,0.7826,0.8333,0.7377
1589,AL_178,AL,numeric,significand,median,0.5284,0.6795,0.7826,0.8333,0.7377
1590,AL_76,AL,numeric,significand,mean,0.6418,0.6923,0.7818,0.7963,0.7679
1591,AL_76,AL,numeric,significand,median,0.6418,0.6923,0.7818,0.7963,0.7679
1592,AL_83,AL,numeric,raw,mean,0.6418,0.6923,0.7818,0.7963,0.7679
1593,AL_83,AL,numeric,significand,mean,0.6418,0.6923,0.7818,0.7963,0.7679
1594,AL_83,AL,numeric,sig4figs,mean,0.6418,0.6923,0.7818,0.7963,0.7679
1595,AL_151,AL,numeric,significand,median,0.5284,0.6923,0.7818,0.7963,0.7679
1596,AL_327,AL,numeric,significand,mean,0.4897,0.6923,0.7818,0.7963,0.7679
1597,EK_8,EK,numeric,sig4figs,median,0.0593,0.6923,0.7818,0.7963,0.7679
1598,AL_160,AL,numeric,raw,median,0.5284,0.7051,0.781,0.7593,0.8039
1599,AL_160,AL,numeric,sig4figs,median,0.5284,0.7051,0.781,0.7593,0.8039
1600,AL_43,AL,numeric,significand,mean,0.3763,0.6538,0.7805,0.8889,0.6957
1601,AL_67,AL,numeric,significand,mean,0.3763,0.6538,0.7805,0.8889,0.6957
1602,AL_67,AL,numeric,significand,median,0.3763,0.6538,0.7805,0.8889,0.6957
1603,AL_183,AL,numeric,raw,median,0.732,0.6538,0.7805,0.8889,0.6957
1604,AL_183,AL,numeric,significand,median,0.732,0.6538,0.7805,0.8889,0.6957
1605,AL_183,AL,numeric,sig4figs,median,0.732,0.6538,0.7805,0.8889,0.6957
1606,AL_225,AL,numeric,significand,median,0.6985,0.6538,0.7805,0.8889,0.6957
1607,AL_70,AL,numeric,raw,median,0.3763,0.6667,0.7797,0.8519,0.7188
1608,AL_70,AL,numeric,sig4figs,median,0.3763,0.6667,0.7797,0.8519,0.7188
1609,AL_88,AL,numeric,raw,mean,0.6418,0.6667,0.7797,0.8519,0.7188
1610,AL_88,AL,numeric,raw,median,0.6418,0.6667,0.7797,0.8519,0.7188
1611,AL_88,AL,numeric,sig4figs,mean,0.6418,0.6667,0.7797,0.8519,0.7188
1612,AL_88,AL,numeric,sig4figs,median,0.6418,0.6667,0.7797,0.8519,0.7188
1613,AL_109,AL,numeric,significand,median,0.5284,0.6667,0.7797,0.8519,0.7188
1614,AL_100,AL,numeric,significand,mean,0.5284,0.6795,0.7788,0.8148,0.7458
1615,AL_105,AL,numeric,raw,mean,0.5284,0.6795,0.7788,0.8148,0.7458
1616,AL_105,AL,numeric,raw,median,0.5284,0.6795,0.7788,0.8148,0.7458
1617,AL_105,AL,numeric,significand,mean,0.5284,0.6795,0.7788,0.8148,0.7458
1618,AL_105,AL,numeric,significand,median,0.5284,0.6795,0.7788,0.8148,0.7458
1619,AL_105,AL,numeric,sig4figs,mean,0.5284,0.6795,0.7788,0.8148,0.7458
1620,AL_105,AL,numeric,sig4figs,median,0.5284,0.6795,0.7788,0.8148,0.7458
1621,AL_127,AL,numeric,significand,mean,0.5284,0.6795,0.7788,0.8148,0.7458
1622,AL_89,AL,numeric,raw,mean,0.6418,0.6923,0.7778,0.7778,0.7778
1623,AL_89,AL,numeric,significand,mean,0.6418,0.6923,0.7778,0.7778,0.7778
1624,AL_89,AL,numeric,sig4figs,mean,0.6418,0.6923,0.7778,0.7778,0.7778
1625,EK_6,EK,numeric,raw,median,0.0619,0.6923,0.7778,0.7778,0.7778
1626,AL_52,AL,numeric,significand,median,0.3763,0.6538,0.7769,0.8704,0.7015
1627,AL_64,AL,numeric,raw,median,0.3763,0.6538,0.7769,0.8704,0.7015
1628,AL_64,AL,numeric,sig4figs,median,0.3763,0.6538,0.7769,0.8704,0.7015
1629,AL_73,AL,numeric,significand,mean,0.3763,0.6538,0.7769,0.8704,0.7015
1630,AL_73,AL,numeric,significand,median,0.3763,0.6538,0.7769,0.8704,0.7015
1631,AL_84,AL,numeric,raw,mean,0.6418,0.6667,0.7759,0.8333,0.7258
1632,AL_84,AL,numeric,significand,mean,0.6418,0.6667,0.7759,0.8333,0.7258
1633,AL_84,AL,numeric,sig4figs,mean,0.6418,0.6667,0.7759,0.8333,0.7258
1634,AL_148,AL,numeric,significand,mean,0.5284,0.6667,0.7759,0.8333,0.7258
1635,AL_85,AL,numeric,raw,median,0.6418,0.6795,0.7748,0.7963,0.7544
1636,AL_85,AL,numeric,sig4figs,median,0.6418,0.6795,0.7748,0.7963,0.7544
1637,AL_87,AL,numeric,raw,median,0.6418,0.6795,0.7748,0.7963,0.7544
1638,AL_87,AL,numeric,significand,median,0.6418,0.6795,0.7748,0.7963,0.7544
1639,AL_87,AL,numeric,sig4figs,median,0.6418,0.6795,0.7748,0.7963,0.7544
1640,AL_91,AL,numeric,raw,mean,0.6418,0.6795,0.7748,0.7963,0.7544
1641,AL_91,AL,numeric,raw,median,0.6418,0.6795,0.7748,0.7963,0.7544
1642,AL_112,AL,numeric,raw,mean,0.5284,0.6795,0.7748,0.7963,0.7544
1643,AL_112,AL,numeric,sig4figs,mean,0.5284,0.6795,0.7748,0.7963,0.7544
1644,AL_124,AL,numeric,significand,mean,0.5284,0.6795,0.7748,0.7963,0.7544
1645,AL_135,AL,numeric,raw,mean,0.5284,0.6795,0.7748,0.7963,0.7544
1646,AL_135,AL,numeric,raw,median,0.5284,0.6795,0.7748,0.7963,0.7544
1647,AL_135,AL,numeric,significand,mean,0.5284,0.6795,0.7748,0.7963,0.7544
1648,AL_135,AL,numeric,significand,median,0.5284,0.6795,0.7748,0.7963,0.7544
1649,AL_135,AL,numeric,sig4figs,mean,0.5284,0.6795,0.7748,0.7963,0.7544
1650,AL_135,AL,numeric,sig4figs,median,0.5284,0.6795,0.7748,0.7963,0.7544
1651,AL_139,AL,numeric,significand,median,0.5284,0.6795,0.7748,0.7963,0.7544
1652,AL_323,AL,numeric,significand,median,0.4897,0.6795,0.7748,0.7963,0.7544
1653,EK_8,EK,numeric,raw,mean,0.0593,0.6795,0.7748,0.7963,0.7544
1654,AL_43,AL,numeric,significand,median,0.3763,0.641,0.7742,0.8889,0.6857
1655,AL_55,AL,numeric,raw,mean,0.3763,0.641,0.7742,0.8889,0.6857
1656,AL_55,AL,numeric,sig4figs,mean,0.3763,0.641,0.7742,0.8889,0.6857
1657,AL_64,AL,numeric,significand,median,0.3763,0.641,0.7742,0.8889,0.6857
1658,AL_9,AL,numeric,raw,mean,0.4459,0.6923,0.7736,0.7593,0.7885
1659,AL_9,AL,numeric,raw,median,0.4459,0.6923,0.7736,0.7593,0.7885
1660,AL_9,AL,numeric,sig4figs,mean,0.4459,0.6923,0.7736,0.7593,0.7885
1661,AL_9,AL,numeric,sig4figs,median,0.4459,0.6923,0.7736,0.7593,0.7885
1662,AL_64,AL,numeric,significand,mean,0.3763,0.6538,0.7731,0.8519,0.7077
1663,AL_75,AL,numeric,raw,median,0.6418,0.6538,0.7731,0.8519,0.7077
1664,AL_75,AL,numeric,significand,median,0.6418,0.6538,0.7731,0.8519,0.7077
1665,AL_75,AL,numeric,sig4figs,median,0.6418,0.6538,0.7731,0.8519,0.7077
1666,AL_76,AL,numeric,raw,mean,0.6418,0.6538,0.7731,0.8519,0.7077
1667,AL_76,AL,numeric,raw,median,0.6418,0.6538,0.7731,0.8519,0.7077
1668,AL_76,AL,numeric,sig4figs,mean,0.6418,0.6538,0.7731,0.8519,0.7077
1669,AL_76,AL,numeric,sig4figs,median,0.6418,0.6538,0.7731,0.8519,0.7077
1670,AL_109,AL,numeric,significand,mean,0.5284,0.6538,0.7731,0.8519,0.7077
1671,AL_97,AL,numeric,raw,median,0.6418,0.6667,0.7719,0.8148,0.7333
1672,AL_97,AL,numeric,sig4figs,median,0.6418,0.6667,0.7719,0.8148,0.7333
1673,AL_109,AL,numeric,raw,median,0.5284,0.6667,0.7719,0.8148,0.7333
1674,AL_109,AL,numeric,sig4figs,median,0.5284,0.6667,0.7719,0.8148,0.7333
1675,AL_118,AL,numeric,significand,median,0.5284,0.6667,0.7719,0.8148,0.7333
1676,AL_121,AL,numeric,raw,median,0.5284,0.6667,0.7719,0.8148,0.7333
1677,AL_121,AL,numeric,sig4figs,mean,0.5284,0.6667,0.7719,0.8148,0.7333
1678,AL_121,AL,numeric,sig4figs,median,0.5284,0.6667,0.7719,0.8148,0.7333
1679,AL_127,AL,numeric,significand,median,0.5284,0.6667,0.7719,0.8148,0.7333
1680,AL_148,AL,numeric,raw,mean,0.5284,0.6667,0.7719,0.8148,0.7333
1681,AL_148,AL,numeric,significand,median,0.5284,0.6667,0.7719,0.8148,0.7333
1682,AL_148,AL,numeric,sig4figs,mean,0.5284,0.6667,0.7719,0.8148,0.7333
1683,AL_174,AL,numeric,raw,mean,0.5284,0.6667,0.7719,0.8148,0.7333
1684,AL_174,AL,numeric,significand,mean,0.5284,0.6667,0.7719,0.8148,0.7333
1685,AL_174,AL,numeric,sig4figs,mean,0.5284,0.6667,0.7719,0.8148,0.7333
1686,AL_306,AL,numeric,raw,median,0.4897,0.6667,0.7719,0.8148,0.7333
1687,AL_306,AL,numeric,sig4figs,median,0.4897,0.6667,0.7719,0.8148,0.7333
1688,AL_92,AL,numeric,raw,mean,0.6418,0.6795,0.7706,0.7778,0.7636
1689,AL_92,AL,numeric,significand,mean,0.6418,0.6795,0.7706,0.7778,0.7636
1690,AL_92,AL,numeric,sig4figs,mean,0.6418,0.6795,0.7706,0.7778,0.7636
1691,AL_151,AL,numeric,significand,mean,0.5284,0.6795,0.7706,0.7778,0.7636
1692,AL_154,AL,numeric,significand,median,0.5284,0.6795,0.7706,0.7778,0.7636
1693,AL_210,AL,numeric,raw,median,0.6985,0.641,0.7705,0.8704,0.6912
1694,AL_210,AL,numeric,significand,median,0.6985,0.641,0.7705,0.8704,0.6912
1695,AL_210,AL,numeric,sig4figs,median,0.6985,0.641,0.7705,0.8704,0.6912
1696,AL_225,AL,numeric,raw,median,0.6985,0.641,0.7705,0.8704,0.6912
1697,AL_225,AL,numeric,sig4figs,median,0.6985,0.641,0.7705,0.8704,0.6912
1698,AL_142,AL,numeric,significand,mean,0.5284,0.6538,0.7692,0.8333,0.7143
1699,AL_181,AL,numeric,raw,mean,0.5284,0.6538,0.7692,0.8333,0.7143
1700,AL_181,AL,numeric,sig4figs,mean,0.5284,0.6538,0.7692,0.8333,0.7143
1701,AL_160,AL,numeric,raw,mean,0.5284,0.6923,0.7692,0.7407,0.8
1702,AL_160,AL,numeric,sig4figs,mean,0.5284,0.6923,0.7692,0.7407,0.8
1703,AL_97,AL,numeric,significand,median,0.6418,0.6667,0.7679,0.7963,0.7414
1704,AL_112,AL,numeric,raw,median,0.5284,0.6667,0.7679,0.7963,0.7414
1705,AL_112,AL,numeric,sig4figs,median,0.5284,0.6667,0.7679,0.7963,0.7414
1706,AL_121,AL,numeric,raw,mean,0.5284,0.6667,0.7679,0.7963,0.7414
1707,AL_147,AL,numeric,raw,mean,0.5284,0.6667,0.7679,0.7963,0.7414
1708,AL_147,AL,numeric,significand,mean,0.5284,0.6667,0.7679,0.7963,0.7414
1709,AL_147,AL,numeric,sig4figs,mean,0.5284,0.6667,0.7679,0.7963,0.7414
1710,AL_306,AL,numeric,raw,mean,0.4897,0.6667,0.7679,0.7963,0.7414
1711,AL_306,AL,numeric,sig4figs,mean,0.4897,0.6667,0.7679,0.7963,0.7414
1712,AL_323,AL,numeric,raw,mean,0.4897,0.6667,0.7679,0.7963,0.7414
1713,AL_323,AL,numeric,sig4figs,mean,0.4897,0.6667,0.7679,0.7963,0.7414
1714,AL_64,AL,numeric,raw,mean,0.3763,0.641,0.7667,0.8519,0.697
1715,AL_64,AL,numeric,sig4figs,mean,0.3763,0.641,0.7667,0.8519,0.697
1716,AL_98,AL,numeric,raw,median,0.6418,0.641,0.7667,0.8519,0.697
1717,AL_98,AL,numeric,significand,median,0.6418,0.641,0.7667,0.8519,0.697
1718,AL_98,AL,numeric,sig4figs,median,0.6418,0.641,0.7667,0.8519,0.697
1719,AL_311,AL,numeric,significand,mean,0.4897,0.6795,0.7664,0.7593,0.7736
1720,EK_6,EK,numeric,sig4figs,median,0.0619,0.6795,0.7664,0.7593,0.7736
1721,AL_97,AL,numeric,raw,mean,0.6418,0.6538,0.7652,0.8148,0.7213
1722,AL_97,AL,numeric,sig4figs,mean,0.6418,0.6538,0.7652,0.8148,0.7213
1723,AL_55,AL,numeric,raw,median,0.3763,0.6282,0.7642,0.8704,0.6812
1724,AL_55,AL,numeric,sig4figs,median,0.3763,0.6282,0.7642,0.8704,0.6812
1725,AL_124,AL,numeric,significand,median,0.5284,0.6667,0.7636,0.7778,0.75
1726,AL_139,AL,numeric,significand,mean,0.5284,0.6667,0.7636,0.7778,0.75
1727,AL_154,AL,numeric,significand,mean,0.5284,0.6667,0.7636,0.7778,0.75
1728,AL_323,AL,numeric,significand,mean,0.4897,0.6667,0.7636,0.7778,0.75
1729,AL_327,AL,numeric,significand,median,0.4897,0.6667,0.7636,0.7778,0.75
1730,EK_6,EK,numeric,significand,mean,0.0619,0.6667,0.7636,0.7778,0.75
1731,EK_6,EK,numeric,significand,median,0.0619,0.6667,0.7636,0.7778,0.75
1732,AL_79,AL,numeric,sig4figs,median,0.6418,0.641,0.7627,0.8333,0.7031
1733,AL_15,AL,numeric,raw,mean,0.4459,0.6795,0.7619,0.7407,0.7843
1734,AL_15,AL,numeric,raw,median,0.4459,0.6795,0.7619,0.7407,0.7843
1735,AL_15,AL,numeric,sig4figs,mean,0.4459,0.6795,0.7619,0.7407,0.7843
1736,AL_15,AL,numeric,sig4figs,median,0.4459,0.6795,0.7619,0.7407,0.7843
1737,AL_100,AL,numeric,raw,mean,0.5284,0.6538,0.7611,0.7963,0.7288
1738,AL_100,AL,numeric,raw,median,0.5284,0.6538,0.7611,0.7963,0.7288
1739,AL_100,AL,numeric,sig4figs,mean,0.5284,0.6538,0.7611,0.7963,0.7288
1740,AL_100,AL,numeric,sig4figs,median,0.5284,0.6538,0.7611,0.7963,0.7288
1741,AL_136,AL,numeric,raw,mean,0.5284,0.6538,0.7611,0.7963,0.7288
1742,AL_136,AL,numeric,raw,median,0.5284,0.6538,0.7611,0.7963,0.7288
1743,AL_136,AL,numeric,sig4figs,mean,0.5284,0.6538,0.7611,0.7963,0.7288
1744,AL_136,AL,numeric,sig4figs,median,0.5284,0.6538,0.7611,0.7963,0.7288
1745,AL_301,AL,numeric,raw,mean,0.4897,0.6538,0.7611,0.7963,0.7288
1746,AL_301,AL,numeric,raw,median,0.4897,0.6538,0.7611,0.7963,0.7288
1747,AL_301,AL,numeric,significand,mean,0.4897,0.6538,0.7611,0.7963,0.7288
1748,AL_301,AL,numeric,sig4figs,mean,0.4897,0.6538,0.7611,0.7963,0.7288
1749,AL_301,AL,numeric,sig4figs,median,0.4897,0.6538,0.7611,0.7963,0.7288
1750,AL_13,AL,numeric,raw,median,0.4459,0.6667,0.7593,0.7593,0.7593
1751,AL_13,AL,numeric,sig4figs,median,0.4459,0.6667,0.7593,0.7593,0.7593
1752,EK_8,EK,numeric,significand,median,0.0593,0.6667,0.7593,0.7593,0.7593
1753,AL_79,AL,numeric,significand,mean,0.6418,0.641,0.7586,0.8148,0.7097
1754,AL_79,AL,numeric,significand,median,0.6418,0.641,0.7586,0.8148,0.7097
1755,AL_103,AL,numeric,significand,median,0.5284,0.641,0.7586,0.8148,0.7097
1756,AL_175,AL,numeric,significand,mean,0.5284,0.641,0.7586,0.8148,0.7097
1757,AL_175,AL,numeric,significand,median,0.5284,0.641,0.7586,0.8148,0.7097
1758,AL_118,AL,numeric,significand,mean,0.5284,0.6538,0.7568,0.7778,0.7368
1759,AL_323,AL,numeric,raw,median,0.4897,0.6538,0.7568,0.7778,0.7368
1760,AL_323,AL,numeric,sig4figs,median,0.4897,0.6538,0.7568,0.7778,0.7368
1761,AL_181,AL,numeric,raw,median,0.5284,0.6282,0.7563,0.8333,0.6923
1762,AL_181,AL,numeric,sig4figs,median,0.5284,0.6282,0.7563,0.8333,0.6923
1763,AL_26,AL,numeric,sig4figs,mean,0.4278,0.6667,0.7547,0.7407,0.7692
1764,AL_26,AL,numeric,sig4figs,median,0.4278,0.6667,0.7547,0.7407,0.7692
1765,EK_1,EK,numeric,sig4figs,mean,0.0593,0.6667,0.7547,0.7407,0.7692
1766,AL_90,AL,numeric,raw,median,0.6418,0.641,0.7544,0.7963,0.7167
1767,AL_90,AL,numeric,significand,median,0.6418,0.641,0.7544,0.7963,0.7167
1768,AL_90,AL,numeric,sig4figs,median,0.6418,0.641,0.7544,0.7963,0.7167
1769,AL_136,AL,numeric,significand,mean,0.5284,0.641,0.7544,0.7963,0.7167
1770,AL_14,AL,numeric,raw,median,0.4459,0.6795,0.7525,0.7037,0.8085
1771,AL_14,AL,numeric,sig4figs,median,0.4459,0.6795,0.7525,0.7037,0.8085
1772,AL_159,AL,numeric,raw,mean,0.5284,0.6538,0.7523,0.7593,0.7455
1773,AL_159,AL,numeric,significand,mean,0.5284,0.6538,0.7523,0.7593,0.7455
1774,AL_159,AL,numeric,sig4figs,mean,0.5284,0.6538,0.7523,0.7593,0.7455
1775,AL_162,AL,numeric,raw,mean,0.5284,0.6538,0.7523,0.7593,0.7455
1776,AL_162,AL,numeric,significand,mean,0.5284,0.6538,0.7523,0.7593,0.7455
1777,AL_162,AL,numeric,sig4figs,mean,0.5284,0.6538,0.7523,0.7593,0.7455
1778,AL_180,AL,numeric,raw,mean,0.5284,0.6538,0.7523,0.7593,0.7455
1779,AL_180,AL,numeric,significand,mean,0.5284,0.6538,0.7523,0.7593,0.7455
1780,AL_180,AL,numeric,sig4figs,mean,0.5284,0.6538,0.7523,0.7593,0.7455
1781,AL_67,AL,numeric,raw,median,0.3763,0.6282,0.7521,0.8148,0.6984
1782,AL_67,AL,numeric,sig4figs,median,0.3763,0.6282,0.7521,0.8148,0.6984
1783,AL_79,AL,numeric,raw,median,0.6418,0.6282,0.7521,0.8148,0.6984
1784,AL_115,AL,numeric,sig4figs,mean,0.5284,0.6282,0.7521,0.8148,0.6984
1785,AL_129,AL,numeric,raw,mean,0.5284,0.6282,0.7521,0.8148,0.6984
1786,AL_129,AL,numeric,raw,median,0.5284,0.6282,0.7521,0.8148,0.6984
1787,AL_129,AL,numeric,significand,mean,0.5284,0.6282,0.7521,0.8148,0.6984
1788,AL_129,AL,numeric,significand,median,0.5284,0.6282,0.7521,0.8148,0.6984
1789,AL_129,AL,numeric,sig4figs,mean,0.5284,0.6282,0.7521,0.8148,0.6984
1790,AL_129,AL,numeric,sig4figs,median,0.5284,0.6282,0.7521,0.8148,0.6984
1791,AL_8,AL,numeric,raw,mean,0.4459,0.641,0.75,0.7778,0.7241
1792,AL_8,AL,numeric,raw,median,0.4459,0.641,0.75,0.7778,0.7241
1793,AL_8,AL,numeric,sig4figs,mean,0.4459,0.641,0.75,0.7778,0.7241
1794,AL_8,AL,numeric,sig4figs,median,0.4459,0.641,0.75,0.7778,0.7241
1795,AL_117,AL,numeric,raw,mean,0.5284,0.641,0.75,0.7778,0.7241
1796,AL_117,AL,numeric,significand,mean,0.5284,0.641,0.75,0.7778,0.7241
1797,AL_117,AL,numeric,sig4figs,mean,0.5284,0.641,0.75,0.7778,0.7241
1798,AL_157,AL,numeric,raw,mean,0.5284,0.641,0.75,0.7778,0.7241
1799,AL_157,AL,numeric,sig4figs,mean,0.5284,0.641,0.75,0.7778,0.7241
1800,AL_166,AL,numeric,raw,mean,0.5284,0.641,0.75,0.7778,0.7241
1801,AL_166,AL,numeric,raw,median,0.5284,0.641,0.75,0.7778,0.7241
1802,AL_166,AL,numeric,sig4figs,mean,0.5284,0.641,0.75,0.7778,0.7241
1803,AL_166,AL,numeric,sig4figs,median,0.5284,0.641,0.75,0.7778,0.7241
1804,AL_296,AL,numeric,sig4figs,mean,0.4897,0.641,0.75,0.7778,0.7241
1805,AL_296,AL,numeric,sig4figs,median,0.4897,0.641,0.75,0.7778,0.7241
1806,AL_11,AL,numeric,raw,median,0.4459,0.6667,0.75,0.7222,0.78
1807,AL_11,AL,numeric,sig4figs,median,0.4459,0.6667,0.75,0.7222,0.78
1808,AL_13,AL,numeric,raw,mean,0.4459,0.6667,0.75,0.7222,0.78
1809,AL_13,AL,numeric,sig4figs,mean,0.4459,0.6667,0.75,0.7222,0.78
1810,AL_311,AL,numeric,significand,median,0.4897,0.6667,0.75,0.7222,0.78
1811,AL_26,AL,numeric,raw,median,0.4278,0.6538,0.7477,0.7407,0.7547
1812,EK_1,EK,numeric,sig4figs,median,0.0593,0.6538,0.7477,0.7407,0.7547
1813,AL_40,AL,numeric,significand,mean,0.3763,0.6154,0.7458,0.8148,0.6875
1814,AL_67,AL,numeric,raw,mean,0.3763,0.6154,0.7458,0.8148,0.6875
1815,AL_67,AL,numeric,sig4figs,mean,0.3763,0.6154,0.7458,0.8148,0.6875
1816,AL_103,AL,numeric,significand,mean,0.5284,0.6154,0.7458,0.8148,0.6875
1817,AL_115,AL,numeric,raw,mean,0.5284,0.6154,0.7458,0.8148,0.6875
1818,AL_115,AL,numeric,sig4figs,median,0.5284,0.6154,0.7458,0.8148,0.6875
1819,AL_97,AL,numeric,significand,mean,0.6418,0.641,0.7455,0.7593,0.7321
1820,AL_108,AL,numeric,raw,mean,0.5284,0.641,0.7455,0.7593,0.7321
1821,AL_108,AL,numeric,significand,mean,0.5284,0.641,0.7455,0.7593,0.7321
1822,AL_108,AL,numeric,sig4figs,mean,0.5284,0.641,0.7455,0.7593,0.7321
1823,AL_319,AL,numeric,raw,median,0.4897,0.641,0.7455,0.7593,0.7321
1824,AL_319,AL,numeric,significand,median,0.4897,0.641,0.7455,0.7593,0.7321
1825,AL_319,AL,numeric,sig4figs,median,0.4897,0.641,0.7455,0.7593,0.7321
1826,AL_121,AL,numeric,significand,mean,0.5284,0.6282,0.7434,0.7778,0.7119
1827,AL_121,AL,numeric,significand,median,0.5284,0.6282,0.7434,0.7778,0.7119
1828,AL_136,AL,numeric,significand,median,0.5284,0.6282,0.7434,0.7778,0.7119
1829,AL_139,AL,numeric,raw,mean,0.5284,0.6282,0.7434,0.7778,0.7119
1830,AL_139,AL,numeric,sig4figs,mean,0.5284,0.6282,0.7434,0.7778,0.7119
1831,AL_322,AL,numeric,raw,mean,0.4897,0.6538,0.7429,0.7222,0.7647
1832,AL_322,AL,numeric,significand,mean,0.4897,0.6538,0.7429,0.7222,0.7647
1833,AL_322,AL,numeric,sig4figs,mean,0.4897,0.6538,0.7429,0.7222,0.7647
1834,AL_61,AL,numeric,raw,mean,0.3763,0.6154,0.7414,0.7963,0.6935
1835,AL_61,AL,numeric,sig4figs,mean,0.3763,0.6154,0.7414,0.7963,0.6935
1836,AL_86,AL,numeric,raw,median,0.6418,0.6154,0.7414,0.7963,0.6935
1837,AL_86,AL,numeric,significand,median,0.6418,0.6154,0.7414,0.7963,0.6935
1838,AL_86,AL,numeric,sig4figs,median,0.6418,0.6154,0.7414,0.7963,0.6935
1839,AL_157,AL,numeric,raw,median,0.5284,0.6154,0.7414,0.7963,0.6935
1840,AL_157,AL,numeric,sig4figs,median,0.5284,0.6154,0.7414,0.7963,0.6935
1841,AL_166,AL,numeric,significand,mean,0.5284,0.6154,0.7414,0.7963,0.6935
1842,AL_186,AL,numeric,sig4figs,median,0.2603,0.6154,0.7414,0.7963,0.6935
1843,AL_114,AL,numeric,raw,mean,0.5284,0.641,0.7407,0.7407,0.7407
1844,AL_114,AL,numeric,significand,mean,0.5284,0.641,0.7407,0.7407,0.7407
1845,AL_114,AL,numeric,sig4figs,mean,0.5284,0.641,0.7407,0.7407,0.7407
1846,AL_10,AL,numeric,significand,mean,0.4459,0.6667,0.74,0.6852,0.8043
1847,AL_10,AL,numeric,significand,median,0.4459,0.6667,0.74,0.6852,0.8043
1848,AL_14,AL,numeric,raw,mean,0.4459,0.6667,0.74,0.6852,0.8043
1849,AL_58,AL,numeric,raw,mean,0.3763,0.6026,0.7395,0.8148,0.6769
1850,AL_58,AL,numeric,sig4figs,mean,0.3763,0.6026,0.7395,0.8148,0.6769
1851,AL_70,AL,numeric,significand,median,0.3763,0.6026,0.7395,0.8148,0.6769
1852,AL_115,AL,numeric,raw,median,0.5284,0.6026,0.7395,0.8148,0.6769
1853,AL_186,AL,numeric,sig4figs,mean,0.2603,0.6026,0.7395,0.8148,0.6769
1854,AL_115,AL,numeric,significand,median,0.5284,0.6282,0.7387,0.7593,0.7193
1855,AL_296,AL,numeric,significand,mean,0.4897,0.6282,0.7387,0.7593,0.7193
1856,AL_296,AL,numeric,significand,median,0.4897,0.6282,0.7387,0.7593,0.7193
1857,AL_75,AL,numeric,raw,mean,0.6418,0.6538,0.7379,0.7037,0.7755
1858,AL_75,AL,numeric,significand,mean,0.6418,0.6538,0.7379,0.7037,0.7755
1859,AL_75,AL,numeric,sig4figs,mean,0.6418,0.6538,0.7379,0.7037,0.7755
1860,AL_78,AL,numeric,raw,mean,0.6418,0.6538,0.7379,0.7037,0.7755
1861,AL_78,AL,numeric,significand,mean,0.6418,0.6538,0.7379,0.7037,0.7755
1862,AL_78,AL,numeric,sig4figs,mean,0.6418,0.6538,0.7379,0.7037,0.7755
1863,AL_86,AL,numeric,raw,mean,0.6418,0.6538,0.7379,0.7037,0.7755
1864,AL_86,AL,numeric,significand,mean,0.6418,0.6538,0.7379,0.7037,0.7755
1865,AL_86,AL,numeric,sig4figs,mean,0.6418,0.6538,0.7379,0.7037,0.7755
1866,AL_87,AL,numeric,raw,mean,0.6418,0.6538,0.7379,0.7037,0.7755
1867,AL_87,AL,numeric,significand,mean,0.6418,0.6538,0.7379,0.7037,0.7755
1868,AL_87,AL,numeric,sig4figs,mean,0.6418,0.6538,0.7379,0.7037,0.7755
1869,AL_90,AL,numeric,raw,mean,0.6418,0.6538,0.7379,0.7037,0.7755
1870,AL_90,AL,numeric,significand,mean,0.6418,0.6538,0.7379,0.7037,0.7755
1871,AL_90,AL,numeric,sig4figs,mean,0.6418,0.6538,0.7379,0.7037,0.7755
1872,AL_93,AL,numeric,raw,mean,0.6418,0.6538,0.7379,0.7037,0.7755
1873,AL_93,AL,numeric,significand,mean,0.6418,0.6538,0.7379,0.7037,0.7755
1874,AL_93,AL,numeric,sig4figs,mean,0.6418,0.6538,0.7379,0.7037,0.7755
1875,AL_95,AL,numeric,raw,mean,0.6418,0.6538,0.7379,0.7037,0.7755
1876,AL_95,AL,numeric,significand,mean,0.6418,0.6538,0.7379,0.7037,0.7755
1877,AL_95,AL,numeric,sig4figs,mean,0.6418,0.6538,0.7379,0.7037,0.7755
1878,AL_96,AL,numeric,raw,mean,0.6418,0.6538,0.7379,0.7037,0.7755
1879,AL_96,AL,numeric,raw,median,0.6418,0.6538,0.7379,0.7037,0.7755
1880,AL_96,AL,numeric,significand,mean,0.6418,0.6538,0.7379,0.7037,0.7755
1881,AL_96,AL,numeric,significand,median,0.6418,0.6538,0.7379,0.7037,0.7755
1882,AL_96,AL,numeric,sig4figs,mean,0.6418,0.6538,0.7379,0.7037,0.7755
1883,AL_96,AL,numeric,sig4figs,median,0.6418,0.6538,0.7379,0.7037,0.7755
1884,AL_98,AL,numeric,raw,mean,0.6418,0.6538,0.7379,0.7037,0.7755
1885,AL_98,AL,numeric,significand,mean,0.6418,0.6538,0.7379,0.7037,0.7755
1886,AL_98,AL,numeric,sig4figs,mean,0.6418,0.6538,0.7379,0.7037,0.7755
1887,AL_186,AL,numeric,raw,mean,0.2603,0.6154,0.7368,0.7778,0.7
1888,AL_186,AL,numeric,raw,median,0.2603,0.6154,0.7368,0.7778,0.7
1889,AL_61,AL,numeric,significand,mean,0.3763,0.6026,0.735,0.7963,0.6825
1890,AL_61,AL,numeric,significand,median,0.3763,0.6026,0.735,0.7963,0.6825
1891,AL_70,AL,numeric,significand,mean,0.3763,0.6026,0.735,0.7963,0.6825
1892,AL_166,AL,numeric,significand,median,0.5284,0.6026,0.735,0.7963,0.6825
1893,AL_296,AL,numeric,raw,median,0.4897,0.6282,0.7339,0.7407,0.7273
1894,AL_319,AL,numeric,raw,mean,0.4897,0.6282,0.7339,0.7407,0.7273
1895,AL_319,AL,numeric,sig4figs,mean,0.4897,0.6282,0.7339,0.7407,0.7273
1896,AL_331,AL,numeric,raw,mean,0.4897,0.6282,0.7339,0.7407,0.7273
1897,AL_331,AL,numeric,sig4figs,mean,0.4897,0.6282,0.7339,0.7407,0.7273
1898,AL_58,AL,numeric,significand,mean,0.3763,0.5897,0.7333,0.8148,0.6667
1899,AL_58,AL,numeric,significand,median,0.3763,0.5897,0.7333,0.8148,0.6667
1900,AL_181,AL,numeric,significand,mean,0.5284,0.5897,0.7333,0.8148,0.6667
1901,AL_181,AL,numeric,significand,median,0.5284,0.5897,0.7333,0.8148,0.6667
1902,AL_9,AL,numeric,significand,mean,0.4459,0.6538,0.7327,0.6852,0.7872
1903,AL_9,AL,numeric,significand,median,0.4459,0.6538,0.7327,0.6852,0.7872
1904,AL_14,AL,numeric,sig4figs,mean,0.4459,0.6538,0.7327,0.6852,0.7872
1905,AL_15,AL,numeric,significand,median,0.4459,0.6154,0.7321,0.7593,0.7069
1906,AL_26,AL,numeric,raw,mean,0.4278,0.641,0.7308,0.7037,0.76
1907,EK_1,EK,numeric,significand,mean,0.0593,0.641,0.7308,0.7037,0.76
1908,AL_139,AL,numeric,raw,median,0.5284,0.6026,0.7304,0.7778,0.6885
1909,AL_139,AL,numeric,sig4figs,median,0.5284,0.6026,0.7304,0.7778,0.6885
1910,AL_300,AL,numeric,raw,mean,0.4897,0.6282,0.729,0.7222,0.7358
1911,AL_300,AL,numeric,raw,median,0.4897,0.6282,0.729,0.7222,0.7358
1912,AL_300,AL,numeric,significand,mean,0.4897,0.6282,0.729,0.7222,0.7358
1913,AL_300,AL,numeric,significand,median,0.4897,0.6282,0.729,0.7222,0.7358
1914,AL_300,AL,numeric,sig4figs,mean,0.4897,0.6282,0.729,0.7222,0.7358
1915,AL_300,AL,numeric,sig4figs,median,0.4897,0.6282,0.729,0.7222,0.7358
1916,AL_326,AL,numeric,raw,mean,0.4897,0.6282,0.729,0.7222,0.7358
1917,AL_326,AL,numeric,raw,median,0.4897,0.6282,0.729,0.7222,0.7358
1918,AL_326,AL,numeric,significand,mean,0.4897,0.6282,0.729,0.7222,0.7358
1919,AL_326,AL,numeric,significand,median,0.4897,0.6282,0.729,0.7222,0.7358
1920,AL_326,AL,numeric,sig4figs,mean,0.4897,0.6282,0.729,0.7222,0.7358
1921,AL_326,AL,numeric,sig4figs,median,0.4897,0.6282,0.729,0.7222,0.7358
1922,AL_331,AL,numeric,raw,median,0.4897,0.6282,0.729,0.7222,0.7358
1923,AL_331,AL,numeric,sig4figs,median,0.4897,0.6282,0.729,0.7222,0.7358
1924,AL_58,AL,numeric,raw,median,0.3763,0.5897,0.7288,0.7963,0.6719
1925,AL_58,AL,numeric,sig4figs,median,0.3763,0.5897,0.7288,0.7963,0.6719
1926,AL_296,AL,numeric,raw,mean,0.4897,0.6154,0.7273,0.7407,0.7143
1927,AL_305,AL,numeric,raw,mean,0.4897,0.6154,0.7273,0.7407,0.7143
1928,AL_305,AL,numeric,significand,mean,0.4897,0.6154,0.7273,0.7407,0.7143
1929,AL_305,AL,numeric,sig4figs,mean,0.4897,0.6154,0.7273,0.7407,0.7143
1930,AL_319,AL,numeric,significand,mean,0.4897,0.6154,0.7273,0.7407,0.7143
1931,AL_317,AL,numeric,raw,mean,0.4897,0.6026,0.7257,0.7593,0.6949
1932,AL_317,AL,numeric,significand,mean,0.4897,0.6026,0.7257,0.7593,0.6949
1933,AL_317,AL,numeric,sig4figs,mean,0.4897,0.6026,0.7257,0.7593,0.6949
1934,AL_13,AL,numeric,significand,median,0.4459,0.641,0.7255,0.6852,0.7708
1935,AL_40,AL,numeric,raw,median,0.3763,0.5897,0.7241,0.7778,0.6774
1936,AL_40,AL,numeric,sig4figs,median,0.3763,0.5897,0.7241,0.7778,0.6774
1937,AL_7,AL,numeric,raw,mean,0.4459,0.6282,0.7238,0.7037,0.7451
1938,AL_7,AL,numeric,sig4figs,mean,0.4459,0.6282,0.7238,0.7037,0.7451
1939,AL_302,AL,numeric,raw,mean,0.4897,0.6154,0.7222,0.7222,0.7222
1940,AL_302,AL,numeric,raw,median,0.4897,0.6154,0.7222,0.7222,0.7222
1941,AL_302,AL,numeric,sig4figs,mean,0.4897,0.6154,0.7222,0.7222,0.7222
1942,AL_302,AL,numeric,sig4figs,median,0.4897,0.6154,0.7222,0.7222,0.7222
1943,AL_315,AL,numeric,significand,mean,0.4897,0.6154,0.7222,0.7222,0.7222
1944,AL_315,AL,numeric,significand,median,0.4897,0.6154,0.7222,0.7222,0.7222
1945,AL_15,AL,numeric,significand,mean,0.4459,0.6026,0.7207,0.7407,0.7018
1946,AL_186,AL,numeric,significand,mean,0.2603,0.6026,0.7207,0.7407,0.7018
1947,AL_330,AL,numeric,raw,mean,0.4897,0.6026,0.7207,0.7407,0.7018
1948,AL_330,AL,numeric,raw,median,0.4897,0.6026,0.7207,0.7407,0.7018
1949,AL_330,AL,numeric,significand,mean,0.4897,0.6026,0.7207,0.7407,0.7018
1950,AL_330,AL,numeric,significand,median,0.4897,0.6026,0.7207,0.7407,0.7018
1951,AL_330,AL,numeric,sig4figs,mean,0.4897,0.6026,0.7207,0.7407,0.7018
1952,AL_330,AL,numeric,sig4figs,median,0.4897,0.6026,0.7207,0.7407,0.7018
1953,AL_46,AL,numeric,significand,median,0.3763,0.5897,0.7193,0.7593,0.6833
1954,AL_49,AL,numeric,significand,mean,0.3763,0.5897,0.7193,0.7593,0.6833
1955,AL_302,AL,numeric,significand,median,0.4897,0.5897,0.7193,0.7593,0.6833
1956,EK_1,EK,numeric,raw,mean,0.0593,0.6282,0.7184,0.6852,0.7551
1957,AL_321,AL,numeric,raw,median,0.4897,0.6282,0.7184,0.6852,0.7551
1958,AL_321,AL,numeric,sig4figs,median,0.4897,0.6282,0.7184,0.6852,0.7551
1959,AL_61,AL,numeric,raw,median,0.3763,0.5769,0.7179,0.7778,0.6667
1960,AL_61,AL,numeric,sig4figs,median,0.3763,0.5769,0.7179,0.7778,0.6667
1961,AL_7,AL,numeric,raw,median,0.4459,0.6154,0.717,0.7037,0.7308
1962,AL_7,AL,numeric,sig4figs,median,0.4459,0.6154,0.717,0.7037,0.7308
1963,AL_298,AL,numeric,significand,median,0.4897,0.6154,0.717,0.7037,0.7308
1964,AL_106,AL,numeric,significand,mean,0.5284,0.6026,0.7156,0.7222,0.7091
1965,AL_106,AL,numeric,significand,median,0.5284,0.6026,0.7156,0.7222,0.7091
1966,AL_115,AL,numeric,significand,mean,0.5284,0.6026,0.7156,0.7222,0.7091
1967,AL_333,AL,numeric,raw,mean,0.4897,0.6026,0.7156,0.7222,0.7091
1968,AL_333,AL,numeric,raw,median,0.4897,0.6026,0.7156,0.7222,0.7091
1969,AL_333,AL,numeric,significand,mean,0.4897,0.6026,0.7156,0.7222,0.7091
1970,AL_333,AL,numeric,significand,median,0.4897,0.6026,0.7156,0.7222,0.7091
1971,AL_333,AL,numeric,sig4figs,mean,0.4897,0.6026,0.7156,0.7222,0.7091
1972,AL_333,AL,numeric,sig4figs,median,0.4897,0.6026,0.7156,0.7222,0.7091
1973,AL_73,AL,numeric,raw,mean,0.3763,0.5897,0.7143,0.7407,0.6897
1974,AL_73,AL,numeric,sig4figs,mean,0.3763,0.5897,0.7143,0.7407,0.6897
1975,AL_302,AL,numeric,significand,mean,0.4897,0.5897,0.7143,0.7407,0.6897
1976,AL_10,AL,numeric,raw,mean,0.4459,0.6282,0.7129,0.6667,0.766
1977,AL_10,AL,numeric,sig4figs,mean,0.4459,0.6282,0.7129,0.6667,0.766
1978,AL_40,AL,numeric,raw,mean,0.3763,0.5641,0.7119,0.7778,0.6562
1979,AL_40,AL,numeric,sig4figs,mean,0.3763,0.5641,0.7119,0.7778,0.6562
1980,AL_12,AL,numeric,raw,mean,0.4459,0.6154,0.7115,0.6852,0.74
1981,AL_12,AL,numeric,raw,median,0.4459,0.6154,0.7115,0.6852,0.74
1982,AL_12,AL,numeric,sig4figs,mean,0.4459,0.6154,0.7115,0.6852,0.74
1983,AL_12,AL,numeric,sig4figs,median,0.4459,0.6154,0.7115,0.6852,0.74
1984,EK_1,EK,numeric,significand,median,0.0593,0.6154,0.7115,0.6852,0.74
1985,AL_308,AL,numeric,raw,mean,0.4897,0.6154,0.7115,0.6852,0.74
1986,AL_308,AL,numeric,raw,median,0.4897,0.6154,0.7115,0.6852,0.74
1987,AL_308,AL,numeric,significand,mean,0.4897,0.6154,0.7115,0.6852,0.74
1988,AL_308,AL,numeric,significand,median,0.4897,0.6154,0.7115,0.6852,0.74
1989,AL_308,AL,numeric,sig4figs,mean,0.4897,0.6154,0.7115,0.6852,0.74
1990,AL_308,AL,numeric,sig4figs,median,0.4897,0.6154,0.7115,0.6852,0.74
1991,AL_298,AL,numeric,raw,mean,0.4897,0.6026,0.7103,0.7037,0.717
1992,AL_298,AL,numeric,sig4figs,mean,0.4897,0.6026,0.7103,0.7037,0.717
1993,AL_329,AL,numeric,raw,mean,0.4897,0.6026,0.7103,0.7037,0.717
1994,AL_329,AL,numeric,significand,mean,0.4897,0.6026,0.7103,0.7037,0.717
1995,AL_329,AL,numeric,sig4figs,mean,0.4897,0.6026,0.7103,0.7037,0.717
1996,AL_40,AL,numeric,significand,median,0.3763,0.5769,0.708,0.7407,0.678
1997,AL_49,AL,numeric,significand,median,0.3763,0.5769,0.708,0.7407,0.678
1998,AL_49,AL,numeric,raw,mean,0.3763,0.5641,0.7069,0.7593,0.6613
1999,AL_49,AL,numeric,raw,median,0.3763,0.5641,0.7069,0.7593,0.6613
2000,AL_49,AL,numeric,sig4figs,mean,0.3763,0.5641,0.7069,0.7593,0.6613
2001,AL_49,AL,numeric,sig4figs,median,0.3763,0.5641,0.7069,0.7593,0.6613
2002,AL_321,AL,numeric,significand,median,0.4897,0.6154,0.7059,0.6667,0.75
2003,EK_1,EK,numeric,raw,median,0.0593,0.6026,0.7048,0.6852,0.7255
2004,AL_298,AL,numeric,significand,mean,0.4897,0.5897,0.7037,0.7037,0.7037
2005,AL_334,AL,numeric,raw,mean,0.4897,0.5897,0.7037,0.7037,0.7037
2006,AL_334,AL,numeric,significand,mean,0.4897,0.5897,0.7037,0.7037,0.7037
2007,AL_334,AL,numeric,sig4figs,mean,0.4897,0.5897,0.7037,0.7037,0.7037
2008,AL_73,AL,numeric,raw,median,0.3763,0.5769,0.7027,0.7222,0.6842
2009,AL_73,AL,numeric,sig4figs,median,0.3763,0.5769,0.7027,0.7222,0.6842
2010,AL_318,AL,numeric,raw,mean,0.4897,0.5641,0.7018,0.7407,0.6667
2011,AL_318,AL,numeric,significand,mean,0.4897,0.5641,0.7018,0.7407,0.6667
2012,AL_318,AL,numeric,sig4figs,mean,0.4897,0.5641,0.7018,0.7407,0.6667
2013,AL_10,AL,numeric,raw,median,0.4459,0.6154,0.7,0.6481,0.7609
2014,AL_10,AL,numeric,sig4figs,median,0.4459,0.6154,0.7,0.6481,0.7609
2015,AL_13,AL,numeric,significand,mean,0.4459,0.6154,0.7,0.6481,0.7609
2016,AL_186,AL,numeric,significand,median,0.2603,0.5769,0.6972,0.7037,0.6909
2017,AL_310,AL,numeric,raw,median,0.4897,0.5769,0.6972,0.7037,0.6909
2018,AL_310,AL,numeric,sig4figs,median,0.4897,0.5769,0.6972,0.7037,0.6909
2019,AL_315,AL,numeric,raw,mean,0.4897,0.5769,0.6972,0.7037,0.6909
2020,AL_315,AL,numeric,raw,median,0.4897,0.5769,0.6972,0.7037,0.6909
2021,AL_315,AL,numeric,sig4figs,mean,0.4897,0.5769,0.6972,0.7037,0.6909
2022,AL_315,AL,numeric,sig4figs,median,0.4897,0.5769,0.6972,0.7037,0.6909
2023,AL_46,AL,numeric,significand,mean,0.3763,0.5641,0.6964,0.7222,0.6724
2024,AL_313,AL,numeric,raw,mean,0.4897,0.5897,0.6923,0.6667,0.72
2025,AL_313,AL,numeric,significand,mean,0.4897,0.5897,0.6923,0.6667,0.72
2026,AL_313,AL,numeric,sig4figs,mean,0.4897,0.5897,0.6923,0.6667,0.72
2027,AL_311,AL,numeric,raw,mean,0.4897,0.5769,0.6916,0.6852,0.6981
2028,AL_311,AL,numeric,sig4figs,mean,0.4897,0.5769,0.6916,0.6852,0.6981
2029,AL_310,AL,numeric,raw,mean,0.4897,0.5641,0.6909,0.7037,0.6786
2030,AL_310,AL,numeric,significand,mean,0.4897,0.5641,0.6909,0.7037,0.6786
2031,AL_310,AL,numeric,significand,median,0.4897,0.5641,0.6909,0.7037,0.6786
2032,AL_310,AL,numeric,sig4figs,mean,0.4897,0.5641,0.6909,0.7037,0.6786
2033,AL_14,AL,numeric,significand,mean,0.4459,0.6282,0.6813,0.5741,0.8378
2034,AL_295,AL,numeric,raw,mean,0.4897,0.5897,0.68,0.6296,0.7391
2035,AL_295,AL,numeric,raw,median,0.4897,0.5897,0.68,0.6296,0.7391
2036,AL_295,AL,numeric,significand,mean,0.4897,0.5897,0.68,0.6296,0.7391
2037,AL_295,AL,numeric,significand,median,0.4897,0.5897,0.68,0.6296,0.7391
2038,AL_295,AL,numeric,sig4figs,mean,0.4897,0.5897,0.68,0.6296,0.7391
2039,AL_295,AL,numeric,sig4figs,median,0.4897,0.5897,0.68,0.6296,0.7391
2040,AL_7,AL,numeric,significand,mean,0.4459,0.5769,0.6796,0.6481,0.7143
2041,AL_26,AL,numeric,significand,median,0.4278,0.5769,0.6796,0.6481,0.7143
2042,AL_298,AL,numeric,raw,median,0.4897,0.5769,0.6796,0.6481,0.7143
2043,AL_298,AL,numeric,sig4figs,median,0.4897,0.5769,0.6796,0.6481,0.7143
2044,AL_314,AL,numeric,raw,mean,0.4897,0.5769,0.6796,0.6481,0.7143
2045,AL_314,AL,numeric,raw,median,0.4897,0.5769,0.6796,0.6481,0.7143
2046,AL_314,AL,numeric,significand,mean,0.4897,0.5769,0.6796,0.6481,0.7143
2047,AL_314,AL,numeric,significand,median,0.4897,0.5769,0.6796,0.6481,0.7143
2048,AL_314,AL,numeric,sig4figs,mean,0.4897,0.5769,0.6796,0.6481,0.7143
2049,AL_314,AL,numeric,sig4figs,median,0.4897,0.5769,0.6796,0.6481,0.7143
2050,AL_26,AL,numeric,significand,mean,0.4278,0.5641,0.6792,0.6667,0.6923
2051,AL_8,AL,numeric,significand,mean,0.4459,0.5513,0.6789,0.6852,0.6727
2052,AL_8,AL,numeric,significand,median,0.4459,0.5513,0.6789,0.6852,0.6727
2053,AL_14,AL,numeric,significand,median,0.4459,0.6154,0.6739,0.5741,0.8158
2054,AL_311,AL,numeric,raw,median,0.4897,0.5513,0.6729,0.6667,0.6792
2055,AL_311,AL,numeric,sig4figs,median,0.4897,0.5513,0.6729,0.6667,0.6792
2056,AL_331,AL,numeric,significand,mean,0.4897,0.5385,0.6727,0.6852,0.6607
2057,AL_331,AL,numeric,significand,median,0.4897,0.5385,0.6727,0.6852,0.6607
2058,AL_12,AL,numeric,significand,mean,0.4459,0.5513,0.6667,0.6481,0.6863
2059,AL_12,AL,numeric,significand,median,0.4459,0.5513,0.6667,0.6481,0.6863
2060,AL_325,AL,numeric,raw,mean,0.4897,0.5385,0.6538,0.6296,0.68
2061,AL_325,AL,numeric,significand,mean,0.4897,0.5385,0.6538,0.6296,0.68
2062,AL_325,AL,numeric,sig4figs,mean,0.4897,0.5385,0.6538,0.6296,0.68
2063,AL_7,AL,numeric,significand,median,0.4459,0.5513,0.6465,0.5926,0.7111
2064,AL_321,AL,numeric,raw,mean,0.4897,0.5513,0.5882,0.463,0.8065
2065,AL_321,AL,numeric,significand,mean,0.4897,0.5513,0.5882,0.463,0.8065
2066,AL_321,AL,numeric,sig4figs,mean,0.4897,0.5513,0.5882,0.463,0.8065
